## SLURM PROLOG ###############################################################
##    Job ID : 14740572
##  Job Name : sjob_weaver
##  Nodelist : gpu1403
##      CPUs : 1
##  Mem/Node : 16384 MB
## Directory : /oscar/home/tgillin/files/weaver-core/weaver
##   Job Started : Mon Dec  8 09:31:53 AM EST 2025
###############################################################################
current host: gpu1403.oscar.ccv.brown.edu
current directory: /users/tgillin/files/weaver-core/weaver
current time: Mon Dec 8 09:31:53 AM EST 2025
[2025-12-08 09:32:08,163] INFO: args:
 - ('regression_mode', False)
 - ('data_config', '/oscar/data/lgouskos/training_runs/output_part_augmented_no_drop/data_config.yaml')
 - ('extra_selection', None)
 - ('extra_test_selection', None)
 - ('data_train', ['/oscar/data/lgouskos/training_runs/output_part_augmented_no_drop/sample_config_train.yaml'])
 - ('data_val', [])
 - ('data_test', ['/oscar/data/lgouskos/training_runs/output_part_augmented_no_drop/sample_config_test.yaml'])
 - ('data_fraction', 1)
 - ('file_fraction', 1)
 - ('fetch_by_files', False)
 - ('fetch_step', 0.01)
 - ('in_memory', False)
 - ('train_val_split', 0.8)
 - ('no_remake_weights', False)
 - ('demo', False)
 - ('lr_finder', None)
 - ('tensorboard', None)
 - ('tensorboard_custom_fn', None)
 - ('use_wandb', False)
 - ('wandb_project', 'weaver-training')
 - ('wandb_entity', None)
 - ('wandb_name', None)
 - ('wandb_tags', None)
 - ('wandb_notes', None)
 - ('network_config', '/oscar/data/lgouskos/training_runs/output_part_augmented_no_drop/model_config.py')
 - ('network_option', [])
 - ('model_prefix', '/oscar/data/lgouskos/training_runs/output_part_augmented_no_drop/network')
 - ('load_model_weights', None)
 - ('exclude_model_weights', None)
 - ('freeze_model_weights', None)
 - ('num_epochs', 50)
 - ('steps_per_epoch', 300)
 - ('steps_per_epoch_val', 75)
 - ('samples_per_epoch', None)
 - ('samples_per_epoch_val', None)
 - ('optimizer', 'ranger')
 - ('optimizer_option', [])
 - ('lr_scheduler', 'flat+decay')
 - ('warmup_steps', 0)
 - ('load_epoch', None)
 - ('start_lr', 0.005)
 - ('batch_size', 512)
 - ('predict_batch_size', 512)
 - ('use_amp', False)
 - ('gpus', '0')
 - ('predict_gpus', '0')
 - ('num_workers', 0)
 - ('predict', False)
 - ('predict_output', '/oscar/data/lgouskos/training_runs/output_part_augmented_no_drop/output.root')
 - ('export_onnx', None)
 - ('onnx_opset', 15)
 - ('io_test', False)
 - ('copy_inputs', True)
 - ('log', '')
 - ('print', False)
 - ('profile', False)
 - ('backend', None)
 - ('cross_validation', None)
 - ('augment', True)
 - ('aug_rotation', True)
 - ('aug_reflection', True)
 - ('aug_dropout', 0.1)
 - ('aug_reflection_prob', 0.5)
 - ('local_rank', None)
[2025-12-08 09:32:08,163] INFO: Running in classification mode
HERE
1
ALSO HERE
[2025-12-08 09:32:12,596] INFO: Reading sample list /oscar/data/lgouskos/training_runs/output_part_augmented_no_drop/sample_config_train.yaml for training data.
[2025-12-08 09:32:13,185] INFO: Copied file /HEP/data/share/aleph/aleph-data/ntuples_new/mc/output_qqb_0_train.root to /tmp/tmpjsiscqd8/HEP/data/share/aleph/aleph-data/ntuples_new/mc/output_qqb_0_train.root
[2025-12-08 09:32:13,669] INFO: Copied file /HEP/data/share/aleph/aleph-data/ntuples_new/mc/output_qqb_10_train.root to /tmp/tmpjsiscqd8/HEP/data/share/aleph/aleph-data/ntuples_new/mc/output_qqb_10_train.root
[2025-12-08 09:32:13,967] INFO: Copied file /HEP/data/share/aleph/aleph-data/ntuples_new/mc/output_qqb_11_train.root to /tmp/tmpjsiscqd8/HEP/data/share/aleph/aleph-data/ntuples_new/mc/output_qqb_11_train.root
[2025-12-08 09:32:14,804] INFO: Copied file /HEP/data/share/aleph/aleph-data/ntuples_new/mc/output_qqb_12_train.root to /tmp/tmpjsiscqd8/HEP/data/share/aleph/aleph-data/ntuples_new/mc/output_qqb_12_train.root
[2025-12-08 09:32:15,432] INFO: Copied file /HEP/data/share/aleph/aleph-data/ntuples_new/mc/output_qqb_13_train.root to /tmp/tmpjsiscqd8/HEP/data/share/aleph/aleph-data/ntuples_new/mc/output_qqb_13_train.root
[2025-12-08 09:32:15,812] INFO: Copied file /HEP/data/share/aleph/aleph-data/ntuples_new/mc/output_qqb_14_train.root to /tmp/tmpjsiscqd8/HEP/data/share/aleph/aleph-data/ntuples_new/mc/output_qqb_14_train.root
[2025-12-08 09:32:16,140] INFO: Copied file /HEP/data/share/aleph/aleph-data/ntuples_new/mc/output_qqb_15_train.root to /tmp/tmpjsiscqd8/HEP/data/share/aleph/aleph-data/ntuples_new/mc/output_qqb_15_train.root
[2025-12-08 09:32:16,473] INFO: Copied file /HEP/data/share/aleph/aleph-data/ntuples_new/mc/output_qqb_16_train.root to /tmp/tmpjsiscqd8/HEP/data/share/aleph/aleph-data/ntuples_new/mc/output_qqb_16_train.root
[2025-12-08 09:32:16,971] INFO: Copied file /HEP/data/share/aleph/aleph-data/ntuples_new/mc/output_qqb_17_train.root to /tmp/tmpjsiscqd8/HEP/data/share/aleph/aleph-data/ntuples_new/mc/output_qqb_17_train.root
[2025-12-08 09:32:17,302] INFO: Copied file /HEP/data/share/aleph/aleph-data/ntuples_new/mc/output_qqb_18_train.root to /tmp/tmpjsiscqd8/HEP/data/share/aleph/aleph-data/ntuples_new/mc/output_qqb_18_train.root
[2025-12-08 09:32:17,727] INFO: Copied file /HEP/data/share/aleph/aleph-data/ntuples_new/mc/output_qqb_19_train.root to /tmp/tmpjsiscqd8/HEP/data/share/aleph/aleph-data/ntuples_new/mc/output_qqb_19_train.root
[2025-12-08 09:32:17,993] INFO: Copied file /HEP/data/share/aleph/aleph-data/ntuples_new/mc/output_qqb_1_train.root to /tmp/tmpjsiscqd8/HEP/data/share/aleph/aleph-data/ntuples_new/mc/output_qqb_1_train.root
[2025-12-08 09:32:18,848] INFO: Copied file /HEP/data/share/aleph/aleph-data/ntuples_new/mc/output_qqb_20_train.root to /tmp/tmpjsiscqd8/HEP/data/share/aleph/aleph-data/ntuples_new/mc/output_qqb_20_train.root
[2025-12-08 09:32:19,705] INFO: Copied file /HEP/data/share/aleph/aleph-data/ntuples_new/mc/output_qqb_21_train.root to /tmp/tmpjsiscqd8/HEP/data/share/aleph/aleph-data/ntuples_new/mc/output_qqb_21_train.root
[2025-12-08 09:32:19,988] INFO: Copied file /HEP/data/share/aleph/aleph-data/ntuples_new/mc/output_qqb_22_train.root to /tmp/tmpjsiscqd8/HEP/data/share/aleph/aleph-data/ntuples_new/mc/output_qqb_22_train.root
[2025-12-08 09:32:20,374] INFO: Copied file /HEP/data/share/aleph/aleph-data/ntuples_new/mc/output_qqb_23_train.root to /tmp/tmpjsiscqd8/HEP/data/share/aleph/aleph-data/ntuples_new/mc/output_qqb_23_train.root
[2025-12-08 09:32:21,003] INFO: Copied file /HEP/data/share/aleph/aleph-data/ntuples_new/mc/output_qqb_24_train.root to /tmp/tmpjsiscqd8/HEP/data/share/aleph/aleph-data/ntuples_new/mc/output_qqb_24_train.root
[2025-12-08 09:32:21,492] INFO: Copied file /HEP/data/share/aleph/aleph-data/ntuples_new/mc/output_qqb_25_train.root to /tmp/tmpjsiscqd8/HEP/data/share/aleph/aleph-data/ntuples_new/mc/output_qqb_25_train.root
[2025-12-08 09:32:21,756] INFO: Copied file /HEP/data/share/aleph/aleph-data/ntuples_new/mc/output_qqb_26_train.root to /tmp/tmpjsiscqd8/HEP/data/share/aleph/aleph-data/ntuples_new/mc/output_qqb_26_train.root
[2025-12-08 09:32:22,554] INFO: Copied file /HEP/data/share/aleph/aleph-data/ntuples_new/mc/output_qqb_27_train.root to /tmp/tmpjsiscqd8/HEP/data/share/aleph/aleph-data/ntuples_new/mc/output_qqb_27_train.root
[2025-12-08 09:32:23,208] INFO: Copied file /HEP/data/share/aleph/aleph-data/ntuples_new/mc/output_qqb_28_train.root to /tmp/tmpjsiscqd8/HEP/data/share/aleph/aleph-data/ntuples_new/mc/output_qqb_28_train.root
[2025-12-08 09:32:23,614] INFO: Copied file /HEP/data/share/aleph/aleph-data/ntuples_new/mc/output_qqb_29_train.root to /tmp/tmpjsiscqd8/HEP/data/share/aleph/aleph-data/ntuples_new/mc/output_qqb_29_train.root
[2025-12-08 09:32:24,735] INFO: Copied file /HEP/data/share/aleph/aleph-data/ntuples_new/mc/output_qqb_2_train.root to /tmp/tmpjsiscqd8/HEP/data/share/aleph/aleph-data/ntuples_new/mc/output_qqb_2_train.root
[2025-12-08 09:32:25,204] INFO: Copied file /HEP/data/share/aleph/aleph-data/ntuples_new/mc/output_qqb_30_train.root to /tmp/tmpjsiscqd8/HEP/data/share/aleph/aleph-data/ntuples_new/mc/output_qqb_30_train.root
[2025-12-08 09:32:26,068] INFO: Copied file /HEP/data/share/aleph/aleph-data/ntuples_new/mc/output_qqb_31_train.root to /tmp/tmpjsiscqd8/HEP/data/share/aleph/aleph-data/ntuples_new/mc/output_qqb_31_train.root
[2025-12-08 09:32:26,873] INFO: Copied file /HEP/data/share/aleph/aleph-data/ntuples_new/mc/output_qqb_32_train.root to /tmp/tmpjsiscqd8/HEP/data/share/aleph/aleph-data/ntuples_new/mc/output_qqb_32_train.root
[2025-12-08 09:32:28,118] INFO: Copied file /HEP/data/share/aleph/aleph-data/ntuples_new/mc/output_qqb_33_train.root to /tmp/tmpjsiscqd8/HEP/data/share/aleph/aleph-data/ntuples_new/mc/output_qqb_33_train.root
[2025-12-08 09:32:28,887] INFO: Copied file /HEP/data/share/aleph/aleph-data/ntuples_new/mc/output_qqb_34_train.root to /tmp/tmpjsiscqd8/HEP/data/share/aleph/aleph-data/ntuples_new/mc/output_qqb_34_train.root
[2025-12-08 09:32:29,517] INFO: Copied file /HEP/data/share/aleph/aleph-data/ntuples_new/mc/output_qqb_35_train.root to /tmp/tmpjsiscqd8/HEP/data/share/aleph/aleph-data/ntuples_new/mc/output_qqb_35_train.root
[2025-12-08 09:32:29,814] INFO: Copied file /HEP/data/share/aleph/aleph-data/ntuples_new/mc/output_qqb_36_train.root to /tmp/tmpjsiscqd8/HEP/data/share/aleph/aleph-data/ntuples_new/mc/output_qqb_36_train.root
[2025-12-08 09:32:30,295] INFO: Copied file /HEP/data/share/aleph/aleph-data/ntuples_new/mc/output_qqb_37_train.root to /tmp/tmpjsiscqd8/HEP/data/share/aleph/aleph-data/ntuples_new/mc/output_qqb_37_train.root
[2025-12-08 09:32:30,900] INFO: Copied file /HEP/data/share/aleph/aleph-data/ntuples_new/mc/output_qqb_38_train.root to /tmp/tmpjsiscqd8/HEP/data/share/aleph/aleph-data/ntuples_new/mc/output_qqb_38_train.root
[2025-12-08 09:32:31,308] INFO: Copied file /HEP/data/share/aleph/aleph-data/ntuples_new/mc/output_qqb_39_train.root to /tmp/tmpjsiscqd8/HEP/data/share/aleph/aleph-data/ntuples_new/mc/output_qqb_39_train.root
[2025-12-08 09:32:32,173] INFO: Copied file /HEP/data/share/aleph/aleph-data/ntuples_new/mc/output_qqb_3_train.root to /tmp/tmpjsiscqd8/HEP/data/share/aleph/aleph-data/ntuples_new/mc/output_qqb_3_train.root
[2025-12-08 09:32:32,505] INFO: Copied file /HEP/data/share/aleph/aleph-data/ntuples_new/mc/output_qqb_40_train.root to /tmp/tmpjsiscqd8/HEP/data/share/aleph/aleph-data/ntuples_new/mc/output_qqb_40_train.root
[2025-12-08 09:32:32,964] INFO: Copied file /HEP/data/share/aleph/aleph-data/ntuples_new/mc/output_qqb_41_train.root to /tmp/tmpjsiscqd8/HEP/data/share/aleph/aleph-data/ntuples_new/mc/output_qqb_41_train.root
[2025-12-08 09:32:33,691] INFO: Copied file /HEP/data/share/aleph/aleph-data/ntuples_new/mc/output_qqb_42_train.root to /tmp/tmpjsiscqd8/HEP/data/share/aleph/aleph-data/ntuples_new/mc/output_qqb_42_train.root
[2025-12-08 09:32:34,340] INFO: Copied file /HEP/data/share/aleph/aleph-data/ntuples_new/mc/output_qqb_43_train.root to /tmp/tmpjsiscqd8/HEP/data/share/aleph/aleph-data/ntuples_new/mc/output_qqb_43_train.root
[2025-12-08 09:32:34,750] INFO: Copied file /HEP/data/share/aleph/aleph-data/ntuples_new/mc/output_qqb_44_train.root to /tmp/tmpjsiscqd8/HEP/data/share/aleph/aleph-data/ntuples_new/mc/output_qqb_44_train.root
[2025-12-08 09:32:35,133] INFO: Copied file /HEP/data/share/aleph/aleph-data/ntuples_new/mc/output_qqb_45_train.root to /tmp/tmpjsiscqd8/HEP/data/share/aleph/aleph-data/ntuples_new/mc/output_qqb_45_train.root
[2025-12-08 09:32:35,657] INFO: Copied file /HEP/data/share/aleph/aleph-data/ntuples_new/mc/output_qqb_46_train.root to /tmp/tmpjsiscqd8/HEP/data/share/aleph/aleph-data/ntuples_new/mc/output_qqb_46_train.root
[2025-12-08 09:32:36,133] INFO: Copied file /HEP/data/share/aleph/aleph-data/ntuples_new/mc/output_qqb_47_train.root to /tmp/tmpjsiscqd8/HEP/data/share/aleph/aleph-data/ntuples_new/mc/output_qqb_47_train.root
[2025-12-08 09:32:37,001] INFO: Copied file /HEP/data/share/aleph/aleph-data/ntuples_new/mc/output_qqb_48_train.root to /tmp/tmpjsiscqd8/HEP/data/share/aleph/aleph-data/ntuples_new/mc/output_qqb_48_train.root
[2025-12-08 09:32:37,753] INFO: Copied file /HEP/data/share/aleph/aleph-data/ntuples_new/mc/output_qqb_49_train.root to /tmp/tmpjsiscqd8/HEP/data/share/aleph/aleph-data/ntuples_new/mc/output_qqb_49_train.root
[2025-12-08 09:32:38,310] INFO: Copied file /HEP/data/share/aleph/aleph-data/ntuples_new/mc/output_qqb_4_train.root to /tmp/tmpjsiscqd8/HEP/data/share/aleph/aleph-data/ntuples_new/mc/output_qqb_4_train.root
[2025-12-08 09:32:38,665] INFO: Copied file /HEP/data/share/aleph/aleph-data/ntuples_new/mc/output_qqb_50_train.root to /tmp/tmpjsiscqd8/HEP/data/share/aleph/aleph-data/ntuples_new/mc/output_qqb_50_train.root
[2025-12-08 09:32:39,488] INFO: Copied file /HEP/data/share/aleph/aleph-data/ntuples_new/mc/output_qqb_51_train.root to /tmp/tmpjsiscqd8/HEP/data/share/aleph/aleph-data/ntuples_new/mc/output_qqb_51_train.root
[2025-12-08 09:32:40,207] INFO: Copied file /HEP/data/share/aleph/aleph-data/ntuples_new/mc/output_qqb_52_train.root to /tmp/tmpjsiscqd8/HEP/data/share/aleph/aleph-data/ntuples_new/mc/output_qqb_52_train.root
[2025-12-08 09:32:40,974] INFO: Copied file /HEP/data/share/aleph/aleph-data/ntuples_new/mc/output_qqb_53_train.root to /tmp/tmpjsiscqd8/HEP/data/share/aleph/aleph-data/ntuples_new/mc/output_qqb_53_train.root
[2025-12-08 09:32:41,244] INFO: Copied file /HEP/data/share/aleph/aleph-data/ntuples_new/mc/output_qqb_54_train.root to /tmp/tmpjsiscqd8/HEP/data/share/aleph/aleph-data/ntuples_new/mc/output_qqb_54_train.root
[2025-12-08 09:32:41,560] INFO: Copied file /HEP/data/share/aleph/aleph-data/ntuples_new/mc/output_qqb_55_train.root to /tmp/tmpjsiscqd8/HEP/data/share/aleph/aleph-data/ntuples_new/mc/output_qqb_55_train.root
[2025-12-08 09:32:42,247] INFO: Copied file /HEP/data/share/aleph/aleph-data/ntuples_new/mc/output_qqb_56_train.root to /tmp/tmpjsiscqd8/HEP/data/share/aleph/aleph-data/ntuples_new/mc/output_qqb_56_train.root
[2025-12-08 09:32:42,653] INFO: Copied file /HEP/data/share/aleph/aleph-data/ntuples_new/mc/output_qqb_57_train.root to /tmp/tmpjsiscqd8/HEP/data/share/aleph/aleph-data/ntuples_new/mc/output_qqb_57_train.root
[2025-12-08 09:32:43,234] INFO: Copied file /HEP/data/share/aleph/aleph-data/ntuples_new/mc/output_qqb_58_train.root to /tmp/tmpjsiscqd8/HEP/data/share/aleph/aleph-data/ntuples_new/mc/output_qqb_58_train.root
[2025-12-08 09:32:43,706] INFO: Copied file /HEP/data/share/aleph/aleph-data/ntuples_new/mc/output_qqb_59_train.root to /tmp/tmpjsiscqd8/HEP/data/share/aleph/aleph-data/ntuples_new/mc/output_qqb_59_train.root
[2025-12-08 09:32:44,058] INFO: Copied file /HEP/data/share/aleph/aleph-data/ntuples_new/mc/output_qqb_5_train.root to /tmp/tmpjsiscqd8/HEP/data/share/aleph/aleph-data/ntuples_new/mc/output_qqb_5_train.root
[2025-12-08 09:32:44,793] INFO: Copied file /HEP/data/share/aleph/aleph-data/ntuples_new/mc/output_qqb_60_train.root to /tmp/tmpjsiscqd8/HEP/data/share/aleph/aleph-data/ntuples_new/mc/output_qqb_60_train.root
[2025-12-08 09:32:45,605] INFO: Copied file /HEP/data/share/aleph/aleph-data/ntuples_new/mc/output_qqb_61_train.root to /tmp/tmpjsiscqd8/HEP/data/share/aleph/aleph-data/ntuples_new/mc/output_qqb_61_train.root
[2025-12-08 09:32:46,157] INFO: Copied file /HEP/data/share/aleph/aleph-data/ntuples_new/mc/output_qqb_62_train.root to /tmp/tmpjsiscqd8/HEP/data/share/aleph/aleph-data/ntuples_new/mc/output_qqb_62_train.root
[2025-12-08 09:32:46,809] INFO: Copied file /HEP/data/share/aleph/aleph-data/ntuples_new/mc/output_qqb_63_train.root to /tmp/tmpjsiscqd8/HEP/data/share/aleph/aleph-data/ntuples_new/mc/output_qqb_63_train.root
[2025-12-08 09:32:47,534] INFO: Copied file /HEP/data/share/aleph/aleph-data/ntuples_new/mc/output_qqb_64_train.root to /tmp/tmpjsiscqd8/HEP/data/share/aleph/aleph-data/ntuples_new/mc/output_qqb_64_train.root
[2025-12-08 09:32:47,854] INFO: Copied file /HEP/data/share/aleph/aleph-data/ntuples_new/mc/output_qqb_65_train.root to /tmp/tmpjsiscqd8/HEP/data/share/aleph/aleph-data/ntuples_new/mc/output_qqb_65_train.root
[2025-12-08 09:32:48,184] INFO: Copied file /HEP/data/share/aleph/aleph-data/ntuples_new/mc/output_qqb_66_train.root to /tmp/tmpjsiscqd8/HEP/data/share/aleph/aleph-data/ntuples_new/mc/output_qqb_66_train.root
[2025-12-08 09:32:48,708] INFO: Copied file /HEP/data/share/aleph/aleph-data/ntuples_new/mc/output_qqb_67_train.root to /tmp/tmpjsiscqd8/HEP/data/share/aleph/aleph-data/ntuples_new/mc/output_qqb_67_train.root
[2025-12-08 09:32:49,538] INFO: Copied file /HEP/data/share/aleph/aleph-data/ntuples_new/mc/output_qqb_68_train.root to /tmp/tmpjsiscqd8/HEP/data/share/aleph/aleph-data/ntuples_new/mc/output_qqb_68_train.root
[2025-12-08 09:32:50,105] INFO: Copied file /HEP/data/share/aleph/aleph-data/ntuples_new/mc/output_qqb_69_train.root to /tmp/tmpjsiscqd8/HEP/data/share/aleph/aleph-data/ntuples_new/mc/output_qqb_69_train.root
[2025-12-08 09:32:50,447] INFO: Copied file /HEP/data/share/aleph/aleph-data/ntuples_new/mc/output_qqb_6_train.root to /tmp/tmpjsiscqd8/HEP/data/share/aleph/aleph-data/ntuples_new/mc/output_qqb_6_train.root
[2025-12-08 09:32:50,854] INFO: Copied file /HEP/data/share/aleph/aleph-data/ntuples_new/mc/output_qqb_7_train.root to /tmp/tmpjsiscqd8/HEP/data/share/aleph/aleph-data/ntuples_new/mc/output_qqb_7_train.root
[2025-12-08 09:32:51,277] INFO: Copied file /HEP/data/share/aleph/aleph-data/ntuples_new/mc/output_qqb_8_train.root to /tmp/tmpjsiscqd8/HEP/data/share/aleph/aleph-data/ntuples_new/mc/output_qqb_8_train.root
[2025-12-08 09:32:51,645] INFO: Copied file /HEP/data/share/aleph/aleph-data/ntuples_new/mc/output_qqb_9_train.root to /tmp/tmpjsiscqd8/HEP/data/share/aleph/aleph-data/ntuples_new/mc/output_qqb_9_train.root
[2025-12-08 09:32:51,645] INFO: Using 70 files for training, range: (0, 0.8)
[2025-12-08 09:32:51,645] INFO: Using 70 files for validation, range: (0.8, 1)
[2025-12-08 09:32:51,645] INFO: Data augmentation ENABLED:
[2025-12-08 09:32:51,645] INFO:   - Rotation: True
[2025-12-08 09:32:51,645] INFO:   - Reflection: True (prob=0.50)
[2025-12-08 09:32:51,645] INFO:   - Dropout: 0.10
[2025-12-08 09:32:51,658] INFO: [0;37mpreprocess config: {'method': 'manual', 'data_fraction': 0.5, 'params': None}[0m
[2025-12-08 09:32:51,658] INFO: [0;37mselection: None[0m
[2025-12-08 09:32:51,658] INFO: [0;37mtest_time_selection: None[0m
[2025-12-08 09:32:51,658] INFO: [0;37mvar_funcs:
 - ('pfcand_mask', 'ak.ones_like(pfcand_pt)')
 - ('pfcand_pt_log', 'np.log(pfcand_pt)')
 - ('pfcand_e_log', 'np.log(pfcand_e)')
 - ('pfcand_drrel', 'np.hypot(pfcand_thetarel, pfcand_phirel)')
 - ('_label_', 'np.argmax(np.stack([ak.to_numpy(recojet_isB),ak.to_numpy(recojet_isC),ak.to_numpy(recojet_isUDSG)], axis=1), axis=1)')
 - ('_labelcheck_', 'np.sum(np.stack([ak.to_numpy(recojet_isB),ak.to_numpy(recojet_isC),ak.to_numpy(recojet_isUDSG)], axis=1), axis=1)')[0m
[2025-12-08 09:32:51,658] INFO: [0;37minput_names: ('pf_points', 'pf_features', 'pf_vectors', 'pf_mask')[0m
[2025-12-08 09:32:51,659] INFO: [0;37minput_dicts:
 - ('pf_points', ['pfcand_thetarel', 'pfcand_phirel'])
 - ('pf_features', ['pfcand_pt_log', 'pfcand_e_log', 'pfcand_ptrel_log', 'pfcand_erel_log', 'pfcand_drrel', 'pfcand_charge', 'pfcand_dxy', 'pfcand_dz', 'pfcand_btagSip2dVal', 'pfcand_btagSip2dSig', 'pfcand_btagSip3dVal', 'pfcand_btagSip3dSig', 'pfcand_btagJetDistVal', 'pfcand_btagJetDistSig', 'pfcand_isChargedHad', 'pfcand_isNeutralHad', 'pfcand_isGamma', 'pfcand_isEl', 'pfcand_isMu', 'pfcand_thetarel', 'pfcand_phirel'])
 - ('pf_vectors', ['pfcand_px', 'pfcand_py', 'pfcand_pz', 'pfcand_e'])
 - ('pf_mask', ['pfcand_mask'])[0m
[2025-12-08 09:32:51,659] INFO: [0;37minput_shapes:
 - ('pf_points', (-1, 2, 128))
 - ('pf_features', (-1, 21, 128))
 - ('pf_vectors', (-1, 4, 128))
 - ('pf_mask', (-1, 1, 128))[0m
[2025-12-08 09:32:51,659] INFO: [0;37mpreprocess_params:
 - ('pfcand_thetarel', {'length': 128, 'pad_mode': 'wrap', 'center': 0.26486697793006897, 'scale': 1.9680695507223587, 'min': -5, 'max': 5, 'pad_value': 0})
 - ('pfcand_phirel', {'length': 128, 'pad_mode': 'wrap', 'center': 0.0037111996207386255, 'scale': 0.47336095197049816, 'min': -5, 'max': 5, 'pad_value': 0})
 - ('pfcand_pt_log', {'length': 128, 'pad_mode': 'wrap', 'center': -0.13305556774139404, 'scale': 0.827791254166282, 'min': -5, 'max': 5, 'pad_value': 0})
 - ('pfcand_e_log', {'length': 128, 'pad_mode': 'wrap', 'center': 0.1681383103132248, 'scale': 0.8481578564749356, 'min': -5, 'max': 5, 'pad_value': 0})
 - ('pfcand_ptrel_log', {'length': 128, 'pad_mode': 'wrap', 'center': -1.4982284307479858, 'scale': 1.9585725618502066, 'min': -5, 'max': 5, 'pad_value': 0})
 - ('pfcand_erel_log', {'length': 128, 'pad_mode': 'wrap', 'center': -1.5542786121368408, 'scale': 1.9562823024376441, 'min': -5, 'max': 5, 'pad_value': 0})
 - ('pfcand_drrel', {'length': 128, 'pad_mode': 'wrap', 'center': 1.6677457094192505, 'scale': 1.0010387566141992, 'min': -5, 'max': 5, 'pad_value': 0})
 - ('pfcand_charge', {'length': 128, 'pad_mode': 'wrap', 'center': None, 'scale': 1, 'min': -5, 'max': 5, 'pad_value': 0})
 - ('pfcand_dxy', {'length': 128, 'pad_mode': 'wrap', 'center': 5.253956805972848e-05, 'scale': 19.495524667385425, 'min': -5, 'max': 5, 'pad_value': 0})
 - ('pfcand_dz', {'length': 128, 'pad_mode': 'wrap', 'center': 5.28650957676291e-07, 'scale': 10.923908875185807, 'min': -5, 'max': 5, 'pad_value': 0})
 - ('pfcand_btagSip2dVal', {'length': 128, 'pad_mode': 'wrap', 'center': 0.0027513556415215135, 'scale': 13.317985080530049, 'min': -5, 'max': 5, 'pad_value': 0})
 - ('pfcand_btagSip2dSig', {'length': 128, 'pad_mode': 'wrap', 'center': 0.23264335840940475, 'scale': 0.2800017501744948, 'min': -5, 'max': 5, 'pad_value': 0})
 - ('pfcand_btagSip3dVal', {'length': 128, 'pad_mode': 'wrap', 'center': 0.0061514347326010466, 'scale': 5.800663959667922, 'min': -5, 'max': 5, 'pad_value': 0})
 - ('pfcand_btagSip3dSig', {'length': 128, 'pad_mode': 'wrap', 'center': 0.24785490334033966, 'scale': 0.2549383475375565, 'min': -5, 'max': 5, 'pad_value': 0})
 - ('pfcand_btagJetDistVal', {'length': 128, 'pad_mode': 'wrap', 'center': 2.8378995011735242e-05, 'scale': 17.293117991569424, 'min': -5, 'max': 5, 'pad_value': 0})
 - ('pfcand_btagJetDistSig', {'length': 128, 'pad_mode': 'wrap', 'center': 0.000925663742236793, 'scale': 0.5738865335566006, 'min': -5, 'max': 5, 'pad_value': 0})
 - ('pfcand_isChargedHad', {'length': 128, 'pad_mode': 'wrap', 'center': None, 'scale': 1, 'min': -5, 'max': 5, 'pad_value': 0})
 - ('pfcand_isNeutralHad', {'length': 128, 'pad_mode': 'wrap', 'center': None, 'scale': 1, 'min': -5, 'max': 5, 'pad_value': 0})
 - ('pfcand_isGamma', {'length': 128, 'pad_mode': 'wrap', 'center': None, 'scale': 1, 'min': -5, 'max': 5, 'pad_value': 0})
 - ('pfcand_isEl', {'length': 128, 'pad_mode': 'wrap', 'center': None, 'scale': 1, 'min': -5, 'max': 5, 'pad_value': 0})
 - ('pfcand_isMu', {'length': 128, 'pad_mode': 'wrap', 'center': None, 'scale': 1, 'min': -5, 'max': 5, 'pad_value': 0})
 - ('pfcand_px', {'length': 128, 'pad_mode': 'wrap', 'center': None, 'scale': 1, 'min': -5, 'max': 5, 'pad_value': 0})
 - ('pfcand_py', {'length': 128, 'pad_mode': 'wrap', 'center': None, 'scale': 1, 'min': -5, 'max': 5, 'pad_value': 0})
 - ('pfcand_pz', {'length': 128, 'pad_mode': 'wrap', 'center': None, 'scale': 1, 'min': -5, 'max': 5, 'pad_value': 0})
 - ('pfcand_e', {'length': 128, 'pad_mode': 'wrap', 'center': None, 'scale': 1, 'min': -5, 'max': 5, 'pad_value': 0})
 - ('pfcand_mask', {'length': 128, 'pad_mode': 'constant', 'center': None, 'scale': 1, 'min': -5, 'max': 5, 'pad_value': 0})[0m
[2025-12-08 09:32:51,659] INFO: [0;37mlabel_names: ('_label_',)[0m
[2025-12-08 09:32:51,659] INFO: [0;37mobserver_names: ('recojet_pt', 'recojet_eta', 'recojet_theta', 'recojet_phi', 'recojet_e', 'recojet_mass', 'nconst')[0m
[2025-12-08 09:32:51,659] INFO: [0;37mmonitor_variables: ()[0m
[2025-12-08 09:32:51,669] INFO: [0;37mpreprocess config: {'method': 'manual', 'data_fraction': 0.5, 'params': None}[0m
[2025-12-08 09:32:51,669] INFO: [0;37mselection: None[0m
[2025-12-08 09:32:51,669] INFO: [0;37mtest_time_selection: None[0m
[2025-12-08 09:32:51,669] INFO: [0;37mvar_funcs:
 - ('pfcand_mask', 'ak.ones_like(pfcand_pt)')
 - ('pfcand_pt_log', 'np.log(pfcand_pt)')
 - ('pfcand_e_log', 'np.log(pfcand_e)')
 - ('pfcand_drrel', 'np.hypot(pfcand_thetarel, pfcand_phirel)')
 - ('_label_', 'np.argmax(np.stack([ak.to_numpy(recojet_isB),ak.to_numpy(recojet_isC),ak.to_numpy(recojet_isUDSG)], axis=1), axis=1)')
 - ('_labelcheck_', 'np.sum(np.stack([ak.to_numpy(recojet_isB),ak.to_numpy(recojet_isC),ak.to_numpy(recojet_isUDSG)], axis=1), axis=1)')[0m
[2025-12-08 09:32:51,669] INFO: [0;37minput_names: ('pf_points', 'pf_features', 'pf_vectors', 'pf_mask')[0m
[2025-12-08 09:32:51,669] INFO: [0;37minput_dicts:
 - ('pf_points', ['pfcand_thetarel', 'pfcand_phirel'])
 - ('pf_features', ['pfcand_pt_log', 'pfcand_e_log', 'pfcand_ptrel_log', 'pfcand_erel_log', 'pfcand_drrel', 'pfcand_charge', 'pfcand_dxy', 'pfcand_dz', 'pfcand_btagSip2dVal', 'pfcand_btagSip2dSig', 'pfcand_btagSip3dVal', 'pfcand_btagSip3dSig', 'pfcand_btagJetDistVal', 'pfcand_btagJetDistSig', 'pfcand_isChargedHad', 'pfcand_isNeutralHad', 'pfcand_isGamma', 'pfcand_isEl', 'pfcand_isMu', 'pfcand_thetarel', 'pfcand_phirel'])
 - ('pf_vectors', ['pfcand_px', 'pfcand_py', 'pfcand_pz', 'pfcand_e'])
 - ('pf_mask', ['pfcand_mask'])[0m
[2025-12-08 09:32:51,669] INFO: [0;37minput_shapes:
 - ('pf_points', (-1, 2, 128))
 - ('pf_features', (-1, 21, 128))
 - ('pf_vectors', (-1, 4, 128))
 - ('pf_mask', (-1, 1, 128))[0m
[2025-12-08 09:32:51,669] INFO: [0;37mpreprocess_params:
 - ('pfcand_thetarel', {'length': 128, 'pad_mode': 'wrap', 'center': 0.26486697793006897, 'scale': 1.9680695507223587, 'min': -5, 'max': 5, 'pad_value': 0})
 - ('pfcand_phirel', {'length': 128, 'pad_mode': 'wrap', 'center': 0.0037111996207386255, 'scale': 0.47336095197049816, 'min': -5, 'max': 5, 'pad_value': 0})
 - ('pfcand_pt_log', {'length': 128, 'pad_mode': 'wrap', 'center': -0.13305556774139404, 'scale': 0.827791254166282, 'min': -5, 'max': 5, 'pad_value': 0})
 - ('pfcand_e_log', {'length': 128, 'pad_mode': 'wrap', 'center': 0.1681383103132248, 'scale': 0.8481578564749356, 'min': -5, 'max': 5, 'pad_value': 0})
 - ('pfcand_ptrel_log', {'length': 128, 'pad_mode': 'wrap', 'center': -1.4982284307479858, 'scale': 1.9585725618502066, 'min': -5, 'max': 5, 'pad_value': 0})
 - ('pfcand_erel_log', {'length': 128, 'pad_mode': 'wrap', 'center': -1.5542786121368408, 'scale': 1.9562823024376441, 'min': -5, 'max': 5, 'pad_value': 0})
 - ('pfcand_drrel', {'length': 128, 'pad_mode': 'wrap', 'center': 1.6677457094192505, 'scale': 1.0010387566141992, 'min': -5, 'max': 5, 'pad_value': 0})
 - ('pfcand_charge', {'length': 128, 'pad_mode': 'wrap', 'center': None, 'scale': 1, 'min': -5, 'max': 5, 'pad_value': 0})
 - ('pfcand_dxy', {'length': 128, 'pad_mode': 'wrap', 'center': 5.253956805972848e-05, 'scale': 19.495524667385425, 'min': -5, 'max': 5, 'pad_value': 0})
 - ('pfcand_dz', {'length': 128, 'pad_mode': 'wrap', 'center': 5.28650957676291e-07, 'scale': 10.923908875185807, 'min': -5, 'max': 5, 'pad_value': 0})
 - ('pfcand_btagSip2dVal', {'length': 128, 'pad_mode': 'wrap', 'center': 0.0027513556415215135, 'scale': 13.317985080530049, 'min': -5, 'max': 5, 'pad_value': 0})
 - ('pfcand_btagSip2dSig', {'length': 128, 'pad_mode': 'wrap', 'center': 0.23264335840940475, 'scale': 0.2800017501744948, 'min': -5, 'max': 5, 'pad_value': 0})
 - ('pfcand_btagSip3dVal', {'length': 128, 'pad_mode': 'wrap', 'center': 0.0061514347326010466, 'scale': 5.800663959667922, 'min': -5, 'max': 5, 'pad_value': 0})
 - ('pfcand_btagSip3dSig', {'length': 128, 'pad_mode': 'wrap', 'center': 0.24785490334033966, 'scale': 0.2549383475375565, 'min': -5, 'max': 5, 'pad_value': 0})
 - ('pfcand_btagJetDistVal', {'length': 128, 'pad_mode': 'wrap', 'center': 2.8378995011735242e-05, 'scale': 17.293117991569424, 'min': -5, 'max': 5, 'pad_value': 0})
 - ('pfcand_btagJetDistSig', {'length': 128, 'pad_mode': 'wrap', 'center': 0.000925663742236793, 'scale': 0.5738865335566006, 'min': -5, 'max': 5, 'pad_value': 0})
 - ('pfcand_isChargedHad', {'length': 128, 'pad_mode': 'wrap', 'center': None, 'scale': 1, 'min': -5, 'max': 5, 'pad_value': 0})
 - ('pfcand_isNeutralHad', {'length': 128, 'pad_mode': 'wrap', 'center': None, 'scale': 1, 'min': -5, 'max': 5, 'pad_value': 0})
 - ('pfcand_isGamma', {'length': 128, 'pad_mode': 'wrap', 'center': None, 'scale': 1, 'min': -5, 'max': 5, 'pad_value': 0})
 - ('pfcand_isEl', {'length': 128, 'pad_mode': 'wrap', 'center': None, 'scale': 1, 'min': -5, 'max': 5, 'pad_value': 0})
 - ('pfcand_isMu', {'length': 128, 'pad_mode': 'wrap', 'center': None, 'scale': 1, 'min': -5, 'max': 5, 'pad_value': 0})
 - ('pfcand_px', {'length': 128, 'pad_mode': 'wrap', 'center': None, 'scale': 1, 'min': -5, 'max': 5, 'pad_value': 0})
 - ('pfcand_py', {'length': 128, 'pad_mode': 'wrap', 'center': None, 'scale': 1, 'min': -5, 'max': 5, 'pad_value': 0})
 - ('pfcand_pz', {'length': 128, 'pad_mode': 'wrap', 'center': None, 'scale': 1, 'min': -5, 'max': 5, 'pad_value': 0})
 - ('pfcand_e', {'length': 128, 'pad_mode': 'wrap', 'center': None, 'scale': 1, 'min': -5, 'max': 5, 'pad_value': 0})
 - ('pfcand_mask', {'length': 128, 'pad_mode': 'constant', 'center': None, 'scale': 1, 'min': -5, 'max': 5, 'pad_value': 0})[0m
[2025-12-08 09:32:51,669] INFO: [0;37mlabel_names: ('_label_',)[0m
[2025-12-08 09:32:51,669] INFO: [0;37mobserver_names: ()[0m
[2025-12-08 09:32:51,669] INFO: [0;37mmonitor_variables: ()[0m
[2025-12-08 09:32:51,677] INFO: [0;37mpreprocess config: {'method': 'manual', 'data_fraction': 0.5, 'params': None}[0m
[2025-12-08 09:32:51,677] INFO: [0;37mselection: None[0m
[2025-12-08 09:32:51,677] INFO: [0;37mtest_time_selection: None[0m
[2025-12-08 09:32:51,677] INFO: [0;37mvar_funcs:
 - ('pfcand_mask', 'ak.ones_like(pfcand_pt)')
 - ('pfcand_pt_log', 'np.log(pfcand_pt)')
 - ('pfcand_e_log', 'np.log(pfcand_e)')
 - ('pfcand_drrel', 'np.hypot(pfcand_thetarel, pfcand_phirel)')
 - ('_label_', 'np.argmax(np.stack([ak.to_numpy(recojet_isB),ak.to_numpy(recojet_isC),ak.to_numpy(recojet_isUDSG)], axis=1), axis=1)')
 - ('_labelcheck_', 'np.sum(np.stack([ak.to_numpy(recojet_isB),ak.to_numpy(recojet_isC),ak.to_numpy(recojet_isUDSG)], axis=1), axis=1)')[0m
[2025-12-08 09:32:51,677] INFO: [0;37minput_names: ('pf_points', 'pf_features', 'pf_vectors', 'pf_mask')[0m
[2025-12-08 09:32:51,677] INFO: [0;37minput_dicts:
 - ('pf_points', ['pfcand_thetarel', 'pfcand_phirel'])
 - ('pf_features', ['pfcand_pt_log', 'pfcand_e_log', 'pfcand_ptrel_log', 'pfcand_erel_log', 'pfcand_drrel', 'pfcand_charge', 'pfcand_dxy', 'pfcand_dz', 'pfcand_btagSip2dVal', 'pfcand_btagSip2dSig', 'pfcand_btagSip3dVal', 'pfcand_btagSip3dSig', 'pfcand_btagJetDistVal', 'pfcand_btagJetDistSig', 'pfcand_isChargedHad', 'pfcand_isNeutralHad', 'pfcand_isGamma', 'pfcand_isEl', 'pfcand_isMu', 'pfcand_thetarel', 'pfcand_phirel'])
 - ('pf_vectors', ['pfcand_px', 'pfcand_py', 'pfcand_pz', 'pfcand_e'])
 - ('pf_mask', ['pfcand_mask'])[0m
[2025-12-08 09:32:51,678] INFO: [0;37minput_shapes:
 - ('pf_points', (-1, 2, 128))
 - ('pf_features', (-1, 21, 128))
 - ('pf_vectors', (-1, 4, 128))
 - ('pf_mask', (-1, 1, 128))[0m
[2025-12-08 09:32:51,678] INFO: [0;37mpreprocess_params:
 - ('pfcand_thetarel', {'length': 128, 'pad_mode': 'wrap', 'center': 0.26486697793006897, 'scale': 1.9680695507223587, 'min': -5, 'max': 5, 'pad_value': 0})
 - ('pfcand_phirel', {'length': 128, 'pad_mode': 'wrap', 'center': 0.0037111996207386255, 'scale': 0.47336095197049816, 'min': -5, 'max': 5, 'pad_value': 0})
 - ('pfcand_pt_log', {'length': 128, 'pad_mode': 'wrap', 'center': -0.13305556774139404, 'scale': 0.827791254166282, 'min': -5, 'max': 5, 'pad_value': 0})
 - ('pfcand_e_log', {'length': 128, 'pad_mode': 'wrap', 'center': 0.1681383103132248, 'scale': 0.8481578564749356, 'min': -5, 'max': 5, 'pad_value': 0})
 - ('pfcand_ptrel_log', {'length': 128, 'pad_mode': 'wrap', 'center': -1.4982284307479858, 'scale': 1.9585725618502066, 'min': -5, 'max': 5, 'pad_value': 0})
 - ('pfcand_erel_log', {'length': 128, 'pad_mode': 'wrap', 'center': -1.5542786121368408, 'scale': 1.9562823024376441, 'min': -5, 'max': 5, 'pad_value': 0})
 - ('pfcand_drrel', {'length': 128, 'pad_mode': 'wrap', 'center': 1.6677457094192505, 'scale': 1.0010387566141992, 'min': -5, 'max': 5, 'pad_value': 0})
 - ('pfcand_charge', {'length': 128, 'pad_mode': 'wrap', 'center': None, 'scale': 1, 'min': -5, 'max': 5, 'pad_value': 0})
 - ('pfcand_dxy', {'length': 128, 'pad_mode': 'wrap', 'center': 5.253956805972848e-05, 'scale': 19.495524667385425, 'min': -5, 'max': 5, 'pad_value': 0})
 - ('pfcand_dz', {'length': 128, 'pad_mode': 'wrap', 'center': 5.28650957676291e-07, 'scale': 10.923908875185807, 'min': -5, 'max': 5, 'pad_value': 0})
 - ('pfcand_btagSip2dVal', {'length': 128, 'pad_mode': 'wrap', 'center': 0.0027513556415215135, 'scale': 13.317985080530049, 'min': -5, 'max': 5, 'pad_value': 0})
 - ('pfcand_btagSip2dSig', {'length': 128, 'pad_mode': 'wrap', 'center': 0.23264335840940475, 'scale': 0.2800017501744948, 'min': -5, 'max': 5, 'pad_value': 0})
 - ('pfcand_btagSip3dVal', {'length': 128, 'pad_mode': 'wrap', 'center': 0.0061514347326010466, 'scale': 5.800663959667922, 'min': -5, 'max': 5, 'pad_value': 0})
 - ('pfcand_btagSip3dSig', {'length': 128, 'pad_mode': 'wrap', 'center': 0.24785490334033966, 'scale': 0.2549383475375565, 'min': -5, 'max': 5, 'pad_value': 0})
 - ('pfcand_btagJetDistVal', {'length': 128, 'pad_mode': 'wrap', 'center': 2.8378995011735242e-05, 'scale': 17.293117991569424, 'min': -5, 'max': 5, 'pad_value': 0})
 - ('pfcand_btagJetDistSig', {'length': 128, 'pad_mode': 'wrap', 'center': 0.000925663742236793, 'scale': 0.5738865335566006, 'min': -5, 'max': 5, 'pad_value': 0})
 - ('pfcand_isChargedHad', {'length': 128, 'pad_mode': 'wrap', 'center': None, 'scale': 1, 'min': -5, 'max': 5, 'pad_value': 0})
 - ('pfcand_isNeutralHad', {'length': 128, 'pad_mode': 'wrap', 'center': None, 'scale': 1, 'min': -5, 'max': 5, 'pad_value': 0})
 - ('pfcand_isGamma', {'length': 128, 'pad_mode': 'wrap', 'center': None, 'scale': 1, 'min': -5, 'max': 5, 'pad_value': 0})
 - ('pfcand_isEl', {'length': 128, 'pad_mode': 'wrap', 'center': None, 'scale': 1, 'min': -5, 'max': 5, 'pad_value': 0})
 - ('pfcand_isMu', {'length': 128, 'pad_mode': 'wrap', 'center': None, 'scale': 1, 'min': -5, 'max': 5, 'pad_value': 0})
 - ('pfcand_px', {'length': 128, 'pad_mode': 'wrap', 'center': None, 'scale': 1, 'min': -5, 'max': 5, 'pad_value': 0})
 - ('pfcand_py', {'length': 128, 'pad_mode': 'wrap', 'center': None, 'scale': 1, 'min': -5, 'max': 5, 'pad_value': 0})
 - ('pfcand_pz', {'length': 128, 'pad_mode': 'wrap', 'center': None, 'scale': 1, 'min': -5, 'max': 5, 'pad_value': 0})
 - ('pfcand_e', {'length': 128, 'pad_mode': 'wrap', 'center': None, 'scale': 1, 'min': -5, 'max': 5, 'pad_value': 0})
 - ('pfcand_mask', {'length': 128, 'pad_mode': 'constant', 'center': None, 'scale': 1, 'min': -5, 'max': 5, 'pad_value': 0})[0m
[2025-12-08 09:32:51,678] INFO: [0;37mlabel_names: ('_label_',)[0m
[2025-12-08 09:32:51,678] INFO: [0;37mobserver_names: ('recojet_pt', 'recojet_eta', 'recojet_theta', 'recojet_phi', 'recojet_e', 'recojet_mass', 'nconst')[0m
[2025-12-08 09:32:51,678] INFO: [0;37mmonitor_variables: ()[0m
[2025-12-08 09:32:51,685] INFO: [0;37mpreprocess config: {'method': 'manual', 'data_fraction': 0.5, 'params': None}[0m
[2025-12-08 09:32:51,685] INFO: [0;37mselection: None[0m
[2025-12-08 09:32:51,685] INFO: [0;37mtest_time_selection: None[0m
[2025-12-08 09:32:51,685] INFO: [0;37mvar_funcs:
 - ('pfcand_mask', 'ak.ones_like(pfcand_pt)')
 - ('pfcand_pt_log', 'np.log(pfcand_pt)')
 - ('pfcand_e_log', 'np.log(pfcand_e)')
 - ('pfcand_drrel', 'np.hypot(pfcand_thetarel, pfcand_phirel)')
 - ('_label_', 'np.argmax(np.stack([ak.to_numpy(recojet_isB),ak.to_numpy(recojet_isC),ak.to_numpy(recojet_isUDSG)], axis=1), axis=1)')
 - ('_labelcheck_', 'np.sum(np.stack([ak.to_numpy(recojet_isB),ak.to_numpy(recojet_isC),ak.to_numpy(recojet_isUDSG)], axis=1), axis=1)')[0m
[2025-12-08 09:32:51,685] INFO: [0;37minput_names: ('pf_points', 'pf_features', 'pf_vectors', 'pf_mask')[0m
[2025-12-08 09:32:51,685] INFO: [0;37minput_dicts:
 - ('pf_points', ['pfcand_thetarel', 'pfcand_phirel'])
 - ('pf_features', ['pfcand_pt_log', 'pfcand_e_log', 'pfcand_ptrel_log', 'pfcand_erel_log', 'pfcand_drrel', 'pfcand_charge', 'pfcand_dxy', 'pfcand_dz', 'pfcand_btagSip2dVal', 'pfcand_btagSip2dSig', 'pfcand_btagSip3dVal', 'pfcand_btagSip3dSig', 'pfcand_btagJetDistVal', 'pfcand_btagJetDistSig', 'pfcand_isChargedHad', 'pfcand_isNeutralHad', 'pfcand_isGamma', 'pfcand_isEl', 'pfcand_isMu', 'pfcand_thetarel', 'pfcand_phirel'])
 - ('pf_vectors', ['pfcand_px', 'pfcand_py', 'pfcand_pz', 'pfcand_e'])
 - ('pf_mask', ['pfcand_mask'])[0m
[2025-12-08 09:32:51,685] INFO: [0;37minput_shapes:
 - ('pf_points', (-1, 2, 128))
 - ('pf_features', (-1, 21, 128))
 - ('pf_vectors', (-1, 4, 128))
 - ('pf_mask', (-1, 1, 128))[0m
[2025-12-08 09:32:51,685] INFO: [0;37mpreprocess_params:
 - ('pfcand_thetarel', {'length': 128, 'pad_mode': 'wrap', 'center': 0.26486697793006897, 'scale': 1.9680695507223587, 'min': -5, 'max': 5, 'pad_value': 0})
 - ('pfcand_phirel', {'length': 128, 'pad_mode': 'wrap', 'center': 0.0037111996207386255, 'scale': 0.47336095197049816, 'min': -5, 'max': 5, 'pad_value': 0})
 - ('pfcand_pt_log', {'length': 128, 'pad_mode': 'wrap', 'center': -0.13305556774139404, 'scale': 0.827791254166282, 'min': -5, 'max': 5, 'pad_value': 0})
 - ('pfcand_e_log', {'length': 128, 'pad_mode': 'wrap', 'center': 0.1681383103132248, 'scale': 0.8481578564749356, 'min': -5, 'max': 5, 'pad_value': 0})
 - ('pfcand_ptrel_log', {'length': 128, 'pad_mode': 'wrap', 'center': -1.4982284307479858, 'scale': 1.9585725618502066, 'min': -5, 'max': 5, 'pad_value': 0})
 - ('pfcand_erel_log', {'length': 128, 'pad_mode': 'wrap', 'center': -1.5542786121368408, 'scale': 1.9562823024376441, 'min': -5, 'max': 5, 'pad_value': 0})
 - ('pfcand_drrel', {'length': 128, 'pad_mode': 'wrap', 'center': 1.6677457094192505, 'scale': 1.0010387566141992, 'min': -5, 'max': 5, 'pad_value': 0})
 - ('pfcand_charge', {'length': 128, 'pad_mode': 'wrap', 'center': None, 'scale': 1, 'min': -5, 'max': 5, 'pad_value': 0})
 - ('pfcand_dxy', {'length': 128, 'pad_mode': 'wrap', 'center': 5.253956805972848e-05, 'scale': 19.495524667385425, 'min': -5, 'max': 5, 'pad_value': 0})
 - ('pfcand_dz', {'length': 128, 'pad_mode': 'wrap', 'center': 5.28650957676291e-07, 'scale': 10.923908875185807, 'min': -5, 'max': 5, 'pad_value': 0})
 - ('pfcand_btagSip2dVal', {'length': 128, 'pad_mode': 'wrap', 'center': 0.0027513556415215135, 'scale': 13.317985080530049, 'min': -5, 'max': 5, 'pad_value': 0})
 - ('pfcand_btagSip2dSig', {'length': 128, 'pad_mode': 'wrap', 'center': 0.23264335840940475, 'scale': 0.2800017501744948, 'min': -5, 'max': 5, 'pad_value': 0})
 - ('pfcand_btagSip3dVal', {'length': 128, 'pad_mode': 'wrap', 'center': 0.0061514347326010466, 'scale': 5.800663959667922, 'min': -5, 'max': 5, 'pad_value': 0})
 - ('pfcand_btagSip3dSig', {'length': 128, 'pad_mode': 'wrap', 'center': 0.24785490334033966, 'scale': 0.2549383475375565, 'min': -5, 'max': 5, 'pad_value': 0})
 - ('pfcand_btagJetDistVal', {'length': 128, 'pad_mode': 'wrap', 'center': 2.8378995011735242e-05, 'scale': 17.293117991569424, 'min': -5, 'max': 5, 'pad_value': 0})
 - ('pfcand_btagJetDistSig', {'length': 128, 'pad_mode': 'wrap', 'center': 0.000925663742236793, 'scale': 0.5738865335566006, 'min': -5, 'max': 5, 'pad_value': 0})
 - ('pfcand_isChargedHad', {'length': 128, 'pad_mode': 'wrap', 'center': None, 'scale': 1, 'min': -5, 'max': 5, 'pad_value': 0})
 - ('pfcand_isNeutralHad', {'length': 128, 'pad_mode': 'wrap', 'center': None, 'scale': 1, 'min': -5, 'max': 5, 'pad_value': 0})
 - ('pfcand_isGamma', {'length': 128, 'pad_mode': 'wrap', 'center': None, 'scale': 1, 'min': -5, 'max': 5, 'pad_value': 0})
 - ('pfcand_isEl', {'length': 128, 'pad_mode': 'wrap', 'center': None, 'scale': 1, 'min': -5, 'max': 5, 'pad_value': 0})
 - ('pfcand_isMu', {'length': 128, 'pad_mode': 'wrap', 'center': None, 'scale': 1, 'min': -5, 'max': 5, 'pad_value': 0})
 - ('pfcand_px', {'length': 128, 'pad_mode': 'wrap', 'center': None, 'scale': 1, 'min': -5, 'max': 5, 'pad_value': 0})
 - ('pfcand_py', {'length': 128, 'pad_mode': 'wrap', 'center': None, 'scale': 1, 'min': -5, 'max': 5, 'pad_value': 0})
 - ('pfcand_pz', {'length': 128, 'pad_mode': 'wrap', 'center': None, 'scale': 1, 'min': -5, 'max': 5, 'pad_value': 0})
 - ('pfcand_e', {'length': 128, 'pad_mode': 'wrap', 'center': None, 'scale': 1, 'min': -5, 'max': 5, 'pad_value': 0})
 - ('pfcand_mask', {'length': 128, 'pad_mode': 'constant', 'center': None, 'scale': 1, 'min': -5, 'max': 5, 'pad_value': 0})[0m
[2025-12-08 09:32:51,686] INFO: [0;37mlabel_names: ('_label_',)[0m
[2025-12-08 09:32:51,686] INFO: [0;37mobserver_names: ()[0m
[2025-12-08 09:32:51,686] INFO: [0;37mmonitor_variables: ()[0m
[2025-12-08 09:32:51,777] INFO: Network options: {}
Found following input feature dims: 21
Found following number of classes: 3
[2025-12-08 09:32:51,777] INFO: cfg_block: {'embed_dim': 128, 'num_heads': 8, 'ffn_ratio': 4, 'dropout': 0.1, 'attn_dropout': 0.1, 'activation_dropout': 0.1, 'add_bias_kv': False, 'activation': 'gelu', 'scale_fc': True, 'scale_attn': True, 'scale_heads': True, 'scale_resids': True}
[2025-12-08 09:32:51,777] INFO: cfg_cls_block: {'embed_dim': 128, 'num_heads': 8, 'ffn_ratio': 4, 'dropout': 0, 'attn_dropout': 0, 'activation_dropout': 0, 'add_bias_kv': False, 'activation': 'gelu', 'scale_fc': True, 'scale_attn': True, 'scale_heads': True, 'scale_resids': True}
Built following model:
ParticleTransformerWrapper(
  (model): ParticleTransformer(
    (trimmer): SequenceTrimmer()
    (embed): Embed(
      (input_bn): BatchNorm1d(21, eps=1e-05, momentum=0.1, affine=True, track_running_stats=True)
      (embed): Sequential(
        (0): LayerNorm((21,), eps=1e-05, elementwise_affine=True)
        (1): Linear(in_features=21, out_features=128, bias=True)
        (2): GELU(approximate='none')
        (3): LayerNorm((128,), eps=1e-05, elementwise_affine=True)
        (4): Linear(in_features=128, out_features=512, bias=True)
        (5): GELU(approximate='none')
        (6): LayerNorm((512,), eps=1e-05, elementwise_affine=True)
        (7): Linear(in_features=512, out_features=128, bias=True)
        (8): GELU(approximate='none')
      )
    )
    (pair_embed): PairEmbed(
      (embed): Sequential(
        (0): BatchNorm1d(4, eps=1e-05, momentum=0.1, affine=True, track_running_stats=True)
        (1): Conv1d(4, 64, kernel_size=(1,), stride=(1,))
        (2): BatchNorm1d(64, eps=1e-05, momentum=0.1, affine=True, track_running_stats=True)
        (3): GELU(approximate='none')
        (4): Conv1d(64, 64, kernel_size=(1,), stride=(1,))
        (5): BatchNorm1d(64, eps=1e-05, momentum=0.1, affine=True, track_running_stats=True)
        (6): GELU(approximate='none')
        (7): Conv1d(64, 64, kernel_size=(1,), stride=(1,))
        (8): BatchNorm1d(64, eps=1e-05, momentum=0.1, affine=True, track_running_stats=True)
        (9): GELU(approximate='none')
        (10): Conv1d(64, 8, kernel_size=(1,), stride=(1,))
        (11): BatchNorm1d(8, eps=1e-05, momentum=0.1, affine=True, track_running_stats=True)
      )
    )
    (blocks): ModuleList(
      (0-7): 8 x Block(
        (pre_attn_norm): LayerNorm((128,), eps=1e-05, elementwise_affine=True)
        (attn): MultiheadAttention(
          (out_proj): NonDynamicallyQuantizableLinear(in_features=128, out_features=128, bias=True)
        )
        (post_attn_norm): LayerNorm((128,), eps=1e-05, elementwise_affine=True)
        (dropout): Dropout(p=0.1, inplace=False)
        (pre_fc_norm): LayerNorm((128,), eps=1e-05, elementwise_affine=True)
        (fc1): Linear(in_features=128, out_features=512, bias=True)
        (act): GELU(approximate='none')
        (act_dropout): Dropout(p=0.1, inplace=False)
        (post_fc_norm): LayerNorm((512,), eps=1e-05, elementwise_affine=True)
        (fc2): Linear(in_features=512, out_features=128, bias=True)
      )
    )
    (cls_blocks): ModuleList(
      (0-1): 2 x Block(
        (pre_attn_norm): LayerNorm((128,), eps=1e-05, elementwise_affine=True)
        (attn): MultiheadAttention(
          (out_proj): NonDynamicallyQuantizableLinear(in_features=128, out_features=128, bias=True)
        )
        (post_attn_norm): LayerNorm((128,), eps=1e-05, elementwise_affine=True)
        (dropout): Dropout(p=0, inplace=False)
        (pre_fc_norm): LayerNorm((128,), eps=1e-05, elementwise_affine=True)
        (fc1): Linear(in_features=128, out_features=512, bias=True)
        (act): GELU(approximate='none')
        (act_dropout): Dropout(p=0, inplace=False)
        (post_fc_norm): LayerNorm((512,), eps=1e-05, elementwise_affine=True)
        (fc2): Linear(in_features=512, out_features=128, bias=True)
      )
    )
    (norm): LayerNorm((128,), eps=1e-05, elementwise_affine=True)
    (fc): Sequential(
      (0): Linear(in_features=128, out_features=3, bias=True)
    )
  )
)
Built following model info:
{'input_names': ['pf_points', 'pf_features', 'pf_vectors', 'pf_mask'], 'input_shapes': {'pf_points': (1, 2, 128), 'pf_features': (1, 21, 128), 'pf_vectors': (1, 4, 128), 'pf_mask': (1, 1, 128)}, 'output_names': ['softmax'], 'dynamic_axes': {'pf_points': {0: 'N', 2: 'n_pf'}, 'pf_features': {0: 'N', 2: 'n_pf'}, 'pf_vectors': {0: 'N', 2: 'n_pf'}, 'pf_mask': {0: 'N', 2: 'n_pf'}, 'softmax': {0: 'N'}}}
[2025-12-08 09:32:52,245] INFO: [0;37mWarning: module SequenceTrimmer is treated as a zero-op.[0m
[2025-12-08 09:32:52,245] INFO: [0;37mWarning: module LayerNorm is treated as a zero-op.[0m
[2025-12-08 09:32:52,245] INFO: [0;37mWarning: module GELU is treated as a zero-op.[0m
[2025-12-08 09:32:52,245] INFO: [0;37mWarning: module Embed is treated as a zero-op.[0m
[2025-12-08 09:32:52,245] INFO: [0;37mWarning: module PairEmbed is treated as a zero-op.[0m
[2025-12-08 09:32:52,245] INFO: [0;37mWarning: module NonDynamicallyQuantizableLinear is treated as a zero-op.[0m
[2025-12-08 09:32:52,245] INFO: [0;37mWarning: module Dropout is treated as a zero-op.[0m
[2025-12-08 09:32:52,245] INFO: [0;37mWarning: module Block is treated as a zero-op.[0m
[2025-12-08 09:32:52,246] INFO: [0;37mWarning: module ParticleTransformer is treated as a zero-op.[0m
[2025-12-08 09:32:52,246] INFO: [0;37mWarning: module ParticleTransformerWrapper is treated as a zero-op.[0m
/oscar/home/tgillin/files/weaver-core/weaver/nn/model/ParticleTransformer.py:549: FutureWarning: `torch.cuda.amp.autocast(args...)` is deprecated. Please use `torch.amp.autocast('cuda', args...)` instead.
  with torch.cuda.amp.autocast(enabled=self.use_amp):
/users/tgillin/miniconda3/envs/weaver/lib/python3.10/site-packages/torch/nn/functional.py:6041: UserWarning: Support for mismatched key_padding_mask and attn_mask is deprecated. Use same type for both instead.
  warnings.warn(
/users/tgillin/miniconda3/envs/weaver/lib/python3.10/site-packages/torch/nn/functional.py:6041: UserWarning: Support for mismatched key_padding_mask and attn_mask is deprecated. Use same type for both instead.
  warnings.warn(
[2025-12-08 09:32:56,336] INFO: [0;37mParticleTransformerWrapper(
  |2.122 M, 99.021% Params, 341.629 MMac, 100.000% MACs|
  (model): ParticleTransformer(
    |2.122 M, 99.021% Params, 341.629 MMac, 100.000% MACs|
    (trimmer): SequenceTrimmer(|0.0 M, 0.000% Params, 0.0 Mac, 0.000% MACs|)
    (embed): Embed(
      |0.135 M, 6.279% Params, 17.127 MMac, 5.013% MACs|
      (input_bn): BatchNorm1d(21, eps=1e-05, momentum=0.1, affine=True, track_running_stats=True, |0.0 M, 0.002% Params, 5.376 KMac, 0.002% MACs|)
      (embed): Sequential(
        |0.135 M, 6.277% Params, 17.122 MMac, 5.012% MACs|
        (0): LayerNorm((21,), eps=1e-05, elementwise_affine=True, |0.0 M, 0.000% Params, 0.0 Mac, 0.000% MACs|)
        (1): Linear(in_features=21, out_features=128, bias=True, |0.003 M, 0.131% Params, 344.192 KMac, 0.101% MACs|)
        (2): GELU(approximate='none', |0.0 M, 0.000% Params, 0.0 Mac, 0.000% MACs|)
        (3): LayerNorm((128,), eps=1e-05, elementwise_affine=True, |0.0 M, 0.000% Params, 0.0 Mac, 0.000% MACs|)
        (4): Linear(in_features=128, out_features=512, bias=True, |0.066 M, 3.082% Params, 8.389 MMac, 2.456% MACs|)
        (5): GELU(approximate='none', |0.0 M, 0.000% Params, 0.0 Mac, 0.000% MACs|)
        (6): LayerNorm((512,), eps=1e-05, elementwise_affine=True, |0.0 M, 0.000% Params, 0.0 Mac, 0.000% MACs|)
        (7): Linear(in_features=512, out_features=128, bias=True, |0.066 M, 3.064% Params, 8.389 MMac, 2.456% MACs|)
        (8): GELU(approximate='none', |0.0 M, 0.000% Params, 0.0 Mac, 0.000% MACs|)
      )
    )
    (pair_embed): PairEmbed(
      |0.01 M, 0.446% Params, 78.993 MMac, 23.123% MACs|
      (embed): Sequential(
        |0.01 M, 0.446% Params, 78.993 MMac, 23.123% MACs|
        (0): BatchNorm1d(4, eps=1e-05, momentum=0.1, affine=True, track_running_stats=True, |0.0 M, 0.000% Params, 66.048 KMac, 0.019% MACs|)
        (1): Conv1d(4, 64, kernel_size=(1,), stride=(1,), |0.0 M, 0.015% Params, 2.642 MMac, 0.773% MACs|)
        (2): BatchNorm1d(64, eps=1e-05, momentum=0.1, affine=True, track_running_stats=True, |0.0 M, 0.006% Params, 1.057 MMac, 0.309% MACs|)
        (3): GELU(approximate='none', |0.0 M, 0.000% Params, 0.0 Mac, 0.000% MACs|)
        (4): Conv1d(64, 64, kernel_size=(1,), stride=(1,), |0.004 M, 0.194% Params, 34.345 MMac, 10.053% MACs|)
        (5): BatchNorm1d(64, eps=1e-05, momentum=0.1, affine=True, track_running_stats=True, |0.0 M, 0.006% Params, 1.057 MMac, 0.309% MACs|)
        (6): GELU(approximate='none', |0.0 M, 0.000% Params, 0.0 Mac, 0.000% MACs|)
        (7): Conv1d(64, 64, kernel_size=(1,), stride=(1,), |0.004 M, 0.194% Params, 34.345 MMac, 10.053% MACs|)
        (8): BatchNorm1d(64, eps=1e-05, momentum=0.1, affine=True, track_running_stats=True, |0.0 M, 0.006% Params, 1.057 MMac, 0.309% MACs|)
        (9): GELU(approximate='none', |0.0 M, 0.000% Params, 0.0 Mac, 0.000% MACs|)
        (10): Conv1d(64, 8, kernel_size=(1,), stride=(1,), |0.001 M, 0.024% Params, 4.293 MMac, 1.257% MACs|)
        (11): BatchNorm1d(8, eps=1e-05, momentum=0.1, affine=True, track_running_stats=True, |0.0 M, 0.001% Params, 132.096 KMac, 0.039% MACs|)
      )
    )
    (blocks): ModuleList(
      (0-7): 8 x Block(
        |0.198 M, 9.228% Params, 29.574 MMac, 8.657% MACs|
        (pre_attn_norm): LayerNorm((128,), eps=1e-05, elementwise_affine=True, |0.0 M, 0.000% Params, 0.0 Mac, 0.000% MACs|)
        (attn): MultiheadAttention(
          |0.066 M, 3.082% Params, 12.796 MMac, 3.746% MACs|
          (out_proj): NonDynamicallyQuantizableLinear(in_features=128, out_features=128, bias=True, |0.0 M, 0.000% Params, 0.0 Mac, 0.000% MACs|)
        )
        (post_attn_norm): LayerNorm((128,), eps=1e-05, elementwise_affine=True, |0.0 M, 0.000% Params, 0.0 Mac, 0.000% MACs|)
        (dropout): Dropout(p=0.1, inplace=False, |0.0 M, 0.000% Params, 0.0 Mac, 0.000% MACs|)
        (pre_fc_norm): LayerNorm((128,), eps=1e-05, elementwise_affine=True, |0.0 M, 0.000% Params, 0.0 Mac, 0.000% MACs|)
        (fc1): Linear(in_features=128, out_features=512, bias=True, |0.066 M, 3.082% Params, 8.389 MMac, 2.456% MACs|)
        (act): GELU(approximate='none', |0.0 M, 0.000% Params, 0.0 Mac, 0.000% MACs|)
        (act_dropout): Dropout(p=0.1, inplace=False, |0.0 M, 0.000% Params, 0.0 Mac, 0.000% MACs|)
        (post_fc_norm): LayerNorm((512,), eps=1e-05, elementwise_affine=True, |0.0 M, 0.000% Params, 0.0 Mac, 0.000% MACs|)
        (fc2): Linear(in_features=512, out_features=128, bias=True, |0.066 M, 3.064% Params, 8.389 MMac, 2.456% MACs|)
      )
    )
    (cls_blocks): ModuleList(
      (0-1): 2 x Block(
        |0.198 M, 9.228% Params, 4.459 MMac, 1.305% MACs|
        (pre_attn_norm): LayerNorm((128,), eps=1e-05, elementwise_affine=True, |0.0 M, 0.000% Params, 0.0 Mac, 0.000% MACs|)
        (attn): MultiheadAttention(
          |0.066 M, 3.082% Params, 4.327 MMac, 1.267% MACs|
          (out_proj): NonDynamicallyQuantizableLinear(in_features=128, out_features=128, bias=True, |0.0 M, 0.000% Params, 0.0 Mac, 0.000% MACs|)
        )
        (post_attn_norm): LayerNorm((128,), eps=1e-05, elementwise_affine=True, |0.0 M, 0.000% Params, 0.0 Mac, 0.000% MACs|)
        (dropout): Dropout(p=0, inplace=False, |0.0 M, 0.000% Params, 0.0 Mac, 0.000% MACs|)
        (pre_fc_norm): LayerNorm((128,), eps=1e-05, elementwise_affine=True, |0.0 M, 0.000% Params, 0.0 Mac, 0.000% MACs|)
        (fc1): Linear(in_features=128, out_features=512, bias=True, |0.066 M, 3.082% Params, 66.048 KMac, 0.019% MACs|)
        (act): GELU(approximate='none', |0.0 M, 0.000% Params, 0.0 Mac, 0.000% MACs|)
        (act_dropout): Dropout(p=0, inplace=False, |0.0 M, 0.000% Params, 0.0 Mac, 0.000% MACs|)
        (post_fc_norm): LayerNorm((512,), eps=1e-05, elementwise_affine=True, |0.0 M, 0.000% Params, 0.0 Mac, 0.000% MACs|)
        (fc2): Linear(in_features=512, out_features=128, bias=True, |0.066 M, 3.064% Params, 65.664 KMac, 0.019% MACs|)
      )
    )
    (norm): LayerNorm((128,), eps=1e-05, elementwise_affine=True, |0.0 M, 0.000% Params, 0.0 Mac, 0.000% MACs|)
    (fc): Sequential(
      |0.0 M, 0.018% Params, 387.0 Mac, 0.000% MACs|
      (0): Linear(in_features=128, out_features=3, bias=True, |0.0 M, 0.018% Params, 387.0 Mac, 0.000% MACs|)
    )
  )
)[0m
[2025-12-08 09:32:56,339] INFO: Computational complexity:       341.63 MMac
[2025-12-08 09:32:56,340] INFO: Number of parameters:           2.14 M  
[2025-12-08 09:32:56,340] WARNING: Loss function not defined in /oscar/data/lgouskos/training_runs/output_part_augmented_no_drop/model_config.py. Will use `torch.nn.CrossEntropyLoss()` by default.
[2025-12-08 09:32:56,349] INFO: Optimizer options: {}
[2025-12-08 09:32:59,563] INFO: --------------------------------------------------
[2025-12-08 09:32:59,563] INFO: Epoch #0 training
0it [00:00, ?it/s]=== Restarting DataIter train, seed=None ===
[2025-12-08 09:32:59,566] INFO: Restarted DataIter train, load_range=(0.0, 0.8), file_list:
{
  "": [
    "/tmp/tmpjsiscqd8/HEP/data/share/aleph/aleph-data/ntuples_new/mc/output_qqb_0_train.root",
    "/tmp/tmpjsiscqd8/HEP/data/share/aleph/aleph-data/ntuples_new/mc/output_qqb_10_train.root",
    "/tmp/tmpjsiscqd8/HEP/data/share/aleph/aleph-data/ntuples_new/mc/output_qqb_11_train.root",
    "/tmp/tmpjsiscqd8/HEP/data/share/aleph/aleph-data/ntuples_new/mc/output_qqb_12_train.root",
    "/tmp/tmpjsiscqd8/HEP/data/share/aleph/aleph-data/ntuples_new/mc/output_qqb_13_train.root",
    "/tmp/tmpjsiscqd8/HEP/data/share/aleph/aleph-data/ntuples_new/mc/output_qqb_14_train.root",
    "/tmp/tmpjsiscqd8/HEP/data/share/aleph/aleph-data/ntuples_new/mc/output_qqb_15_train.root",
    "/tmp/tmpjsiscqd8/HEP/data/share/aleph/aleph-data/ntuples_new/mc/output_qqb_16_train.root",
    "/tmp/tmpjsiscqd8/HEP/data/share/aleph/aleph-data/ntuples_new/mc/output_qqb_17_train.root",
    "/tmp/tmpjsiscqd8/HEP/data/share/aleph/aleph-data/ntuples_new/mc/output_qqb_18_train.root",
    "/tmp/tmpjsiscqd8/HEP/data/share/aleph/aleph-data/ntuples_new/mc/output_qqb_19_train.root",
    "/tmp/tmpjsiscqd8/HEP/data/share/aleph/aleph-data/ntuples_new/mc/output_qqb_1_train.root",
    "/tmp/tmpjsiscqd8/HEP/data/share/aleph/aleph-data/ntuples_new/mc/output_qqb_20_train.root",
    "/tmp/tmpjsiscqd8/HEP/data/share/aleph/aleph-data/ntuples_new/mc/output_qqb_21_train.root",
    "/tmp/tmpjsiscqd8/HEP/data/share/aleph/aleph-data/ntuples_new/mc/output_qqb_22_train.root",
    "/tmp/tmpjsiscqd8/HEP/data/share/aleph/aleph-data/ntuples_new/mc/output_qqb_23_train.root",
    "/tmp/tmpjsiscqd8/HEP/data/share/aleph/aleph-data/ntuples_new/mc/output_qqb_24_train.root",
    "/tmp/tmpjsiscqd8/HEP/data/share/aleph/aleph-data/ntuples_new/mc/output_qqb_25_train.root",
    "/tmp/tmpjsiscqd8/HEP/data/share/aleph/aleph-data/ntuples_new/mc/output_qqb_26_train.root",
    "/tmp/tmpjsiscqd8/HEP/data/share/aleph/aleph-data/ntuples_new/mc/output_qqb_27_train.root",
    "/tmp/tmpjsiscqd8/HEP/data/share/aleph/aleph-data/ntuples_new/mc/output_qqb_28_train.root",
    "/tmp/tmpjsiscqd8/HEP/data/share/aleph/aleph-data/ntuples_new/mc/output_qqb_29_train.root",
    "/tmp/tmpjsiscqd8/HEP/data/share/aleph/aleph-data/ntuples_new/mc/output_qqb_2_train.root",
    "/tmp/tmpjsiscqd8/HEP/data/share/aleph/aleph-data/ntuples_new/mc/output_qqb_30_train.root",
    "/tmp/tmpjsiscqd8/HEP/data/share/aleph/aleph-data/ntuples_new/mc/output_qqb_31_train.root",
    "/tmp/tmpjsiscqd8/HEP/data/share/aleph/aleph-data/ntuples_new/mc/output_qqb_32_train.root",
    "/tmp/tmpjsiscqd8/HEP/data/share/aleph/aleph-data/ntuples_new/mc/output_qqb_33_train.root",
    "/tmp/tmpjsiscqd8/HEP/data/share/aleph/aleph-data/ntuples_new/mc/output_qqb_34_train.root",
    "/tmp/tmpjsiscqd8/HEP/data/share/aleph/aleph-data/ntuples_new/mc/output_qqb_35_train.root",
    "/tmp/tmpjsiscqd8/HEP/data/share/aleph/aleph-data/ntuples_new/mc/output_qqb_36_train.root",
    "/tmp/tmpjsiscqd8/HEP/data/share/aleph/aleph-data/ntuples_new/mc/output_qqb_37_train.root",
    "/tmp/tmpjsiscqd8/HEP/data/share/aleph/aleph-data/ntuples_new/mc/output_qqb_38_train.root",
    "/tmp/tmpjsiscqd8/HEP/data/share/aleph/aleph-data/ntuples_new/mc/output_qqb_39_train.root",
    "/tmp/tmpjsiscqd8/HEP/data/share/aleph/aleph-data/ntuples_new/mc/output_qqb_3_train.root",
    "/tmp/tmpjsiscqd8/HEP/data/share/aleph/aleph-data/ntuples_new/mc/output_qqb_40_train.root",
    "/tmp/tmpjsiscqd8/HEP/data/share/aleph/aleph-data/ntuples_new/mc/output_qqb_41_train.root",
    "/tmp/tmpjsiscqd8/HEP/data/share/aleph/aleph-data/ntuples_new/mc/output_qqb_42_train.root",
    "/tmp/tmpjsiscqd8/HEP/data/share/aleph/aleph-data/ntuples_new/mc/output_qqb_43_train.root",
    "/tmp/tmpjsiscqd8/HEP/data/share/aleph/aleph-data/ntuples_new/mc/output_qqb_44_train.root",
    "/tmp/tmpjsiscqd8/HEP/data/share/aleph/aleph-data/ntuples_new/mc/output_qqb_45_train.root",
    "/tmp/tmpjsiscqd8/HEP/data/share/aleph/aleph-data/ntuples_new/mc/output_qqb_46_train.root",
    "/tmp/tmpjsiscqd8/HEP/data/share/aleph/aleph-data/ntuples_new/mc/output_qqb_47_train.root",
    "/tmp/tmpjsiscqd8/HEP/data/share/aleph/aleph-data/ntuples_new/mc/output_qqb_48_train.root",
    "/tmp/tmpjsiscqd8/HEP/data/share/aleph/aleph-data/ntuples_new/mc/output_qqb_49_train.root",
    "/tmp/tmpjsiscqd8/HEP/data/share/aleph/aleph-data/ntuples_new/mc/output_qqb_4_train.root",
    "/tmp/tmpjsiscqd8/HEP/data/share/aleph/aleph-data/ntuples_new/mc/output_qqb_50_train.root",
    "/tmp/tmpjsiscqd8/HEP/data/share/aleph/aleph-data/ntuples_new/mc/output_qqb_51_train.root",
    "/tmp/tmpjsiscqd8/HEP/data/share/aleph/aleph-data/ntuples_new/mc/output_qqb_52_train.root",
    "/tmp/tmpjsiscqd8/HEP/data/share/aleph/aleph-data/ntuples_new/mc/output_qqb_53_train.root",
    "/tmp/tmpjsiscqd8/HEP/data/share/aleph/aleph-data/ntuples_new/mc/output_qqb_54_train.root",
    "/tmp/tmpjsiscqd8/HEP/data/share/aleph/aleph-data/ntuples_new/mc/output_qqb_55_train.root",
    "/tmp/tmpjsiscqd8/HEP/data/share/aleph/aleph-data/ntuples_new/mc/output_qqb_56_train.root",
    "/tmp/tmpjsiscqd8/HEP/data/share/aleph/aleph-data/ntuples_new/mc/output_qqb_57_train.root",
    "/tmp/tmpjsiscqd8/HEP/data/share/aleph/aleph-data/ntuples_new/mc/output_qqb_58_train.root",
    "/tmp/tmpjsiscqd8/HEP/data/share/aleph/aleph-data/ntuples_new/mc/output_qqb_59_train.root",
    "/tmp/tmpjsiscqd8/HEP/data/share/aleph/aleph-data/ntuples_new/mc/output_qqb_5_train.root",
    "/tmp/tmpjsiscqd8/HEP/data/share/aleph/aleph-data/ntuples_new/mc/output_qqb_60_train.root",
    "/tmp/tmpjsiscqd8/HEP/data/share/aleph/aleph-data/ntuples_new/mc/output_qqb_61_train.root",
    "/tmp/tmpjsiscqd8/HEP/data/share/aleph/aleph-data/ntuples_new/mc/output_qqb_62_train.root",
    "/tmp/tmpjsiscqd8/HEP/data/share/aleph/aleph-data/ntuples_new/mc/output_qqb_63_train.root",
    "/tmp/tmpjsiscqd8/HEP/data/share/aleph/aleph-data/ntuples_new/mc/output_qqb_64_train.root",
    "/tmp/tmpjsiscqd8/HEP/data/share/aleph/aleph-data/ntuples_new/mc/output_qqb_65_train.root",
    "/tmp/tmpjsiscqd8/HEP/data/share/aleph/aleph-data/ntuples_new/mc/output_qqb_66_train.root",
    "/tmp/tmpjsiscqd8/HEP/data/share/aleph/aleph-data/ntuples_new/mc/output_qqb_67_train.root",
    "/tmp/tmpjsiscqd8/HEP/data/share/aleph/aleph-data/ntuples_new/mc/output_qqb_68_train.root",
    "/tmp/tmpjsiscqd8/HEP/data/share/aleph/aleph-data/ntuples_new/mc/output_qqb_69_train.root",
    "/tmp/tmpjsiscqd8/HEP/data/share/aleph/aleph-data/ntuples_new/mc/output_qqb_6_train.root",
    "/tmp/tmpjsiscqd8/HEP/data/share/aleph/aleph-data/ntuples_new/mc/output_qqb_7_train.root",
    "/tmp/tmpjsiscqd8/HEP/data/share/aleph/aleph-data/ntuples_new/mc/output_qqb_8_train.root",
    "/tmp/tmpjsiscqd8/HEP/data/share/aleph/aleph-data/ntuples_new/mc/output_qqb_9_train.root"
  ]
}
[2025-12-08 09:33:07,363] INFO: [Augmenter] Initialized with: rotation=True, reflection=True (prob=0.50), dropout=0.10
/oscar/home/tgillin/files/weaver-core/weaver/utils/nn/tools.py:125: FutureWarning: `torch.cuda.amp.autocast(args...)` is deprecated. Please use `torch.amp.autocast('cuda', args...)` instead.
  with torch.cuda.amp.autocast(enabled=grad_scaler is not None):
/oscar/home/tgillin/files/weaver-core/weaver/nn/model/ParticleTransformer.py:549: FutureWarning: `torch.cuda.amp.autocast(args...)` is deprecated. Please use `torch.amp.autocast('cuda', args...)` instead.
  with torch.cuda.amp.autocast(enabled=self.use_amp):
0it [00:13, ?it/s, lr=5.00e-03, Loss=1.32357, AvgLoss=1.32357, Acc=0.21484, AvgAcc=0.21484]1it [00:13, 13.77s/it, lr=5.00e-03, Loss=1.32357, AvgLoss=1.32357, Acc=0.21484, AvgAcc=0.21484]1it [00:14, 13.77s/it, lr=5.00e-03, Loss=0.93662, AvgLoss=1.13010, Acc=0.65234, AvgAcc=0.43359]2it [00:14,  6.23s/it, lr=5.00e-03, Loss=0.93662, AvgLoss=1.13010, Acc=0.65234, AvgAcc=0.43359]2it [00:15,  6.23s/it, lr=5.00e-03, Loss=1.12540, AvgLoss=1.12853, Acc=0.55859, AvgAcc=0.47526]3it [00:15,  3.67s/it, lr=5.00e-03, Loss=1.12540, AvgLoss=1.12853, Acc=0.55859, AvgAcc=0.47526]3it [00:15,  3.67s/it, lr=5.00e-03, Loss=0.97795, AvgLoss=1.09089, Acc=0.60938, AvgAcc=0.50879]4it [00:15,  2.46s/it, lr=5.00e-03, Loss=0.97795, AvgLoss=1.09089, Acc=0.60938, AvgAcc=0.50879]4it [00:16,  2.46s/it, lr=5.00e-03, Loss=nan, AvgLoss=nan, Acc=0.61133, AvgAcc=0.52930]        5it [00:16,  1.80s/it, lr=5.00e-03, Loss=nan, AvgLoss=nan, Acc=0.61133, AvgAcc=0.52930]5it [00:17,  1.80s/it, lr=5.00e-03, Loss=nan, AvgLoss=nan, Acc=0.24805, AvgAcc=0.48242]6it [00:17,  1.35s/it, lr=5.00e-03, Loss=nan, AvgLoss=nan, Acc=0.24805, AvgAcc=0.48242]6it [00:17,  1.35s/it, lr=5.00e-03, Loss=nan, AvgLoss=nan, Acc=0.24023, AvgAcc=0.44782]7it [00:17,  1.19s/it, lr=5.00e-03, Loss=nan, AvgLoss=nan, Acc=0.24023, AvgAcc=0.44782]7it [00:18,  1.19s/it, lr=5.00e-03, Loss=nan, AvgLoss=nan, Acc=0.20117, AvgAcc=0.41699]8it [00:18,  1.14it/s, lr=5.00e-03, Loss=nan, AvgLoss=nan, Acc=0.20117, AvgAcc=0.41699]8it [00:18,  1.14it/s, lr=5.00e-03, Loss=nan, AvgLoss=nan, Acc=0.20117, AvgAcc=0.39301]9it [00:18,  1.50it/s, lr=5.00e-03, Loss=nan, AvgLoss=nan, Acc=0.20117, AvgAcc=0.39301]9it [00:18,  1.50it/s, lr=5.00e-03, Loss=nan, AvgLoss=nan, Acc=0.23242, AvgAcc=0.37695]10it [00:18,  1.89it/s, lr=5.00e-03, Loss=nan, AvgLoss=nan, Acc=0.23242, AvgAcc=0.37695]10it [00:18,  1.89it/s, lr=5.00e-03, Loss=nan, AvgLoss=nan, Acc=0.24609, AvgAcc=0.36506]11it [00:18,  2.34it/s, lr=5.00e-03, Loss=nan, AvgLoss=nan, Acc=0.24609, AvgAcc=0.36506]11it [00:19,  2.34it/s, lr=5.00e-03, Loss=nan, AvgLoss=nan, Acc=0.21094, AvgAcc=0.35221]12it [00:19,  2.41it/s, lr=5.00e-03, Loss=nan, AvgLoss=nan, Acc=0.21094, AvgAcc=0.35221]12it [00:19,  2.41it/s, lr=5.00e-03, Loss=nan, AvgLoss=nan, Acc=0.20898, AvgAcc=0.34120]13it [00:19,  2.83it/s, lr=5.00e-03, Loss=nan, AvgLoss=nan, Acc=0.20898, AvgAcc=0.34120]13it [00:19,  2.83it/s, lr=5.00e-03, Loss=nan, AvgLoss=nan, Acc=0.22070, AvgAcc=0.33259]14it [00:19,  3.23it/s, lr=5.00e-03, Loss=nan, AvgLoss=nan, Acc=0.22070, AvgAcc=0.33259]14it [00:19,  3.23it/s, lr=5.00e-03, Loss=nan, AvgLoss=nan, Acc=0.24805, AvgAcc=0.32695]15it [00:19,  3.65it/s, lr=5.00e-03, Loss=nan, AvgLoss=nan, Acc=0.24805, AvgAcc=0.32695]15it [00:20,  3.65it/s, lr=5.00e-03, Loss=nan, AvgLoss=nan, Acc=0.20508, AvgAcc=0.31934]16it [00:20,  3.34it/s, lr=5.00e-03, Loss=nan, AvgLoss=nan, Acc=0.20508, AvgAcc=0.31934]16it [00:20,  3.34it/s, lr=5.00e-03, Loss=nan, AvgLoss=nan, Acc=0.24609, AvgAcc=0.31503]17it [00:20,  3.66it/s, lr=5.00e-03, Loss=nan, AvgLoss=nan, Acc=0.24609, AvgAcc=0.31503]17it [00:20,  3.66it/s, lr=5.00e-03, Loss=nan, AvgLoss=nan, Acc=0.20898, AvgAcc=0.30914]18it [00:20,  3.86it/s, lr=5.00e-03, Loss=nan, AvgLoss=nan, Acc=0.20898, AvgAcc=0.30914]18it [00:20,  3.86it/s, lr=5.00e-03, Loss=nan, AvgLoss=nan, Acc=0.20312, AvgAcc=0.30356]19it [00:20,  4.06it/s, lr=5.00e-03, Loss=nan, AvgLoss=nan, Acc=0.20312, AvgAcc=0.30356]19it [00:20,  4.06it/s, lr=5.00e-03, Loss=nan, AvgLoss=nan, Acc=0.20117, AvgAcc=0.29844]20it [00:20,  4.22it/s, lr=5.00e-03, Loss=nan, AvgLoss=nan, Acc=0.20117, AvgAcc=0.29844]20it [00:21,  4.22it/s, lr=5.00e-03, Loss=nan, AvgLoss=nan, Acc=0.19727, AvgAcc=0.29362]21it [00:21,  3.71it/s, lr=5.00e-03, Loss=nan, AvgLoss=nan, Acc=0.19727, AvgAcc=0.29362]21it [00:21,  3.71it/s, lr=5.00e-03, Loss=nan, AvgLoss=nan, Acc=0.21289, AvgAcc=0.28995]22it [00:21,  3.98it/s, lr=5.00e-03, Loss=nan, AvgLoss=nan, Acc=0.21289, AvgAcc=0.28995]22it [00:21,  3.98it/s, lr=5.00e-03, Loss=nan, AvgLoss=nan, Acc=0.20312, AvgAcc=0.28618]23it [00:21,  4.04it/s, lr=5.00e-03, Loss=nan, AvgLoss=nan, Acc=0.20312, AvgAcc=0.28618]23it [00:21,  4.04it/s, lr=5.00e-03, Loss=nan, AvgLoss=nan, Acc=0.22656, AvgAcc=0.28369]24it [00:21,  4.21it/s, lr=5.00e-03, Loss=nan, AvgLoss=nan, Acc=0.22656, AvgAcc=0.28369]24it [00:22,  4.21it/s, lr=5.00e-03, Loss=nan, AvgLoss=nan, Acc=0.19141, AvgAcc=0.28000]25it [00:22,  4.35it/s, lr=5.00e-03, Loss=nan, AvgLoss=nan, Acc=0.19141, AvgAcc=0.28000]25it [00:22,  4.35it/s, lr=5.00e-03, Loss=nan, AvgLoss=nan, Acc=0.21484, AvgAcc=0.27749]26it [00:22,  3.66it/s, lr=5.00e-03, Loss=nan, AvgLoss=nan, Acc=0.21484, AvgAcc=0.27749]26it [00:22,  3.66it/s, lr=5.00e-03, Loss=nan, AvgLoss=nan, Acc=0.21680, AvgAcc=0.27525]27it [00:22,  3.92it/s, lr=5.00e-03, Loss=nan, AvgLoss=nan, Acc=0.21680, AvgAcc=0.27525]27it [00:23,  3.92it/s, lr=5.00e-03, Loss=nan, AvgLoss=nan, Acc=0.23828, AvgAcc=0.27393]28it [00:23,  4.07it/s, lr=5.00e-03, Loss=nan, AvgLoss=nan, Acc=0.23828, AvgAcc=0.27393]28it [00:23,  4.07it/s, lr=5.00e-03, Loss=nan, AvgLoss=nan, Acc=0.24219, AvgAcc=0.27283]29it [00:23,  4.23it/s, lr=5.00e-03, Loss=nan, AvgLoss=nan, Acc=0.24219, AvgAcc=0.27283]29it [00:23,  4.23it/s, lr=5.00e-03, Loss=nan, AvgLoss=nan, Acc=0.23047, AvgAcc=0.27142]30it [00:23,  3.78it/s, lr=5.00e-03, Loss=nan, AvgLoss=nan, Acc=0.23047, AvgAcc=0.27142]30it [00:23,  3.78it/s, lr=5.00e-03, Loss=nan, AvgLoss=nan, Acc=0.23242, AvgAcc=0.27016]31it [00:23,  3.99it/s, lr=5.00e-03, Loss=nan, AvgLoss=nan, Acc=0.23242, AvgAcc=0.27016]31it [00:23,  3.99it/s, lr=5.00e-03, Loss=nan, AvgLoss=nan, Acc=0.25000, AvgAcc=0.26953]32it [00:23,  4.17it/s, lr=5.00e-03, Loss=nan, AvgLoss=nan, Acc=0.25000, AvgAcc=0.26953]32it [00:24,  4.17it/s, lr=5.00e-03, Loss=nan, AvgLoss=nan, Acc=0.20898, AvgAcc=0.26770]33it [00:24,  4.30it/s, lr=5.00e-03, Loss=nan, AvgLoss=nan, Acc=0.20898, AvgAcc=0.26770]33it [00:24,  4.30it/s, lr=5.00e-03, Loss=nan, AvgLoss=nan, Acc=0.23242, AvgAcc=0.26666]34it [00:24,  4.38it/s, lr=5.00e-03, Loss=nan, AvgLoss=nan, Acc=0.23242, AvgAcc=0.26666]34it [00:24,  4.38it/s, lr=5.00e-03, Loss=nan, AvgLoss=nan, Acc=0.25781, AvgAcc=0.26641]35it [00:24,  3.71it/s, lr=5.00e-03, Loss=nan, AvgLoss=nan, Acc=0.25781, AvgAcc=0.26641]35it [00:25,  3.71it/s, lr=5.00e-03, Loss=nan, AvgLoss=nan, Acc=0.19336, AvgAcc=0.26438]36it [00:25,  3.87it/s, lr=5.00e-03, Loss=nan, AvgLoss=nan, Acc=0.19336, AvgAcc=0.26438]36it [00:25,  3.87it/s, lr=5.00e-03, Loss=nan, AvgLoss=nan, Acc=0.26758, AvgAcc=0.26446]37it [00:25,  4.11it/s, lr=5.00e-03, Loss=nan, AvgLoss=nan, Acc=0.26758, AvgAcc=0.26446]37it [00:29,  4.11it/s, lr=5.00e-03, Loss=nan, AvgLoss=nan, Acc=0.24609, AvgAcc=0.26398]38it [00:29,  1.41s/it, lr=5.00e-03, Loss=nan, AvgLoss=nan, Acc=0.24609, AvgAcc=0.26398]38it [00:29,  1.41s/it, lr=5.00e-03, Loss=nan, AvgLoss=nan, Acc=0.17773, AvgAcc=0.26177]39it [00:29,  1.06s/it, lr=5.00e-03, Loss=nan, AvgLoss=nan, Acc=0.17773, AvgAcc=0.26177]39it [00:29,  1.06s/it, lr=5.00e-03, Loss=nan, AvgLoss=nan, Acc=0.22656, AvgAcc=0.26089]40it [00:29,  1.24it/s, lr=5.00e-03, Loss=nan, AvgLoss=nan, Acc=0.22656, AvgAcc=0.26089]40it [00:30,  1.24it/s, lr=5.00e-03, Loss=nan, AvgLoss=nan, Acc=0.20312, AvgAcc=0.25948]41it [00:30,  1.49it/s, lr=5.00e-03, Loss=nan, AvgLoss=nan, Acc=0.20312, AvgAcc=0.25948]41it [00:30,  1.49it/s, lr=5.00e-03, Loss=nan, AvgLoss=nan, Acc=0.20898, AvgAcc=0.25828]42it [00:30,  1.86it/s, lr=5.00e-03, Loss=nan, AvgLoss=nan, Acc=0.20898, AvgAcc=0.25828]42it [00:30,  1.86it/s, lr=5.00e-03, Loss=nan, AvgLoss=nan, Acc=0.19336, AvgAcc=0.25677]43it [00:30,  2.26it/s, lr=5.00e-03, Loss=nan, AvgLoss=nan, Acc=0.19336, AvgAcc=0.25677]43it [00:30,  2.26it/s, lr=5.00e-03, Loss=nan, AvgLoss=nan, Acc=0.21484, AvgAcc=0.25581]44it [00:30,  2.74it/s, lr=5.00e-03, Loss=nan, AvgLoss=nan, Acc=0.21484, AvgAcc=0.25581]44it [00:31,  2.74it/s, lr=5.00e-03, Loss=nan, AvgLoss=nan, Acc=0.24609, AvgAcc=0.25560]45it [00:31,  2.78it/s, lr=5.00e-03, Loss=nan, AvgLoss=nan, Acc=0.24609, AvgAcc=0.25560]45it [00:31,  2.78it/s, lr=5.00e-03, Loss=nan, AvgLoss=nan, Acc=0.21484, AvgAcc=0.25471]46it [00:31,  3.18it/s, lr=5.00e-03, Loss=nan, AvgLoss=nan, Acc=0.21484, AvgAcc=0.25471]46it [00:31,  3.18it/s, lr=5.00e-03, Loss=nan, AvgLoss=nan, Acc=0.21094, AvgAcc=0.25378]47it [00:31,  3.57it/s, lr=5.00e-03, Loss=nan, AvgLoss=nan, Acc=0.21094, AvgAcc=0.25378]47it [00:31,  3.57it/s, lr=5.00e-03, Loss=nan, AvgLoss=nan, Acc=0.18555, AvgAcc=0.25236]48it [00:31,  3.79it/s, lr=5.00e-03, Loss=nan, AvgLoss=nan, Acc=0.18555, AvgAcc=0.25236]48it [00:31,  3.79it/s, lr=5.00e-03, Loss=nan, AvgLoss=nan, Acc=0.19336, AvgAcc=0.25116]49it [00:31,  4.07it/s, lr=5.00e-03, Loss=nan, AvgLoss=nan, Acc=0.19336, AvgAcc=0.25116]49it [00:32,  4.07it/s, lr=5.00e-03, Loss=nan, AvgLoss=nan, Acc=0.22266, AvgAcc=0.25059]50it [00:32,  3.76it/s, lr=5.00e-03, Loss=nan, AvgLoss=nan, Acc=0.22266, AvgAcc=0.25059]50it [00:32,  3.76it/s, lr=5.00e-03, Loss=nan, AvgLoss=nan, Acc=0.20117, AvgAcc=0.24962]51it [00:32,  3.99it/s, lr=5.00e-03, Loss=nan, AvgLoss=nan, Acc=0.20117, AvgAcc=0.24962]51it [00:32,  3.99it/s, lr=5.00e-03, Loss=nan, AvgLoss=nan, Acc=0.22656, AvgAcc=0.24917]52it [00:32,  4.30it/s, lr=5.00e-03, Loss=nan, AvgLoss=nan, Acc=0.22656, AvgAcc=0.24917]52it [00:32,  4.30it/s, lr=5.00e-03, Loss=nan, AvgLoss=nan, Acc=0.20117, AvgAcc=0.24827]53it [00:32,  4.36it/s, lr=5.00e-03, Loss=nan, AvgLoss=nan, Acc=0.20117, AvgAcc=0.24827]53it [00:33,  4.36it/s, lr=5.00e-03, Loss=nan, AvgLoss=nan, Acc=0.20898, AvgAcc=0.24754]54it [00:33,  4.45it/s, lr=5.00e-03, Loss=nan, AvgLoss=nan, Acc=0.20898, AvgAcc=0.24754]54it [00:33,  4.45it/s, lr=5.00e-03, Loss=nan, AvgLoss=nan, Acc=0.25586, AvgAcc=0.24769]55it [00:33,  3.71it/s, lr=5.00e-03, Loss=nan, AvgLoss=nan, Acc=0.25586, AvgAcc=0.24769]55it [00:33,  3.71it/s, lr=5.00e-03, Loss=nan, AvgLoss=nan, Acc=0.21094, AvgAcc=0.24704]56it [00:33,  3.76it/s, lr=5.00e-03, Loss=nan, AvgLoss=nan, Acc=0.21094, AvgAcc=0.24704]56it [00:33,  3.76it/s, lr=5.00e-03, Loss=nan, AvgLoss=nan, Acc=0.22852, AvgAcc=0.24671]57it [00:33,  4.01it/s, lr=5.00e-03, Loss=nan, AvgLoss=nan, Acc=0.22852, AvgAcc=0.24671]57it [00:34,  4.01it/s, lr=5.00e-03, Loss=nan, AvgLoss=nan, Acc=0.23828, AvgAcc=0.24657]58it [00:34,  4.23it/s, lr=5.00e-03, Loss=nan, AvgLoss=nan, Acc=0.23828, AvgAcc=0.24657]58it [00:34,  4.23it/s, lr=5.00e-03, Loss=nan, AvgLoss=nan, Acc=0.24609, AvgAcc=0.24656]59it [00:34,  3.61it/s, lr=5.00e-03, Loss=nan, AvgLoss=nan, Acc=0.24609, AvgAcc=0.24656]59it [00:34,  3.61it/s, lr=5.00e-03, Loss=nan, AvgLoss=nan, Acc=0.23633, AvgAcc=0.24639]60it [00:34,  3.87it/s, lr=5.00e-03, Loss=nan, AvgLoss=nan, Acc=0.23633, AvgAcc=0.24639]60it [00:35,  3.87it/s, lr=5.00e-03, Loss=nan, AvgLoss=nan, Acc=0.19922, AvgAcc=0.24561]61it [00:35,  3.95it/s, lr=5.00e-03, Loss=nan, AvgLoss=nan, Acc=0.19922, AvgAcc=0.24561]61it [00:35,  3.95it/s, lr=5.00e-03, Loss=nan, AvgLoss=nan, Acc=0.23633, AvgAcc=0.24546]62it [00:35,  4.12it/s, lr=5.00e-03, Loss=nan, AvgLoss=nan, Acc=0.23633, AvgAcc=0.24546]62it [00:35,  4.12it/s, lr=5.00e-03, Loss=nan, AvgLoss=nan, Acc=0.21875, AvgAcc=0.24504]63it [00:35,  4.26it/s, lr=5.00e-03, Loss=nan, AvgLoss=nan, Acc=0.21875, AvgAcc=0.24504]63it [00:35,  4.26it/s, lr=5.00e-03, Loss=nan, AvgLoss=nan, Acc=0.21289, AvgAcc=0.24454]64it [00:35,  3.81it/s, lr=5.00e-03, Loss=nan, AvgLoss=nan, Acc=0.21289, AvgAcc=0.24454]64it [00:35,  3.81it/s, lr=5.00e-03, Loss=nan, AvgLoss=nan, Acc=0.23828, AvgAcc=0.24444]65it [00:35,  4.08it/s, lr=5.00e-03, Loss=nan, AvgLoss=nan, Acc=0.23828, AvgAcc=0.24444]65it [00:36,  4.08it/s, lr=5.00e-03, Loss=nan, AvgLoss=nan, Acc=0.21289, AvgAcc=0.24396]66it [00:36,  4.26it/s, lr=5.00e-03, Loss=nan, AvgLoss=nan, Acc=0.21289, AvgAcc=0.24396]66it [00:36,  4.26it/s, lr=5.00e-03, Loss=nan, AvgLoss=nan, Acc=0.21484, AvgAcc=0.24353]67it [00:36,  4.34it/s, lr=5.00e-03, Loss=nan, AvgLoss=nan, Acc=0.21484, AvgAcc=0.24353]67it [00:36,  4.34it/s, lr=5.00e-03, Loss=nan, AvgLoss=nan, Acc=0.20312, AvgAcc=0.24293]68it [00:36,  4.46it/s, lr=5.00e-03, Loss=nan, AvgLoss=nan, Acc=0.20312, AvgAcc=0.24293]68it [00:36,  4.46it/s, lr=5.00e-03, Loss=nan, AvgLoss=nan, Acc=0.20508, AvgAcc=0.24239]69it [00:36,  3.77it/s, lr=5.00e-03, Loss=nan, AvgLoss=nan, Acc=0.20508, AvgAcc=0.24239]69it [00:37,  3.77it/s, lr=5.00e-03, Loss=nan, AvgLoss=nan, Acc=0.25586, AvgAcc=0.24258]70it [00:37,  3.97it/s, lr=5.00e-03, Loss=nan, AvgLoss=nan, Acc=0.25586, AvgAcc=0.24258]70it [00:37,  3.97it/s, lr=5.00e-03, Loss=nan, AvgLoss=nan, Acc=0.19922, AvgAcc=0.24197]71it [00:37,  3.91it/s, lr=5.00e-03, Loss=nan, AvgLoss=nan, Acc=0.19922, AvgAcc=0.24197]71it [00:37,  3.91it/s, lr=5.00e-03, Loss=nan, AvgLoss=nan, Acc=0.22852, AvgAcc=0.24178]72it [00:37,  4.00it/s, lr=5.00e-03, Loss=nan, AvgLoss=nan, Acc=0.22852, AvgAcc=0.24178]72it [00:38,  4.00it/s, lr=5.00e-03, Loss=nan, AvgLoss=nan, Acc=0.22070, AvgAcc=0.24149]73it [00:38,  3.57it/s, lr=5.00e-03, Loss=nan, AvgLoss=nan, Acc=0.22070, AvgAcc=0.24149]73it [00:38,  3.57it/s, lr=5.00e-03, Loss=nan, AvgLoss=nan, Acc=0.25195, AvgAcc=0.24163]74it [00:38,  3.88it/s, lr=5.00e-03, Loss=nan, AvgLoss=nan, Acc=0.25195, AvgAcc=0.24163]74it [00:38,  3.88it/s, lr=5.00e-03, Loss=nan, AvgLoss=nan, Acc=0.19336, AvgAcc=0.24099]75it [00:38,  4.15it/s, lr=5.00e-03, Loss=nan, AvgLoss=nan, Acc=0.19336, AvgAcc=0.24099]75it [00:44,  4.15it/s, lr=5.00e-03, Loss=nan, AvgLoss=nan, Acc=0.24414, AvgAcc=0.24103]76it [00:44,  2.08s/it, lr=5.00e-03, Loss=nan, AvgLoss=nan, Acc=0.24414, AvgAcc=0.24103]76it [00:45,  2.08s/it, lr=5.00e-03, Loss=nan, AvgLoss=nan, Acc=0.17773, AvgAcc=0.24021]77it [00:45,  1.52s/it, lr=5.00e-03, Loss=nan, AvgLoss=nan, Acc=0.17773, AvgAcc=0.24021]77it [00:45,  1.52s/it, lr=5.00e-03, Loss=nan, AvgLoss=nan, Acc=0.21484, AvgAcc=0.23988]78it [00:45,  1.17s/it, lr=5.00e-03, Loss=nan, AvgLoss=nan, Acc=0.21484, AvgAcc=0.23988]78it [00:45,  1.17s/it, lr=5.00e-03, Loss=nan, AvgLoss=nan, Acc=0.23047, AvgAcc=0.23976]79it [00:45,  1.13it/s, lr=5.00e-03, Loss=nan, AvgLoss=nan, Acc=0.23047, AvgAcc=0.23976]79it [00:45,  1.13it/s, lr=5.00e-03, Loss=nan, AvgLoss=nan, Acc=0.23828, AvgAcc=0.23975]80it [00:45,  1.47it/s, lr=5.00e-03, Loss=nan, AvgLoss=nan, Acc=0.23828, AvgAcc=0.23975]80it [00:46,  1.47it/s, lr=5.00e-03, Loss=nan, AvgLoss=nan, Acc=0.21875, AvgAcc=0.23949]81it [00:46,  1.85it/s, lr=5.00e-03, Loss=nan, AvgLoss=nan, Acc=0.21875, AvgAcc=0.23949]81it [00:46,  1.85it/s, lr=5.00e-03, Loss=nan, AvgLoss=nan, Acc=0.22461, AvgAcc=0.23931]82it [00:46,  2.10it/s, lr=5.00e-03, Loss=nan, AvgLoss=nan, Acc=0.22461, AvgAcc=0.23931]82it [00:46,  2.10it/s, lr=5.00e-03, Loss=nan, AvgLoss=nan, Acc=0.23633, AvgAcc=0.23927]83it [00:46,  2.53it/s, lr=5.00e-03, Loss=nan, AvgLoss=nan, Acc=0.23633, AvgAcc=0.23927]83it [00:46,  2.53it/s, lr=5.00e-03, Loss=nan, AvgLoss=nan, Acc=0.22070, AvgAcc=0.23905]84it [00:46,  2.86it/s, lr=5.00e-03, Loss=nan, AvgLoss=nan, Acc=0.22070, AvgAcc=0.23905]84it [00:47,  2.86it/s, lr=5.00e-03, Loss=nan, AvgLoss=nan, Acc=0.18359, AvgAcc=0.23840]85it [00:47,  3.20it/s, lr=5.00e-03, Loss=nan, AvgLoss=nan, Acc=0.18359, AvgAcc=0.23840]85it [00:47,  3.20it/s, lr=5.00e-03, Loss=nan, AvgLoss=nan, Acc=0.21875, AvgAcc=0.23817]86it [00:47,  3.54it/s, lr=5.00e-03, Loss=nan, AvgLoss=nan, Acc=0.21875, AvgAcc=0.23817]86it [00:47,  3.54it/s, lr=5.00e-03, Loss=nan, AvgLoss=nan, Acc=0.21289, AvgAcc=0.23788]87it [00:47,  3.21it/s, lr=5.00e-03, Loss=nan, AvgLoss=nan, Acc=0.21289, AvgAcc=0.23788]87it [00:47,  3.21it/s, lr=5.00e-03, Loss=nan, AvgLoss=nan, Acc=0.23438, AvgAcc=0.23784]88it [00:47,  3.55it/s, lr=5.00e-03, Loss=nan, AvgLoss=nan, Acc=0.23438, AvgAcc=0.23784]88it [00:48,  3.55it/s, lr=5.00e-03, Loss=nan, AvgLoss=nan, Acc=0.20898, AvgAcc=0.23751]89it [00:48,  3.81it/s, lr=5.00e-03, Loss=nan, AvgLoss=nan, Acc=0.20898, AvgAcc=0.23751]89it [00:48,  3.81it/s, lr=5.00e-03, Loss=nan, AvgLoss=nan, Acc=0.20898, AvgAcc=0.23720]90it [00:48,  4.05it/s, lr=5.00e-03, Loss=nan, AvgLoss=nan, Acc=0.20898, AvgAcc=0.23720]90it [00:48,  4.05it/s, lr=5.00e-03, Loss=nan, AvgLoss=nan, Acc=0.19922, AvgAcc=0.23678]91it [00:48,  4.19it/s, lr=5.00e-03, Loss=nan, AvgLoss=nan, Acc=0.19922, AvgAcc=0.23678]91it [00:48,  4.19it/s, lr=5.00e-03, Loss=nan, AvgLoss=nan, Acc=0.23828, AvgAcc=0.23680]92it [00:48,  3.60it/s, lr=5.00e-03, Loss=nan, AvgLoss=nan, Acc=0.23828, AvgAcc=0.23680]92it [00:49,  3.60it/s, lr=5.00e-03, Loss=nan, AvgLoss=nan, Acc=0.27344, AvgAcc=0.23719]93it [00:49,  3.92it/s, lr=5.00e-03, Loss=nan, AvgLoss=nan, Acc=0.27344, AvgAcc=0.23719]93it [00:49,  3.92it/s, lr=5.00e-03, Loss=nan, AvgLoss=nan, Acc=0.21094, AvgAcc=0.23691]94it [00:49,  3.99it/s, lr=5.00e-03, Loss=nan, AvgLoss=nan, Acc=0.21094, AvgAcc=0.23691]94it [00:49,  3.99it/s, lr=5.00e-03, Loss=nan, AvgLoss=nan, Acc=0.20312, AvgAcc=0.23655]95it [00:49,  4.17it/s, lr=5.00e-03, Loss=nan, AvgLoss=nan, Acc=0.20312, AvgAcc=0.23655]95it [00:49,  4.17it/s, lr=5.00e-03, Loss=nan, AvgLoss=nan, Acc=0.20508, AvgAcc=0.23623]96it [00:49,  3.70it/s, lr=5.00e-03, Loss=nan, AvgLoss=nan, Acc=0.20508, AvgAcc=0.23623]96it [00:50,  3.70it/s, lr=5.00e-03, Loss=nan, AvgLoss=nan, Acc=0.22070, AvgAcc=0.23607]97it [00:50,  3.87it/s, lr=5.00e-03, Loss=nan, AvgLoss=nan, Acc=0.22070, AvgAcc=0.23607]97it [00:50,  3.87it/s, lr=5.00e-03, Loss=nan, AvgLoss=nan, Acc=0.21680, AvgAcc=0.23587]98it [00:50,  4.04it/s, lr=5.00e-03, Loss=nan, AvgLoss=nan, Acc=0.21680, AvgAcc=0.23587]98it [00:50,  4.04it/s, lr=5.00e-03, Loss=nan, AvgLoss=nan, Acc=0.23438, AvgAcc=0.23585]99it [00:50,  4.26it/s, lr=5.00e-03, Loss=nan, AvgLoss=nan, Acc=0.23438, AvgAcc=0.23585]99it [00:50,  4.26it/s, lr=5.00e-03, Loss=nan, AvgLoss=nan, Acc=0.21094, AvgAcc=0.23561]100it [00:50,  4.51it/s, lr=5.00e-03, Loss=nan, AvgLoss=nan, Acc=0.21094, AvgAcc=0.23561]100it [00:51,  4.51it/s, lr=5.00e-03, Loss=nan, AvgLoss=nan, Acc=0.20117, AvgAcc=0.23526]101it [00:51,  3.73it/s, lr=5.00e-03, Loss=nan, AvgLoss=nan, Acc=0.20117, AvgAcc=0.23526]101it [00:51,  3.73it/s, lr=5.00e-03, Loss=nan, AvgLoss=nan, Acc=0.22266, AvgAcc=0.23514]102it [00:51,  3.93it/s, lr=5.00e-03, Loss=nan, AvgLoss=nan, Acc=0.22266, AvgAcc=0.23514]102it [00:51,  3.93it/s, lr=5.00e-03, Loss=nan, AvgLoss=nan, Acc=0.20703, AvgAcc=0.23487]103it [00:51,  4.01it/s, lr=5.00e-03, Loss=nan, AvgLoss=nan, Acc=0.20703, AvgAcc=0.23487]103it [00:51,  4.01it/s, lr=5.00e-03, Loss=nan, AvgLoss=nan, Acc=0.22852, AvgAcc=0.23481]104it [00:51,  4.13it/s, lr=5.00e-03, Loss=nan, AvgLoss=nan, Acc=0.22852, AvgAcc=0.23481]104it [00:52,  4.13it/s, lr=5.00e-03, Loss=nan, AvgLoss=nan, Acc=0.21875, AvgAcc=0.23465]105it [00:52,  3.61it/s, lr=5.00e-03, Loss=nan, AvgLoss=nan, Acc=0.21875, AvgAcc=0.23465]105it [00:52,  3.61it/s, lr=5.00e-03, Loss=nan, AvgLoss=nan, Acc=0.23633, AvgAcc=0.23467]106it [00:52,  3.86it/s, lr=5.00e-03, Loss=nan, AvgLoss=nan, Acc=0.23633, AvgAcc=0.23467]106it [00:52,  3.86it/s, lr=5.00e-03, Loss=nan, AvgLoss=nan, Acc=0.22461, AvgAcc=0.23458]107it [00:52,  4.20it/s, lr=5.00e-03, Loss=nan, AvgLoss=nan, Acc=0.22461, AvgAcc=0.23458]107it [00:52,  4.20it/s, lr=5.00e-03, Loss=nan, AvgLoss=nan, Acc=0.22852, AvgAcc=0.23452]108it [00:52,  4.29it/s, lr=5.00e-03, Loss=nan, AvgLoss=nan, Acc=0.22852, AvgAcc=0.23452]108it [00:52,  4.29it/s, lr=5.00e-03, Loss=nan, AvgLoss=nan, Acc=0.22852, AvgAcc=0.23446]109it [00:52,  4.46it/s, lr=5.00e-03, Loss=nan, AvgLoss=nan, Acc=0.22852, AvgAcc=0.23446]109it [00:53,  4.46it/s, lr=5.00e-03, Loss=nan, AvgLoss=nan, Acc=0.22070, AvgAcc=0.23434]110it [00:53,  3.73it/s, lr=5.00e-03, Loss=nan, AvgLoss=nan, Acc=0.22070, AvgAcc=0.23434]110it [00:53,  3.73it/s, lr=5.00e-03, Loss=nan, AvgLoss=nan, Acc=0.22266, AvgAcc=0.23423]111it [00:53,  3.94it/s, lr=5.00e-03, Loss=nan, AvgLoss=nan, Acc=0.22266, AvgAcc=0.23423]111it [00:53,  3.94it/s, lr=5.00e-03, Loss=nan, AvgLoss=nan, Acc=0.23047, AvgAcc=0.23420]112it [00:53,  4.12it/s, lr=5.00e-03, Loss=nan, AvgLoss=nan, Acc=0.23047, AvgAcc=0.23420]112it [00:53,  4.12it/s, lr=5.00e-03, Loss=nan, AvgLoss=nan, Acc=0.22070, AvgAcc=0.23408]113it [00:53,  4.25it/s, lr=5.00e-03, Loss=nan, AvgLoss=nan, Acc=0.22070, AvgAcc=0.23408]113it [01:00,  4.25it/s, lr=5.00e-03, Loss=nan, AvgLoss=nan, Acc=0.21680, AvgAcc=0.23393]114it [01:00,  2.16s/it, lr=5.00e-03, Loss=nan, AvgLoss=nan, Acc=0.21680, AvgAcc=0.23393]114it [01:00,  2.16s/it, lr=5.00e-03, Loss=nan, AvgLoss=nan, Acc=0.21680, AvgAcc=0.23378]115it [01:00,  1.58s/it, lr=5.00e-03, Loss=nan, AvgLoss=nan, Acc=0.21680, AvgAcc=0.23378]115it [01:01,  1.58s/it, lr=5.00e-03, Loss=nan, AvgLoss=nan, Acc=0.21094, AvgAcc=0.23358]116it [01:01,  1.16s/it, lr=5.00e-03, Loss=nan, AvgLoss=nan, Acc=0.21094, AvgAcc=0.23358]116it [01:01,  1.16s/it, lr=5.00e-03, Loss=nan, AvgLoss=nan, Acc=0.25391, AvgAcc=0.23376]117it [01:01,  1.14it/s, lr=5.00e-03, Loss=nan, AvgLoss=nan, Acc=0.25391, AvgAcc=0.23376]117it [01:01,  1.14it/s, lr=5.00e-03, Loss=nan, AvgLoss=nan, Acc=0.21094, AvgAcc=0.23356]118it [01:01,  1.48it/s, lr=5.00e-03, Loss=nan, AvgLoss=nan, Acc=0.21094, AvgAcc=0.23356]118it [01:01,  1.48it/s, lr=5.00e-03, Loss=nan, AvgLoss=nan, Acc=0.22656, AvgAcc=0.23351]119it [01:01,  1.71it/s, lr=5.00e-03, Loss=nan, AvgLoss=nan, Acc=0.22656, AvgAcc=0.23351]119it [01:02,  1.71it/s, lr=5.00e-03, Loss=nan, AvgLoss=nan, Acc=0.19727, AvgAcc=0.23320]120it [01:02,  2.10it/s, lr=5.00e-03, Loss=nan, AvgLoss=nan, Acc=0.19727, AvgAcc=0.23320]120it [01:02,  2.10it/s, lr=5.00e-03, Loss=nan, AvgLoss=nan, Acc=0.22461, AvgAcc=0.23313]121it [01:02,  2.47it/s, lr=5.00e-03, Loss=nan, AvgLoss=nan, Acc=0.22461, AvgAcc=0.23313]121it [01:02,  2.47it/s, lr=5.00e-03, Loss=nan, AvgLoss=nan, Acc=0.19531, AvgAcc=0.23282]122it [01:02,  2.89it/s, lr=5.00e-03, Loss=nan, AvgLoss=nan, Acc=0.19531, AvgAcc=0.23282]122it [01:02,  2.89it/s, lr=5.00e-03, Loss=nan, AvgLoss=nan, Acc=0.23828, AvgAcc=0.23287]123it [01:02,  2.92it/s, lr=5.00e-03, Loss=nan, AvgLoss=nan, Acc=0.23828, AvgAcc=0.23287]123it [01:03,  2.92it/s, lr=5.00e-03, Loss=nan, AvgLoss=nan, Acc=0.21094, AvgAcc=0.23269]124it [01:03,  3.33it/s, lr=5.00e-03, Loss=nan, AvgLoss=nan, Acc=0.21094, AvgAcc=0.23269]124it [01:03,  3.33it/s, lr=5.00e-03, Loss=nan, AvgLoss=nan, Acc=0.20508, AvgAcc=0.23247]125it [01:03,  3.58it/s, lr=5.00e-03, Loss=nan, AvgLoss=nan, Acc=0.20508, AvgAcc=0.23247]125it [01:03,  3.58it/s, lr=5.00e-03, Loss=nan, AvgLoss=nan, Acc=0.21680, AvgAcc=0.23234]126it [01:03,  3.84it/s, lr=5.00e-03, Loss=nan, AvgLoss=nan, Acc=0.21680, AvgAcc=0.23234]126it [01:03,  3.84it/s, lr=5.00e-03, Loss=nan, AvgLoss=nan, Acc=0.18945, AvgAcc=0.23201]127it [01:03,  4.13it/s, lr=5.00e-03, Loss=nan, AvgLoss=nan, Acc=0.18945, AvgAcc=0.23201]127it [01:04,  4.13it/s, lr=5.00e-03, Loss=nan, AvgLoss=nan, Acc=0.20508, AvgAcc=0.23180]128it [01:04,  3.80it/s, lr=5.00e-03, Loss=nan, AvgLoss=nan, Acc=0.20508, AvgAcc=0.23180]128it [01:04,  3.80it/s, lr=5.00e-03, Loss=nan, AvgLoss=nan, Acc=0.21094, AvgAcc=0.23163]129it [01:04,  4.05it/s, lr=5.00e-03, Loss=nan, AvgLoss=nan, Acc=0.21094, AvgAcc=0.23163]129it [01:04,  4.05it/s, lr=5.00e-03, Loss=nan, AvgLoss=nan, Acc=0.23242, AvgAcc=0.23164]130it [01:04,  4.26it/s, lr=5.00e-03, Loss=nan, AvgLoss=nan, Acc=0.23242, AvgAcc=0.23164]130it [01:04,  4.26it/s, lr=5.00e-03, Loss=nan, AvgLoss=nan, Acc=0.22461, AvgAcc=0.23159]131it [01:04,  4.37it/s, lr=5.00e-03, Loss=nan, AvgLoss=nan, Acc=0.22461, AvgAcc=0.23159]131it [01:04,  4.37it/s, lr=5.00e-03, Loss=nan, AvgLoss=nan, Acc=0.20898, AvgAcc=0.23142]132it [01:04,  4.53it/s, lr=5.00e-03, Loss=nan, AvgLoss=nan, Acc=0.20898, AvgAcc=0.23142]132it [01:05,  4.53it/s, lr=5.00e-03, Loss=nan, AvgLoss=nan, Acc=0.25391, AvgAcc=0.23158]133it [01:05,  3.97it/s, lr=5.00e-03, Loss=nan, AvgLoss=nan, Acc=0.25391, AvgAcc=0.23158]133it [01:05,  3.97it/s, lr=5.00e-03, Loss=nan, AvgLoss=nan, Acc=0.22461, AvgAcc=0.23153]134it [01:05,  4.21it/s, lr=5.00e-03, Loss=nan, AvgLoss=nan, Acc=0.22461, AvgAcc=0.23153]134it [01:05,  4.21it/s, lr=5.00e-03, Loss=nan, AvgLoss=nan, Acc=0.22461, AvgAcc=0.23148]135it [01:05,  4.39it/s, lr=5.00e-03, Loss=nan, AvgLoss=nan, Acc=0.22461, AvgAcc=0.23148]135it [01:05,  4.39it/s, lr=5.00e-03, Loss=nan, AvgLoss=nan, Acc=0.18750, AvgAcc=0.23116]136it [01:05,  4.27it/s, lr=5.00e-03, Loss=nan, AvgLoss=nan, Acc=0.18750, AvgAcc=0.23116]136it [01:06,  4.27it/s, lr=5.00e-03, Loss=nan, AvgLoss=nan, Acc=0.19531, AvgAcc=0.23090]137it [01:06,  3.81it/s, lr=5.00e-03, Loss=nan, AvgLoss=nan, Acc=0.19531, AvgAcc=0.23090]137it [01:06,  3.81it/s, lr=5.00e-03, Loss=nan, AvgLoss=nan, Acc=0.19727, AvgAcc=0.23065]138it [01:06,  4.02it/s, lr=5.00e-03, Loss=nan, AvgLoss=nan, Acc=0.19727, AvgAcc=0.23065]138it [01:06,  4.02it/s, lr=5.00e-03, Loss=nan, AvgLoss=nan, Acc=0.23828, AvgAcc=0.23071]139it [01:06,  4.17it/s, lr=5.00e-03, Loss=nan, AvgLoss=nan, Acc=0.23828, AvgAcc=0.23071]139it [01:06,  4.17it/s, lr=5.00e-03, Loss=nan, AvgLoss=nan, Acc=0.22070, AvgAcc=0.23064]140it [01:06,  4.30it/s, lr=5.00e-03, Loss=nan, AvgLoss=nan, Acc=0.22070, AvgAcc=0.23064]140it [01:06,  4.30it/s, lr=5.00e-03, Loss=nan, AvgLoss=nan, Acc=0.18945, AvgAcc=0.23034]141it [01:06,  4.51it/s, lr=5.00e-03, Loss=nan, AvgLoss=nan, Acc=0.18945, AvgAcc=0.23034]141it [01:07,  4.51it/s, lr=5.00e-03, Loss=nan, AvgLoss=nan, Acc=0.22266, AvgAcc=0.23029]142it [01:07,  3.88it/s, lr=5.00e-03, Loss=nan, AvgLoss=nan, Acc=0.22266, AvgAcc=0.23029]142it [01:07,  3.88it/s, lr=5.00e-03, Loss=nan, AvgLoss=nan, Acc=0.24609, AvgAcc=0.23040]143it [01:07,  4.11it/s, lr=5.00e-03, Loss=nan, AvgLoss=nan, Acc=0.24609, AvgAcc=0.23040]143it [01:07,  4.11it/s, lr=5.00e-03, Loss=nan, AvgLoss=nan, Acc=0.17773, AvgAcc=0.23003]144it [01:07,  4.20it/s, lr=5.00e-03, Loss=nan, AvgLoss=nan, Acc=0.17773, AvgAcc=0.23003]144it [01:07,  4.20it/s, lr=5.00e-03, Loss=nan, AvgLoss=nan, Acc=0.19531, AvgAcc=0.22980]145it [01:07,  4.36it/s, lr=5.00e-03, Loss=nan, AvgLoss=nan, Acc=0.19531, AvgAcc=0.22980]145it [01:08,  4.36it/s, lr=5.00e-03, Loss=nan, AvgLoss=nan, Acc=0.22656, AvgAcc=0.22977]146it [01:08,  3.88it/s, lr=5.00e-03, Loss=nan, AvgLoss=nan, Acc=0.22656, AvgAcc=0.22977]146it [01:08,  3.88it/s, lr=5.00e-03, Loss=nan, AvgLoss=nan, Acc=0.24023, AvgAcc=0.22984]147it [01:08,  4.07it/s, lr=5.00e-03, Loss=nan, AvgLoss=nan, Acc=0.24023, AvgAcc=0.22984]147it [01:08,  4.07it/s, lr=5.00e-03, Loss=nan, AvgLoss=nan, Acc=0.22461, AvgAcc=0.22981]148it [01:08,  4.34it/s, lr=5.00e-03, Loss=nan, AvgLoss=nan, Acc=0.22461, AvgAcc=0.22981]148it [01:08,  4.34it/s, lr=5.00e-03, Loss=nan, AvgLoss=nan, Acc=0.22070, AvgAcc=0.22975]149it [01:08,  4.44it/s, lr=5.00e-03, Loss=nan, AvgLoss=nan, Acc=0.22070, AvgAcc=0.22975]149it [01:09,  4.44it/s, lr=5.00e-03, Loss=nan, AvgLoss=nan, Acc=0.25195, AvgAcc=0.22990]150it [01:09,  4.45it/s, lr=5.00e-03, Loss=nan, AvgLoss=nan, Acc=0.25195, AvgAcc=0.22990]150it [01:09,  4.45it/s, lr=5.00e-03, Loss=nan, AvgLoss=nan, Acc=0.22266, AvgAcc=0.22985]151it [01:09,  3.64it/s, lr=5.00e-03, Loss=nan, AvgLoss=nan, Acc=0.22266, AvgAcc=0.22985]151it [01:16,  3.64it/s, lr=5.00e-03, Loss=nan, AvgLoss=nan, Acc=0.20703, AvgAcc=0.22970]152it [01:16,  2.16s/it, lr=5.00e-03, Loss=nan, AvgLoss=nan, Acc=0.20703, AvgAcc=0.22970]152it [01:16,  2.16s/it, lr=5.00e-03, Loss=nan, AvgLoss=nan, Acc=0.19922, AvgAcc=0.22950]153it [01:16,  1.58s/it, lr=5.00e-03, Loss=nan, AvgLoss=nan, Acc=0.19922, AvgAcc=0.22950]153it [01:16,  1.58s/it, lr=5.00e-03, Loss=nan, AvgLoss=nan, Acc=0.21094, AvgAcc=0.22938]154it [01:16,  1.22s/it, lr=5.00e-03, Loss=nan, AvgLoss=nan, Acc=0.21094, AvgAcc=0.22938]154it [01:16,  1.22s/it, lr=5.00e-03, Loss=nan, AvgLoss=nan, Acc=0.24219, AvgAcc=0.22946]155it [01:16,  1.09it/s, lr=5.00e-03, Loss=nan, AvgLoss=nan, Acc=0.24219, AvgAcc=0.22946]155it [01:17,  1.09it/s, lr=5.00e-03, Loss=nan, AvgLoss=nan, Acc=0.19922, AvgAcc=0.22927]156it [01:17,  1.41it/s, lr=5.00e-03, Loss=nan, AvgLoss=nan, Acc=0.19922, AvgAcc=0.22927]156it [01:17,  1.41it/s, lr=5.00e-03, Loss=nan, AvgLoss=nan, Acc=0.22461, AvgAcc=0.22924]157it [01:17,  1.77it/s, lr=5.00e-03, Loss=nan, AvgLoss=nan, Acc=0.22461, AvgAcc=0.22924]157it [01:17,  1.77it/s, lr=5.00e-03, Loss=nan, AvgLoss=nan, Acc=0.23047, AvgAcc=0.22924]158it [01:17,  2.01it/s, lr=5.00e-03, Loss=nan, AvgLoss=nan, Acc=0.23047, AvgAcc=0.22924]158it [01:17,  2.01it/s, lr=5.00e-03, Loss=nan, AvgLoss=nan, Acc=0.20312, AvgAcc=0.22908]159it [01:17,  2.42it/s, lr=5.00e-03, Loss=nan, AvgLoss=nan, Acc=0.20312, AvgAcc=0.22908]159it [01:18,  2.42it/s, lr=5.00e-03, Loss=nan, AvgLoss=nan, Acc=0.19531, AvgAcc=0.22887]160it [01:18,  2.82it/s, lr=5.00e-03, Loss=nan, AvgLoss=nan, Acc=0.19531, AvgAcc=0.22887]160it [01:18,  2.82it/s, lr=5.00e-03, Loss=nan, AvgLoss=nan, Acc=0.19336, AvgAcc=0.22865]161it [01:18,  3.13it/s, lr=5.00e-03, Loss=nan, AvgLoss=nan, Acc=0.19336, AvgAcc=0.22865]161it [01:18,  3.13it/s, lr=5.00e-03, Loss=nan, AvgLoss=nan, Acc=0.23242, AvgAcc=0.22867]162it [01:18,  3.44it/s, lr=5.00e-03, Loss=nan, AvgLoss=nan, Acc=0.23242, AvgAcc=0.22867]162it [01:18,  3.44it/s, lr=5.00e-03, Loss=nan, AvgLoss=nan, Acc=0.20898, AvgAcc=0.22855]163it [01:18,  3.31it/s, lr=5.00e-03, Loss=nan, AvgLoss=nan, Acc=0.20898, AvgAcc=0.22855]163it [01:19,  3.31it/s, lr=5.00e-03, Loss=nan, AvgLoss=nan, Acc=0.21484, AvgAcc=0.22847]164it [01:19,  3.58it/s, lr=5.00e-03, Loss=nan, AvgLoss=nan, Acc=0.21484, AvgAcc=0.22847]164it [01:19,  3.58it/s, lr=5.00e-03, Loss=nan, AvgLoss=nan, Acc=0.20703, AvgAcc=0.22834]165it [01:19,  3.83it/s, lr=5.00e-03, Loss=nan, AvgLoss=nan, Acc=0.20703, AvgAcc=0.22834]165it [01:19,  3.83it/s, lr=5.00e-03, Loss=nan, AvgLoss=nan, Acc=0.22461, AvgAcc=0.22832]166it [01:19,  4.01it/s, lr=5.00e-03, Loss=nan, AvgLoss=nan, Acc=0.22461, AvgAcc=0.22832]166it [01:19,  4.01it/s, lr=5.00e-03, Loss=nan, AvgLoss=nan, Acc=0.24805, AvgAcc=0.22843]167it [01:19,  3.60it/s, lr=5.00e-03, Loss=nan, AvgLoss=nan, Acc=0.24805, AvgAcc=0.22843]167it [01:20,  3.60it/s, lr=5.00e-03, Loss=nan, AvgLoss=nan, Acc=0.19336, AvgAcc=0.22822]168it [01:20,  3.85it/s, lr=5.00e-03, Loss=nan, AvgLoss=nan, Acc=0.19336, AvgAcc=0.22822]168it [01:20,  3.85it/s, lr=5.00e-03, Loss=nan, AvgLoss=nan, Acc=0.20117, AvgAcc=0.22806]169it [01:20,  4.06it/s, lr=5.00e-03, Loss=nan, AvgLoss=nan, Acc=0.20117, AvgAcc=0.22806]169it [01:20,  4.06it/s, lr=5.00e-03, Loss=nan, AvgLoss=nan, Acc=0.22852, AvgAcc=0.22807]170it [01:20,  4.30it/s, lr=5.00e-03, Loss=nan, AvgLoss=nan, Acc=0.22852, AvgAcc=0.22807]170it [01:20,  4.30it/s, lr=5.00e-03, Loss=nan, AvgLoss=nan, Acc=0.21289, AvgAcc=0.22798]171it [01:20,  4.39it/s, lr=5.00e-03, Loss=nan, AvgLoss=nan, Acc=0.21289, AvgAcc=0.22798]171it [01:21,  4.39it/s, lr=5.00e-03, Loss=nan, AvgLoss=nan, Acc=0.22070, AvgAcc=0.22794]172it [01:21,  3.68it/s, lr=5.00e-03, Loss=nan, AvgLoss=nan, Acc=0.22070, AvgAcc=0.22794]172it [01:21,  3.68it/s, lr=5.00e-03, Loss=nan, AvgLoss=nan, Acc=0.23438, AvgAcc=0.22797]173it [01:21,  3.96it/s, lr=5.00e-03, Loss=nan, AvgLoss=nan, Acc=0.23438, AvgAcc=0.22797]173it [01:21,  3.96it/s, lr=5.00e-03, Loss=nan, AvgLoss=nan, Acc=0.23242, AvgAcc=0.22800]174it [01:21,  4.04it/s, lr=5.00e-03, Loss=nan, AvgLoss=nan, Acc=0.23242, AvgAcc=0.22800]174it [01:21,  4.04it/s, lr=5.00e-03, Loss=nan, AvgLoss=nan, Acc=0.25195, AvgAcc=0.22814]175it [01:21,  4.20it/s, lr=5.00e-03, Loss=nan, AvgLoss=nan, Acc=0.25195, AvgAcc=0.22814]175it [01:22,  4.20it/s, lr=5.00e-03, Loss=nan, AvgLoss=nan, Acc=0.23438, AvgAcc=0.22817]176it [01:22,  3.59it/s, lr=5.00e-03, Loss=nan, AvgLoss=nan, Acc=0.23438, AvgAcc=0.22817]176it [01:22,  3.59it/s, lr=5.00e-03, Loss=nan, AvgLoss=nan, Acc=0.23438, AvgAcc=0.22821]177it [01:22,  3.93it/s, lr=5.00e-03, Loss=nan, AvgLoss=nan, Acc=0.23438, AvgAcc=0.22821]177it [01:22,  3.93it/s, lr=5.00e-03, Loss=nan, AvgLoss=nan, Acc=0.19727, AvgAcc=0.22803]178it [01:22,  4.11it/s, lr=5.00e-03, Loss=nan, AvgLoss=nan, Acc=0.19727, AvgAcc=0.22803]178it [01:22,  4.11it/s, lr=5.00e-03, Loss=nan, AvgLoss=nan, Acc=0.24219, AvgAcc=0.22811]179it [01:22,  4.28it/s, lr=5.00e-03, Loss=nan, AvgLoss=nan, Acc=0.24219, AvgAcc=0.22811]179it [01:23,  4.28it/s, lr=5.00e-03, Loss=nan, AvgLoss=nan, Acc=0.24805, AvgAcc=0.22822]180it [01:23,  4.22it/s, lr=5.00e-03, Loss=nan, AvgLoss=nan, Acc=0.24805, AvgAcc=0.22822]180it [01:23,  4.22it/s, lr=5.00e-03, Loss=nan, AvgLoss=nan, Acc=0.23438, AvgAcc=0.22826]181it [01:23,  3.63it/s, lr=5.00e-03, Loss=nan, AvgLoss=nan, Acc=0.23438, AvgAcc=0.22826]181it [01:23,  3.63it/s, lr=5.00e-03, Loss=nan, AvgLoss=nan, Acc=0.25000, AvgAcc=0.22838]182it [01:23,  3.86it/s, lr=5.00e-03, Loss=nan, AvgLoss=nan, Acc=0.25000, AvgAcc=0.22838]182it [01:23,  3.86it/s, lr=5.00e-03, Loss=nan, AvgLoss=nan, Acc=0.25000, AvgAcc=0.22849]183it [01:23,  4.20it/s, lr=5.00e-03, Loss=nan, AvgLoss=nan, Acc=0.25000, AvgAcc=0.22849]183it [01:24,  4.20it/s, lr=5.00e-03, Loss=nan, AvgLoss=nan, Acc=0.21094, AvgAcc=0.22840]184it [01:24,  4.32it/s, lr=5.00e-03, Loss=nan, AvgLoss=nan, Acc=0.21094, AvgAcc=0.22840]184it [01:24,  4.32it/s, lr=5.00e-03, Loss=nan, AvgLoss=nan, Acc=0.23633, AvgAcc=0.22844]185it [01:24,  3.92it/s, lr=5.00e-03, Loss=nan, AvgLoss=nan, Acc=0.23633, AvgAcc=0.22844]185it [01:24,  3.92it/s, lr=5.00e-03, Loss=nan, AvgLoss=nan, Acc=0.22656, AvgAcc=0.22843]186it [01:24,  4.18it/s, lr=5.00e-03, Loss=nan, AvgLoss=nan, Acc=0.22656, AvgAcc=0.22843]186it [01:24,  4.18it/s, lr=5.00e-03, Loss=nan, AvgLoss=nan, Acc=0.22852, AvgAcc=0.22843]187it [01:24,  4.25it/s, lr=5.00e-03, Loss=nan, AvgLoss=nan, Acc=0.22852, AvgAcc=0.22843]187it [01:25,  4.25it/s, lr=5.00e-03, Loss=nan, AvgLoss=nan, Acc=0.21094, AvgAcc=0.22834]188it [01:25,  4.39it/s, lr=5.00e-03, Loss=nan, AvgLoss=nan, Acc=0.21094, AvgAcc=0.22834]188it [01:25,  4.39it/s, lr=5.00e-03, Loss=nan, AvgLoss=nan, Acc=0.20508, AvgAcc=0.22822]189it [01:25,  4.62it/s, lr=5.00e-03, Loss=nan, AvgLoss=nan, Acc=0.20508, AvgAcc=0.22822]189it [01:32,  4.62it/s, lr=5.00e-03, Loss=nan, AvgLoss=nan, Acc=0.26953, AvgAcc=0.22843]190it [01:32,  2.19s/it, lr=5.00e-03, Loss=nan, AvgLoss=nan, Acc=0.26953, AvgAcc=0.22843]190it [01:32,  2.19s/it, lr=5.00e-03, Loss=nan, AvgLoss=nan, Acc=0.22266, AvgAcc=0.22840]191it [01:32,  1.60s/it, lr=5.00e-03, Loss=nan, AvgLoss=nan, Acc=0.22266, AvgAcc=0.22840]191it [01:32,  1.60s/it, lr=5.00e-03, Loss=nan, AvgLoss=nan, Acc=0.24219, AvgAcc=0.22847]192it [01:32,  1.18s/it, lr=5.00e-03, Loss=nan, AvgLoss=nan, Acc=0.24219, AvgAcc=0.22847]192it [01:32,  1.18s/it, lr=5.00e-03, Loss=nan, AvgLoss=nan, Acc=0.19727, AvgAcc=0.22831]193it [01:32,  1.13it/s, lr=5.00e-03, Loss=nan, AvgLoss=nan, Acc=0.19727, AvgAcc=0.22831]193it [01:32,  1.13it/s, lr=5.00e-03, Loss=nan, AvgLoss=nan, Acc=0.20312, AvgAcc=0.22818]194it [01:32,  1.46it/s, lr=5.00e-03, Loss=nan, AvgLoss=nan, Acc=0.20312, AvgAcc=0.22818]194it [01:33,  1.46it/s, lr=5.00e-03, Loss=nan, AvgLoss=nan, Acc=0.22070, AvgAcc=0.22815]195it [01:33,  1.70it/s, lr=5.00e-03, Loss=nan, AvgLoss=nan, Acc=0.22070, AvgAcc=0.22815]195it [01:33,  1.70it/s, lr=5.00e-03, Loss=nan, AvgLoss=nan, Acc=0.19922, AvgAcc=0.22800]196it [01:33,  2.09it/s, lr=5.00e-03, Loss=nan, AvgLoss=nan, Acc=0.19922, AvgAcc=0.22800]196it [01:33,  2.09it/s, lr=5.00e-03, Loss=nan, AvgLoss=nan, Acc=0.24023, AvgAcc=0.22806]197it [01:33,  2.53it/s, lr=5.00e-03, Loss=nan, AvgLoss=nan, Acc=0.24023, AvgAcc=0.22806]197it [01:33,  2.53it/s, lr=5.00e-03, Loss=nan, AvgLoss=nan, Acc=0.21484, AvgAcc=0.22799]198it [01:33,  2.95it/s, lr=5.00e-03, Loss=nan, AvgLoss=nan, Acc=0.21484, AvgAcc=0.22799]198it [01:34,  2.95it/s, lr=5.00e-03, Loss=nan, AvgLoss=nan, Acc=0.22852, AvgAcc=0.22800]199it [01:34,  2.86it/s, lr=5.00e-03, Loss=nan, AvgLoss=nan, Acc=0.22852, AvgAcc=0.22800]199it [01:34,  2.86it/s, lr=5.00e-03, Loss=nan, AvgLoss=nan, Acc=0.22070, AvgAcc=0.22796]200it [01:34,  3.19it/s, lr=5.00e-03, Loss=nan, AvgLoss=nan, Acc=0.22070, AvgAcc=0.22796]200it [01:34,  3.19it/s, lr=5.00e-03, Loss=nan, AvgLoss=nan, Acc=0.20508, AvgAcc=0.22785]201it [01:34,  3.53it/s, lr=5.00e-03, Loss=nan, AvgLoss=nan, Acc=0.20508, AvgAcc=0.22785]201it [01:34,  3.53it/s, lr=5.00e-03, Loss=nan, AvgLoss=nan, Acc=0.21094, AvgAcc=0.22776]202it [01:34,  3.81it/s, lr=5.00e-03, Loss=nan, AvgLoss=nan, Acc=0.21094, AvgAcc=0.22776]202it [01:35,  3.81it/s, lr=5.00e-03, Loss=nan, AvgLoss=nan, Acc=0.24023, AvgAcc=0.22782]203it [01:35,  3.47it/s, lr=5.00e-03, Loss=nan, AvgLoss=nan, Acc=0.24023, AvgAcc=0.22782]203it [01:35,  3.47it/s, lr=5.00e-03, Loss=nan, AvgLoss=nan, Acc=0.19336, AvgAcc=0.22765]204it [01:35,  3.80it/s, lr=5.00e-03, Loss=nan, AvgLoss=nan, Acc=0.19336, AvgAcc=0.22765]204it [01:35,  3.80it/s, lr=5.00e-03, Loss=nan, AvgLoss=nan, Acc=0.21680, AvgAcc=0.22760]205it [01:35,  4.00it/s, lr=5.00e-03, Loss=nan, AvgLoss=nan, Acc=0.21680, AvgAcc=0.22760]205it [01:35,  4.00it/s, lr=5.00e-03, Loss=nan, AvgLoss=nan, Acc=0.20703, AvgAcc=0.22750]206it [01:35,  4.21it/s, lr=5.00e-03, Loss=nan, AvgLoss=nan, Acc=0.20703, AvgAcc=0.22750]206it [01:36,  4.21it/s, lr=5.00e-03, Loss=nan, AvgLoss=nan, Acc=0.24023, AvgAcc=0.22756]207it [01:36,  4.35it/s, lr=5.00e-03, Loss=nan, AvgLoss=nan, Acc=0.24023, AvgAcc=0.22756]207it [01:36,  4.35it/s, lr=5.00e-03, Loss=nan, AvgLoss=nan, Acc=0.19922, AvgAcc=0.22743]208it [01:36,  3.67it/s, lr=5.00e-03, Loss=nan, AvgLoss=nan, Acc=0.19922, AvgAcc=0.22743]208it [01:36,  3.67it/s, lr=5.00e-03, Loss=nan, AvgLoss=nan, Acc=0.22266, AvgAcc=0.22740]209it [01:36,  3.95it/s, lr=5.00e-03, Loss=nan, AvgLoss=nan, Acc=0.22266, AvgAcc=0.22740]209it [01:36,  3.95it/s, lr=5.00e-03, Loss=nan, AvgLoss=nan, Acc=0.21875, AvgAcc=0.22736]210it [01:36,  4.20it/s, lr=5.00e-03, Loss=nan, AvgLoss=nan, Acc=0.21875, AvgAcc=0.22736]210it [01:37,  4.20it/s, lr=5.00e-03, Loss=nan, AvgLoss=nan, Acc=0.22852, AvgAcc=0.22737]211it [01:37,  4.32it/s, lr=5.00e-03, Loss=nan, AvgLoss=nan, Acc=0.22852, AvgAcc=0.22737]211it [01:37,  4.32it/s, lr=5.00e-03, Loss=nan, AvgLoss=nan, Acc=0.20312, AvgAcc=0.22725]212it [01:37,  4.43it/s, lr=5.00e-03, Loss=nan, AvgLoss=nan, Acc=0.20312, AvgAcc=0.22725]212it [01:37,  4.43it/s, lr=5.00e-03, Loss=nan, AvgLoss=nan, Acc=0.23438, AvgAcc=0.22729]213it [01:37,  3.92it/s, lr=5.00e-03, Loss=nan, AvgLoss=nan, Acc=0.23438, AvgAcc=0.22729]213it [01:37,  3.92it/s, lr=5.00e-03, Loss=nan, AvgLoss=nan, Acc=0.19922, AvgAcc=0.22716]214it [01:37,  4.15it/s, lr=5.00e-03, Loss=nan, AvgLoss=nan, Acc=0.19922, AvgAcc=0.22716]214it [01:37,  4.15it/s, lr=5.00e-03, Loss=nan, AvgLoss=nan, Acc=0.18750, AvgAcc=0.22697]215it [01:37,  4.35it/s, lr=5.00e-03, Loss=nan, AvgLoss=nan, Acc=0.18750, AvgAcc=0.22697]215it [01:38,  4.35it/s, lr=5.00e-03, Loss=nan, AvgLoss=nan, Acc=0.22656, AvgAcc=0.22697]216it [01:38,  4.41it/s, lr=5.00e-03, Loss=nan, AvgLoss=nan, Acc=0.22656, AvgAcc=0.22697]216it [01:38,  4.41it/s, lr=5.00e-03, Loss=nan, AvgLoss=nan, Acc=0.23242, AvgAcc=0.22699]217it [01:38,  3.78it/s, lr=5.00e-03, Loss=nan, AvgLoss=nan, Acc=0.23242, AvgAcc=0.22699]217it [01:38,  3.78it/s, lr=5.00e-03, Loss=nan, AvgLoss=nan, Acc=0.22461, AvgAcc=0.22698]218it [01:38,  3.90it/s, lr=5.00e-03, Loss=nan, AvgLoss=nan, Acc=0.22461, AvgAcc=0.22698]218it [01:39,  3.90it/s, lr=5.00e-03, Loss=nan, AvgLoss=nan, Acc=0.21289, AvgAcc=0.22692]219it [01:39,  4.11it/s, lr=5.00e-03, Loss=nan, AvgLoss=nan, Acc=0.21289, AvgAcc=0.22692]219it [01:39,  4.11it/s, lr=5.00e-03, Loss=nan, AvgLoss=nan, Acc=0.22070, AvgAcc=0.22689]220it [01:39,  4.35it/s, lr=5.00e-03, Loss=nan, AvgLoss=nan, Acc=0.22070, AvgAcc=0.22689]220it [01:39,  4.35it/s, lr=5.00e-03, Loss=nan, AvgLoss=nan, Acc=0.21289, AvgAcc=0.22683]221it [01:39,  4.52it/s, lr=5.00e-03, Loss=nan, AvgLoss=nan, Acc=0.21289, AvgAcc=0.22683]221it [01:39,  4.52it/s, lr=5.00e-03, Loss=nan, AvgLoss=nan, Acc=0.25586, AvgAcc=0.22696]222it [01:39,  3.82it/s, lr=5.00e-03, Loss=nan, AvgLoss=nan, Acc=0.25586, AvgAcc=0.22696]222it [01:39,  3.82it/s, lr=5.00e-03, Loss=nan, AvgLoss=nan, Acc=0.22656, AvgAcc=0.22696]223it [01:39,  4.08it/s, lr=5.00e-03, Loss=nan, AvgLoss=nan, Acc=0.22656, AvgAcc=0.22696]223it [01:40,  4.08it/s, lr=5.00e-03, Loss=nan, AvgLoss=nan, Acc=0.21094, AvgAcc=0.22689]224it [01:40,  4.22it/s, lr=5.00e-03, Loss=nan, AvgLoss=nan, Acc=0.21094, AvgAcc=0.22689]224it [01:40,  4.22it/s, lr=5.00e-03, Loss=nan, AvgLoss=nan, Acc=0.22656, AvgAcc=0.22688]225it [01:40,  4.44it/s, lr=5.00e-03, Loss=nan, AvgLoss=nan, Acc=0.22656, AvgAcc=0.22688]225it [01:40,  4.44it/s, lr=5.00e-03, Loss=nan, AvgLoss=nan, Acc=0.21680, AvgAcc=0.22684]226it [01:40,  3.94it/s, lr=5.00e-03, Loss=nan, AvgLoss=nan, Acc=0.21680, AvgAcc=0.22684]226it [01:40,  3.94it/s, lr=5.00e-03, Loss=nan, AvgLoss=nan, Acc=0.23633, AvgAcc=0.22688]227it [01:40,  4.17it/s, lr=5.00e-03, Loss=nan, AvgLoss=nan, Acc=0.23633, AvgAcc=0.22688]227it [01:47,  4.17it/s, lr=5.00e-03, Loss=nan, AvgLoss=nan, Acc=0.22070, AvgAcc=0.22685]228it [01:47,  2.17s/it, lr=5.00e-03, Loss=nan, AvgLoss=nan, Acc=0.22070, AvgAcc=0.22685]228it [01:47,  2.17s/it, lr=5.00e-03, Loss=nan, AvgLoss=nan, Acc=0.24609, AvgAcc=0.22694]229it [01:47,  1.59s/it, lr=5.00e-03, Loss=nan, AvgLoss=nan, Acc=0.24609, AvgAcc=0.22694]229it [01:48,  1.59s/it, lr=5.00e-03, Loss=nan, AvgLoss=nan, Acc=0.24414, AvgAcc=0.22701]230it [01:48,  1.18s/it, lr=5.00e-03, Loss=nan, AvgLoss=nan, Acc=0.24414, AvgAcc=0.22701]230it [01:48,  1.18s/it, lr=5.00e-03, Loss=nan, AvgLoss=nan, Acc=0.22266, AvgAcc=0.22699]231it [01:48,  1.08it/s, lr=5.00e-03, Loss=nan, AvgLoss=nan, Acc=0.22266, AvgAcc=0.22699]231it [01:48,  1.08it/s, lr=5.00e-03, Loss=nan, AvgLoss=nan, Acc=0.22852, AvgAcc=0.22700]232it [01:48,  1.40it/s, lr=5.00e-03, Loss=nan, AvgLoss=nan, Acc=0.22852, AvgAcc=0.22700]232it [01:48,  1.40it/s, lr=5.00e-03, Loss=nan, AvgLoss=nan, Acc=0.22070, AvgAcc=0.22697]233it [01:48,  1.77it/s, lr=5.00e-03, Loss=nan, AvgLoss=nan, Acc=0.22070, AvgAcc=0.22697]233it [01:49,  1.77it/s, lr=5.00e-03, Loss=nan, AvgLoss=nan, Acc=0.20703, AvgAcc=0.22689]234it [01:49,  2.17it/s, lr=5.00e-03, Loss=nan, AvgLoss=nan, Acc=0.20703, AvgAcc=0.22689]234it [01:49,  2.17it/s, lr=5.00e-03, Loss=nan, AvgLoss=nan, Acc=0.23047, AvgAcc=0.22690]235it [01:49,  2.59it/s, lr=5.00e-03, Loss=nan, AvgLoss=nan, Acc=0.23047, AvgAcc=0.22690]235it [01:49,  2.59it/s, lr=5.00e-03, Loss=nan, AvgLoss=nan, Acc=0.23828, AvgAcc=0.22695]236it [01:49,  2.67it/s, lr=5.00e-03, Loss=nan, AvgLoss=nan, Acc=0.23828, AvgAcc=0.22695]236it [01:49,  2.67it/s, lr=5.00e-03, Loss=nan, AvgLoss=nan, Acc=0.22852, AvgAcc=0.22696]237it [01:49,  3.05it/s, lr=5.00e-03, Loss=nan, AvgLoss=nan, Acc=0.22852, AvgAcc=0.22696]237it [01:50,  3.05it/s, lr=5.00e-03, Loss=nan, AvgLoss=nan, Acc=0.22070, AvgAcc=0.22693]238it [01:50,  3.42it/s, lr=5.00e-03, Loss=nan, AvgLoss=nan, Acc=0.22070, AvgAcc=0.22693]238it [01:50,  3.42it/s, lr=5.00e-03, Loss=nan, AvgLoss=nan, Acc=0.22266, AvgAcc=0.22691]239it [01:50,  3.74it/s, lr=5.00e-03, Loss=nan, AvgLoss=nan, Acc=0.22266, AvgAcc=0.22691]239it [01:50,  3.74it/s, lr=5.00e-03, Loss=nan, AvgLoss=nan, Acc=0.21875, AvgAcc=0.22688]240it [01:50,  3.31it/s, lr=5.00e-03, Loss=nan, AvgLoss=nan, Acc=0.21875, AvgAcc=0.22688]240it [01:50,  3.31it/s, lr=5.00e-03, Loss=nan, AvgLoss=nan, Acc=0.23438, AvgAcc=0.22691]241it [01:50,  3.70it/s, lr=5.00e-03, Loss=nan, AvgLoss=nan, Acc=0.23438, AvgAcc=0.22691]241it [01:51,  3.70it/s, lr=5.00e-03, Loss=nan, AvgLoss=nan, Acc=0.23047, AvgAcc=0.22693]242it [01:51,  3.90it/s, lr=5.00e-03, Loss=nan, AvgLoss=nan, Acc=0.23047, AvgAcc=0.22693]242it [01:51,  3.90it/s, lr=5.00e-03, Loss=nan, AvgLoss=nan, Acc=0.25586, AvgAcc=0.22704]243it [01:51,  4.18it/s, lr=5.00e-03, Loss=nan, AvgLoss=nan, Acc=0.25586, AvgAcc=0.22704]243it [01:51,  4.18it/s, lr=5.00e-03, Loss=nan, AvgLoss=nan, Acc=0.24805, AvgAcc=0.22713]244it [01:51,  4.37it/s, lr=5.00e-03, Loss=nan, AvgLoss=nan, Acc=0.24805, AvgAcc=0.22713]244it [01:51,  4.37it/s, lr=5.00e-03, Loss=nan, AvgLoss=nan, Acc=0.24414, AvgAcc=0.22720]245it [01:51,  3.72it/s, lr=5.00e-03, Loss=nan, AvgLoss=nan, Acc=0.24414, AvgAcc=0.22720]245it [01:52,  3.72it/s, lr=5.00e-03, Loss=nan, AvgLoss=nan, Acc=0.25195, AvgAcc=0.22730]246it [01:52,  3.97it/s, lr=5.00e-03, Loss=nan, AvgLoss=nan, Acc=0.25195, AvgAcc=0.22730]246it [01:52,  3.97it/s, lr=5.00e-03, Loss=nan, AvgLoss=nan, Acc=0.21289, AvgAcc=0.22724]247it [01:52,  4.06it/s, lr=5.00e-03, Loss=nan, AvgLoss=nan, Acc=0.21289, AvgAcc=0.22724]247it [01:52,  4.06it/s, lr=5.00e-03, Loss=nan, AvgLoss=nan, Acc=0.20898, AvgAcc=0.22717]248it [01:52,  4.29it/s, lr=5.00e-03, Loss=nan, AvgLoss=nan, Acc=0.20898, AvgAcc=0.22717]248it [01:52,  4.29it/s, lr=5.00e-03, Loss=nan, AvgLoss=nan, Acc=0.20508, AvgAcc=0.22708]249it [01:52,  3.82it/s, lr=5.00e-03, Loss=nan, AvgLoss=nan, Acc=0.20508, AvgAcc=0.22708]249it [01:53,  3.82it/s, lr=5.00e-03, Loss=nan, AvgLoss=nan, Acc=0.22461, AvgAcc=0.22707]250it [01:53,  4.01it/s, lr=5.00e-03, Loss=nan, AvgLoss=nan, Acc=0.22461, AvgAcc=0.22707]250it [01:53,  4.01it/s, lr=5.00e-03, Loss=nan, AvgLoss=nan, Acc=0.21289, AvgAcc=0.22701]251it [01:53,  4.04it/s, lr=5.00e-03, Loss=nan, AvgLoss=nan, Acc=0.21289, AvgAcc=0.22701]251it [01:53,  4.04it/s, lr=5.00e-03, Loss=nan, AvgLoss=nan, Acc=0.21289, AvgAcc=0.22696]252it [01:53,  4.06it/s, lr=5.00e-03, Loss=nan, AvgLoss=nan, Acc=0.21289, AvgAcc=0.22696]252it [01:53,  4.06it/s, lr=5.00e-03, Loss=nan, AvgLoss=nan, Acc=0.23438, AvgAcc=0.22699]253it [01:53,  4.37it/s, lr=5.00e-03, Loss=nan, AvgLoss=nan, Acc=0.23438, AvgAcc=0.22699]253it [01:54,  4.37it/s, lr=5.00e-03, Loss=nan, AvgLoss=nan, Acc=0.24219, AvgAcc=0.22705]254it [01:54,  3.93it/s, lr=5.00e-03, Loss=nan, AvgLoss=nan, Acc=0.24219, AvgAcc=0.22705]254it [01:54,  3.93it/s, lr=5.00e-03, Loss=nan, AvgLoss=nan, Acc=0.22266, AvgAcc=0.22703]255it [01:54,  4.20it/s, lr=5.00e-03, Loss=nan, AvgLoss=nan, Acc=0.22266, AvgAcc=0.22703]255it [01:54,  4.20it/s, lr=5.00e-03, Loss=nan, AvgLoss=nan, Acc=0.22656, AvgAcc=0.22703]256it [01:54,  4.31it/s, lr=5.00e-03, Loss=nan, AvgLoss=nan, Acc=0.22656, AvgAcc=0.22703]256it [01:54,  4.31it/s, lr=5.00e-03, Loss=nan, AvgLoss=nan, Acc=0.23828, AvgAcc=0.22707]257it [01:54,  4.41it/s, lr=5.00e-03, Loss=nan, AvgLoss=nan, Acc=0.23828, AvgAcc=0.22707]257it [01:54,  4.41it/s, lr=5.00e-03, Loss=nan, AvgLoss=nan, Acc=0.21680, AvgAcc=0.22703]258it [01:54,  3.84it/s, lr=5.00e-03, Loss=nan, AvgLoss=nan, Acc=0.21680, AvgAcc=0.22703]258it [01:55,  3.84it/s, lr=5.00e-03, Loss=nan, AvgLoss=nan, Acc=0.19922, AvgAcc=0.22692]259it [01:55,  4.07it/s, lr=5.00e-03, Loss=nan, AvgLoss=nan, Acc=0.19922, AvgAcc=0.22692]259it [01:55,  4.07it/s, lr=5.00e-03, Loss=nan, AvgLoss=nan, Acc=0.22852, AvgAcc=0.22693]260it [01:55,  4.37it/s, lr=5.00e-03, Loss=nan, AvgLoss=nan, Acc=0.22852, AvgAcc=0.22693]260it [01:55,  4.37it/s, lr=5.00e-03, Loss=nan, AvgLoss=nan, Acc=0.25195, AvgAcc=0.22703]261it [01:55,  4.39it/s, lr=5.00e-03, Loss=nan, AvgLoss=nan, Acc=0.25195, AvgAcc=0.22703]261it [01:55,  4.39it/s, lr=5.00e-03, Loss=nan, AvgLoss=nan, Acc=0.20312, AvgAcc=0.22694]262it [01:55,  4.58it/s, lr=5.00e-03, Loss=nan, AvgLoss=nan, Acc=0.20312, AvgAcc=0.22694]262it [01:56,  4.58it/s, lr=5.00e-03, Loss=nan, AvgLoss=nan, Acc=0.22070, AvgAcc=0.22691]263it [01:56,  3.87it/s, lr=5.00e-03, Loss=nan, AvgLoss=nan, Acc=0.22070, AvgAcc=0.22691]263it [01:56,  3.87it/s, lr=5.00e-03, Loss=nan, AvgLoss=nan, Acc=0.22461, AvgAcc=0.22690]264it [01:56,  4.10it/s, lr=5.00e-03, Loss=nan, AvgLoss=nan, Acc=0.22461, AvgAcc=0.22690]264it [01:56,  4.10it/s, lr=5.00e-03, Loss=nan, AvgLoss=nan, Acc=0.22070, AvgAcc=0.22688]265it [01:56,  4.38it/s, lr=5.00e-03, Loss=nan, AvgLoss=nan, Acc=0.22070, AvgAcc=0.22688]265it [02:03,  4.38it/s, lr=5.00e-03, Loss=nan, AvgLoss=nan, Acc=0.19336, AvgAcc=0.22675]266it [02:03,  2.30s/it, lr=5.00e-03, Loss=nan, AvgLoss=nan, Acc=0.19336, AvgAcc=0.22675]266it [02:03,  2.30s/it, lr=5.00e-03, Loss=nan, AvgLoss=nan, Acc=0.24023, AvgAcc=0.22680]267it [02:03,  1.67s/it, lr=5.00e-03, Loss=nan, AvgLoss=nan, Acc=0.24023, AvgAcc=0.22680]267it [02:04,  1.67s/it, lr=5.00e-03, Loss=nan, AvgLoss=nan, Acc=0.25195, AvgAcc=0.22690]268it [02:04,  1.29s/it, lr=5.00e-03, Loss=nan, AvgLoss=nan, Acc=0.25195, AvgAcc=0.22690]268it [02:04,  1.29s/it, lr=5.00e-03, Loss=nan, AvgLoss=nan, Acc=0.21875, AvgAcc=0.22687]269it [02:04,  1.03it/s, lr=5.00e-03, Loss=nan, AvgLoss=nan, Acc=0.21875, AvgAcc=0.22687]269it [02:04,  1.03it/s, lr=5.00e-03, Loss=nan, AvgLoss=nan, Acc=0.23047, AvgAcc=0.22688]270it [02:04,  1.33it/s, lr=5.00e-03, Loss=nan, AvgLoss=nan, Acc=0.23047, AvgAcc=0.22688]270it [02:04,  1.33it/s, lr=5.00e-03, Loss=nan, AvgLoss=nan, Acc=0.21289, AvgAcc=0.22683]271it [02:04,  1.67it/s, lr=5.00e-03, Loss=nan, AvgLoss=nan, Acc=0.21289, AvgAcc=0.22683]271it [02:05,  1.67it/s, lr=5.00e-03, Loss=nan, AvgLoss=nan, Acc=0.24609, AvgAcc=0.22690]272it [02:05,  1.92it/s, lr=5.00e-03, Loss=nan, AvgLoss=nan, Acc=0.24609, AvgAcc=0.22690]272it [02:05,  1.92it/s, lr=5.00e-03, Loss=nan, AvgLoss=nan, Acc=0.21875, AvgAcc=0.22687]273it [02:05,  2.35it/s, lr=5.00e-03, Loss=nan, AvgLoss=nan, Acc=0.21875, AvgAcc=0.22687]273it [02:05,  2.35it/s, lr=5.00e-03, Loss=nan, AvgLoss=nan, Acc=0.22852, AvgAcc=0.22688]274it [02:05,  2.75it/s, lr=5.00e-03, Loss=nan, AvgLoss=nan, Acc=0.22852, AvgAcc=0.22688]274it [02:05,  2.75it/s, lr=5.00e-03, Loss=nan, AvgLoss=nan, Acc=0.23047, AvgAcc=0.22689]275it [02:05,  3.15it/s, lr=5.00e-03, Loss=nan, AvgLoss=nan, Acc=0.23047, AvgAcc=0.22689]275it [02:06,  3.15it/s, lr=5.00e-03, Loss=nan, AvgLoss=nan, Acc=0.19531, AvgAcc=0.22677]276it [02:06,  3.55it/s, lr=5.00e-03, Loss=nan, AvgLoss=nan, Acc=0.19531, AvgAcc=0.22677]276it [02:06,  3.55it/s, lr=5.00e-03, Loss=nan, AvgLoss=nan, Acc=0.21680, AvgAcc=0.22674]277it [02:06,  3.17it/s, lr=5.00e-03, Loss=nan, AvgLoss=nan, Acc=0.21680, AvgAcc=0.22674]277it [02:06,  3.17it/s, lr=5.00e-03, Loss=nan, AvgLoss=nan, Acc=0.19922, AvgAcc=0.22664]278it [02:06,  3.54it/s, lr=5.00e-03, Loss=nan, AvgLoss=nan, Acc=0.19922, AvgAcc=0.22664]278it [02:06,  3.54it/s, lr=5.00e-03, Loss=nan, AvgLoss=nan, Acc=0.20508, AvgAcc=0.22656]279it [02:06,  3.74it/s, lr=5.00e-03, Loss=nan, AvgLoss=nan, Acc=0.20508, AvgAcc=0.22656]279it [02:07,  3.74it/s, lr=5.00e-03, Loss=nan, AvgLoss=nan, Acc=0.21875, AvgAcc=0.22653]280it [02:07,  4.01it/s, lr=5.00e-03, Loss=nan, AvgLoss=nan, Acc=0.21875, AvgAcc=0.22653]280it [02:07,  4.01it/s, lr=5.00e-03, Loss=nan, AvgLoss=nan, Acc=0.20117, AvgAcc=0.22644]281it [02:07,  3.47it/s, lr=5.00e-03, Loss=nan, AvgLoss=nan, Acc=0.20117, AvgAcc=0.22644]281it [02:07,  3.47it/s, lr=5.00e-03, Loss=nan, AvgLoss=nan, Acc=0.25000, AvgAcc=0.22653]282it [02:07,  3.77it/s, lr=5.00e-03, Loss=nan, AvgLoss=nan, Acc=0.25000, AvgAcc=0.22653]282it [02:07,  3.77it/s, lr=5.00e-03, Loss=nan, AvgLoss=nan, Acc=0.19727, AvgAcc=0.22642]283it [02:07,  4.04it/s, lr=5.00e-03, Loss=nan, AvgLoss=nan, Acc=0.19727, AvgAcc=0.22642]283it [02:08,  4.04it/s, lr=5.00e-03, Loss=nan, AvgLoss=nan, Acc=0.20312, AvgAcc=0.22634]284it [02:08,  4.10it/s, lr=5.00e-03, Loss=nan, AvgLoss=nan, Acc=0.20312, AvgAcc=0.22634]284it [02:08,  4.10it/s, lr=5.00e-03, Loss=nan, AvgLoss=nan, Acc=0.25000, AvgAcc=0.22643]285it [02:08,  3.67it/s, lr=5.00e-03, Loss=nan, AvgLoss=nan, Acc=0.25000, AvgAcc=0.22643]285it [02:08,  3.67it/s, lr=5.00e-03, Loss=nan, AvgLoss=nan, Acc=0.22266, AvgAcc=0.22641]286it [02:08,  3.92it/s, lr=5.00e-03, Loss=nan, AvgLoss=nan, Acc=0.22266, AvgAcc=0.22641]286it [02:08,  3.92it/s, lr=5.00e-03, Loss=nan, AvgLoss=nan, Acc=0.20703, AvgAcc=0.22634]287it [02:08,  4.17it/s, lr=5.00e-03, Loss=nan, AvgLoss=nan, Acc=0.20703, AvgAcc=0.22634]287it [02:09,  4.17it/s, lr=5.00e-03, Loss=nan, AvgLoss=nan, Acc=0.19922, AvgAcc=0.22625]288it [02:09,  4.22it/s, lr=5.00e-03, Loss=nan, AvgLoss=nan, Acc=0.19922, AvgAcc=0.22625]288it [02:09,  4.22it/s, lr=5.00e-03, Loss=nan, AvgLoss=nan, Acc=0.20117, AvgAcc=0.22616]289it [02:09,  4.34it/s, lr=5.00e-03, Loss=nan, AvgLoss=nan, Acc=0.20117, AvgAcc=0.22616]289it [02:09,  4.34it/s, lr=5.00e-03, Loss=nan, AvgLoss=nan, Acc=0.22070, AvgAcc=0.22614]290it [02:09,  3.81it/s, lr=5.00e-03, Loss=nan, AvgLoss=nan, Acc=0.22070, AvgAcc=0.22614]290it [02:09,  3.81it/s, lr=5.00e-03, Loss=nan, AvgLoss=nan, Acc=0.20898, AvgAcc=0.22609]291it [02:09,  4.03it/s, lr=5.00e-03, Loss=nan, AvgLoss=nan, Acc=0.20898, AvgAcc=0.22609]291it [02:10,  4.03it/s, lr=5.00e-03, Loss=nan, AvgLoss=nan, Acc=0.23242, AvgAcc=0.22611]292it [02:10,  4.31it/s, lr=5.00e-03, Loss=nan, AvgLoss=nan, Acc=0.23242, AvgAcc=0.22611]292it [02:10,  4.31it/s, lr=5.00e-03, Loss=nan, AvgLoss=nan, Acc=0.23242, AvgAcc=0.22613]293it [02:10,  4.43it/s, lr=5.00e-03, Loss=nan, AvgLoss=nan, Acc=0.23242, AvgAcc=0.22613]293it [02:10,  4.43it/s, lr=5.00e-03, Loss=nan, AvgLoss=nan, Acc=0.21484, AvgAcc=0.22609]294it [02:10,  4.44it/s, lr=5.00e-03, Loss=nan, AvgLoss=nan, Acc=0.21484, AvgAcc=0.22609]294it [02:10,  4.44it/s, lr=5.00e-03, Loss=nan, AvgLoss=nan, Acc=0.20508, AvgAcc=0.22602]295it [02:10,  3.71it/s, lr=5.00e-03, Loss=nan, AvgLoss=nan, Acc=0.20508, AvgAcc=0.22602]295it [02:11,  3.71it/s, lr=5.00e-03, Loss=nan, AvgLoss=nan, Acc=0.20312, AvgAcc=0.22594]296it [02:11,  3.96it/s, lr=5.00e-03, Loss=nan, AvgLoss=nan, Acc=0.20312, AvgAcc=0.22594]296it [02:11,  3.96it/s, lr=5.00e-03, Loss=nan, AvgLoss=nan, Acc=0.24219, AvgAcc=0.22600]297it [02:11,  4.19it/s, lr=5.00e-03, Loss=nan, AvgLoss=nan, Acc=0.24219, AvgAcc=0.22600]297it [02:11,  4.19it/s, lr=5.00e-03, Loss=nan, AvgLoss=nan, Acc=0.18555, AvgAcc=0.22586]298it [02:11,  4.22it/s, lr=5.00e-03, Loss=nan, AvgLoss=nan, Acc=0.18555, AvgAcc=0.22586]298it [02:11,  4.22it/s, lr=5.00e-03, Loss=nan, AvgLoss=nan, Acc=0.18945, AvgAcc=0.22574]299it [02:11,  4.31it/s, lr=5.00e-03, Loss=nan, AvgLoss=nan, Acc=0.18945, AvgAcc=0.22574]299it [02:12,  4.31it/s, lr=5.00e-03, Loss=nan, AvgLoss=nan, Acc=0.20898, AvgAcc=0.22568]299it [02:12,  2.26it/s, lr=5.00e-03, Loss=nan, AvgLoss=nan, Acc=0.20898, AvgAcc=0.22568]
[2025-12-08 09:35:11,752] INFO: Processed 153600 entries in total (avg. speed 1162.0 entries/s)
[2025-12-08 09:35:11,752] INFO: Train AvgLoss: nan, AvgAcc: 0.22568
[2025-12-08 09:35:11,752] INFO: Train class distribution: 
    [(0, 33895), (1, 26098), (2, 93607)]
[2025-12-08 09:35:12,083] INFO: Epoch #0 validating
0it [00:00, ?it/s]=== Restarting DataIter val, seed=None ===
[2025-12-08 09:35:12,085] INFO: Restarted DataIter val, load_range=(0.8, 1.0), file_list:
{
  "": [
    "/tmp/tmpjsiscqd8/HEP/data/share/aleph/aleph-data/ntuples_new/mc/output_qqb_0_train.root",
    "/tmp/tmpjsiscqd8/HEP/data/share/aleph/aleph-data/ntuples_new/mc/output_qqb_10_train.root",
    "/tmp/tmpjsiscqd8/HEP/data/share/aleph/aleph-data/ntuples_new/mc/output_qqb_11_train.root",
    "/tmp/tmpjsiscqd8/HEP/data/share/aleph/aleph-data/ntuples_new/mc/output_qqb_12_train.root",
    "/tmp/tmpjsiscqd8/HEP/data/share/aleph/aleph-data/ntuples_new/mc/output_qqb_13_train.root",
    "/tmp/tmpjsiscqd8/HEP/data/share/aleph/aleph-data/ntuples_new/mc/output_qqb_14_train.root",
    "/tmp/tmpjsiscqd8/HEP/data/share/aleph/aleph-data/ntuples_new/mc/output_qqb_15_train.root",
    "/tmp/tmpjsiscqd8/HEP/data/share/aleph/aleph-data/ntuples_new/mc/output_qqb_16_train.root",
    "/tmp/tmpjsiscqd8/HEP/data/share/aleph/aleph-data/ntuples_new/mc/output_qqb_17_train.root",
    "/tmp/tmpjsiscqd8/HEP/data/share/aleph/aleph-data/ntuples_new/mc/output_qqb_18_train.root",
    "/tmp/tmpjsiscqd8/HEP/data/share/aleph/aleph-data/ntuples_new/mc/output_qqb_19_train.root",
    "/tmp/tmpjsiscqd8/HEP/data/share/aleph/aleph-data/ntuples_new/mc/output_qqb_1_train.root",
    "/tmp/tmpjsiscqd8/HEP/data/share/aleph/aleph-data/ntuples_new/mc/output_qqb_20_train.root",
    "/tmp/tmpjsiscqd8/HEP/data/share/aleph/aleph-data/ntuples_new/mc/output_qqb_21_train.root",
    "/tmp/tmpjsiscqd8/HEP/data/share/aleph/aleph-data/ntuples_new/mc/output_qqb_22_train.root",
    "/tmp/tmpjsiscqd8/HEP/data/share/aleph/aleph-data/ntuples_new/mc/output_qqb_23_train.root",
    "/tmp/tmpjsiscqd8/HEP/data/share/aleph/aleph-data/ntuples_new/mc/output_qqb_24_train.root",
    "/tmp/tmpjsiscqd8/HEP/data/share/aleph/aleph-data/ntuples_new/mc/output_qqb_25_train.root",
    "/tmp/tmpjsiscqd8/HEP/data/share/aleph/aleph-data/ntuples_new/mc/output_qqb_26_train.root",
    "/tmp/tmpjsiscqd8/HEP/data/share/aleph/aleph-data/ntuples_new/mc/output_qqb_27_train.root",
    "/tmp/tmpjsiscqd8/HEP/data/share/aleph/aleph-data/ntuples_new/mc/output_qqb_28_train.root",
    "/tmp/tmpjsiscqd8/HEP/data/share/aleph/aleph-data/ntuples_new/mc/output_qqb_29_train.root",
    "/tmp/tmpjsiscqd8/HEP/data/share/aleph/aleph-data/ntuples_new/mc/output_qqb_2_train.root",
    "/tmp/tmpjsiscqd8/HEP/data/share/aleph/aleph-data/ntuples_new/mc/output_qqb_30_train.root",
    "/tmp/tmpjsiscqd8/HEP/data/share/aleph/aleph-data/ntuples_new/mc/output_qqb_31_train.root",
    "/tmp/tmpjsiscqd8/HEP/data/share/aleph/aleph-data/ntuples_new/mc/output_qqb_32_train.root",
    "/tmp/tmpjsiscqd8/HEP/data/share/aleph/aleph-data/ntuples_new/mc/output_qqb_33_train.root",
    "/tmp/tmpjsiscqd8/HEP/data/share/aleph/aleph-data/ntuples_new/mc/output_qqb_34_train.root",
    "/tmp/tmpjsiscqd8/HEP/data/share/aleph/aleph-data/ntuples_new/mc/output_qqb_35_train.root",
    "/tmp/tmpjsiscqd8/HEP/data/share/aleph/aleph-data/ntuples_new/mc/output_qqb_36_train.root",
    "/tmp/tmpjsiscqd8/HEP/data/share/aleph/aleph-data/ntuples_new/mc/output_qqb_37_train.root",
    "/tmp/tmpjsiscqd8/HEP/data/share/aleph/aleph-data/ntuples_new/mc/output_qqb_38_train.root",
    "/tmp/tmpjsiscqd8/HEP/data/share/aleph/aleph-data/ntuples_new/mc/output_qqb_39_train.root",
    "/tmp/tmpjsiscqd8/HEP/data/share/aleph/aleph-data/ntuples_new/mc/output_qqb_3_train.root",
    "/tmp/tmpjsiscqd8/HEP/data/share/aleph/aleph-data/ntuples_new/mc/output_qqb_40_train.root",
    "/tmp/tmpjsiscqd8/HEP/data/share/aleph/aleph-data/ntuples_new/mc/output_qqb_41_train.root",
    "/tmp/tmpjsiscqd8/HEP/data/share/aleph/aleph-data/ntuples_new/mc/output_qqb_42_train.root",
    "/tmp/tmpjsiscqd8/HEP/data/share/aleph/aleph-data/ntuples_new/mc/output_qqb_43_train.root",
    "/tmp/tmpjsiscqd8/HEP/data/share/aleph/aleph-data/ntuples_new/mc/output_qqb_44_train.root",
    "/tmp/tmpjsiscqd8/HEP/data/share/aleph/aleph-data/ntuples_new/mc/output_qqb_45_train.root",
    "/tmp/tmpjsiscqd8/HEP/data/share/aleph/aleph-data/ntuples_new/mc/output_qqb_46_train.root",
    "/tmp/tmpjsiscqd8/HEP/data/share/aleph/aleph-data/ntuples_new/mc/output_qqb_47_train.root",
    "/tmp/tmpjsiscqd8/HEP/data/share/aleph/aleph-data/ntuples_new/mc/output_qqb_48_train.root",
    "/tmp/tmpjsiscqd8/HEP/data/share/aleph/aleph-data/ntuples_new/mc/output_qqb_49_train.root",
    "/tmp/tmpjsiscqd8/HEP/data/share/aleph/aleph-data/ntuples_new/mc/output_qqb_4_train.root",
    "/tmp/tmpjsiscqd8/HEP/data/share/aleph/aleph-data/ntuples_new/mc/output_qqb_50_train.root",
    "/tmp/tmpjsiscqd8/HEP/data/share/aleph/aleph-data/ntuples_new/mc/output_qqb_51_train.root",
    "/tmp/tmpjsiscqd8/HEP/data/share/aleph/aleph-data/ntuples_new/mc/output_qqb_52_train.root",
    "/tmp/tmpjsiscqd8/HEP/data/share/aleph/aleph-data/ntuples_new/mc/output_qqb_53_train.root",
    "/tmp/tmpjsiscqd8/HEP/data/share/aleph/aleph-data/ntuples_new/mc/output_qqb_54_train.root",
    "/tmp/tmpjsiscqd8/HEP/data/share/aleph/aleph-data/ntuples_new/mc/output_qqb_55_train.root",
    "/tmp/tmpjsiscqd8/HEP/data/share/aleph/aleph-data/ntuples_new/mc/output_qqb_56_train.root",
    "/tmp/tmpjsiscqd8/HEP/data/share/aleph/aleph-data/ntuples_new/mc/output_qqb_57_train.root",
    "/tmp/tmpjsiscqd8/HEP/data/share/aleph/aleph-data/ntuples_new/mc/output_qqb_58_train.root",
    "/tmp/tmpjsiscqd8/HEP/data/share/aleph/aleph-data/ntuples_new/mc/output_qqb_59_train.root",
    "/tmp/tmpjsiscqd8/HEP/data/share/aleph/aleph-data/ntuples_new/mc/output_qqb_5_train.root",
    "/tmp/tmpjsiscqd8/HEP/data/share/aleph/aleph-data/ntuples_new/mc/output_qqb_60_train.root",
    "/tmp/tmpjsiscqd8/HEP/data/share/aleph/aleph-data/ntuples_new/mc/output_qqb_61_train.root",
    "/tmp/tmpjsiscqd8/HEP/data/share/aleph/aleph-data/ntuples_new/mc/output_qqb_62_train.root",
    "/tmp/tmpjsiscqd8/HEP/data/share/aleph/aleph-data/ntuples_new/mc/output_qqb_63_train.root",
    "/tmp/tmpjsiscqd8/HEP/data/share/aleph/aleph-data/ntuples_new/mc/output_qqb_64_train.root",
    "/tmp/tmpjsiscqd8/HEP/data/share/aleph/aleph-data/ntuples_new/mc/output_qqb_65_train.root",
    "/tmp/tmpjsiscqd8/HEP/data/share/aleph/aleph-data/ntuples_new/mc/output_qqb_66_train.root",
    "/tmp/tmpjsiscqd8/HEP/data/share/aleph/aleph-data/ntuples_new/mc/output_qqb_67_train.root",
    "/tmp/tmpjsiscqd8/HEP/data/share/aleph/aleph-data/ntuples_new/mc/output_qqb_68_train.root",
    "/tmp/tmpjsiscqd8/HEP/data/share/aleph/aleph-data/ntuples_new/mc/output_qqb_69_train.root",
    "/tmp/tmpjsiscqd8/HEP/data/share/aleph/aleph-data/ntuples_new/mc/output_qqb_6_train.root",
    "/tmp/tmpjsiscqd8/HEP/data/share/aleph/aleph-data/ntuples_new/mc/output_qqb_7_train.root",
    "/tmp/tmpjsiscqd8/HEP/data/share/aleph/aleph-data/ntuples_new/mc/output_qqb_8_train.root",
    "/tmp/tmpjsiscqd8/HEP/data/share/aleph/aleph-data/ntuples_new/mc/output_qqb_9_train.root"
  ]
}
0it [00:20, ?it/s, Loss=nan, AvgLoss=nan, Acc=0.23438, AvgAcc=0.23438]1it [00:20, 20.49s/it, Loss=nan, AvgLoss=nan, Acc=0.23438, AvgAcc=0.23438]1it [00:20, 20.49s/it, Loss=nan, AvgLoss=nan, Acc=0.19922, AvgAcc=0.21680]1it [00:20, 20.49s/it, Loss=nan, AvgLoss=nan, Acc=0.25000, AvgAcc=0.22786]3it [00:20,  5.37s/it, Loss=nan, AvgLoss=nan, Acc=0.25000, AvgAcc=0.22786]3it [00:20,  5.37s/it, Loss=nan, AvgLoss=nan, Acc=0.20898, AvgAcc=0.22314]3it [00:20,  5.37s/it, Loss=nan, AvgLoss=nan, Acc=0.23633, AvgAcc=0.22578]5it [00:20,  2.66s/it, Loss=nan, AvgLoss=nan, Acc=0.23633, AvgAcc=0.22578]5it [00:20,  2.66s/it, Loss=nan, AvgLoss=nan, Acc=0.20508, AvgAcc=0.22233]5it [00:21,  2.66s/it, Loss=nan, AvgLoss=nan, Acc=0.22461, AvgAcc=0.22266]7it [00:21,  1.59s/it, Loss=nan, AvgLoss=nan, Acc=0.22461, AvgAcc=0.22266]7it [00:21,  1.59s/it, Loss=nan, AvgLoss=nan, Acc=0.24414, AvgAcc=0.22534]7it [00:21,  1.59s/it, Loss=nan, AvgLoss=nan, Acc=0.21680, AvgAcc=0.22439]9it [00:21,  1.03s/it, Loss=nan, AvgLoss=nan, Acc=0.21680, AvgAcc=0.22439]9it [00:21,  1.03s/it, Loss=nan, AvgLoss=nan, Acc=0.23438, AvgAcc=0.22539]9it [00:21,  1.03s/it, Loss=nan, AvgLoss=nan, Acc=0.22461, AvgAcc=0.22532]11it [00:21,  1.43it/s, Loss=nan, AvgLoss=nan, Acc=0.22461, AvgAcc=0.22532]11it [00:21,  1.43it/s, Loss=nan, AvgLoss=nan, Acc=0.26172, AvgAcc=0.22835]11it [00:21,  1.43it/s, Loss=nan, AvgLoss=nan, Acc=0.17969, AvgAcc=0.22461]13it [00:21,  2.02it/s, Loss=nan, AvgLoss=nan, Acc=0.17969, AvgAcc=0.22461]13it [00:21,  2.02it/s, Loss=nan, AvgLoss=nan, Acc=0.23047, AvgAcc=0.22503]13it [00:21,  2.02it/s, Loss=nan, AvgLoss=nan, Acc=0.26758, AvgAcc=0.22786]15it [00:21,  2.75it/s, Loss=nan, AvgLoss=nan, Acc=0.26758, AvgAcc=0.22786]15it [00:21,  2.75it/s, Loss=nan, AvgLoss=nan, Acc=0.26562, AvgAcc=0.23022]15it [00:21,  2.75it/s, Loss=nan, AvgLoss=nan, Acc=0.21289, AvgAcc=0.22920]17it [00:21,  3.62it/s, Loss=nan, AvgLoss=nan, Acc=0.21289, AvgAcc=0.22920]17it [00:22,  3.62it/s, Loss=nan, AvgLoss=nan, Acc=0.20508, AvgAcc=0.22786]17it [00:22,  3.62it/s, Loss=nan, AvgLoss=nan, Acc=0.22266, AvgAcc=0.22759]19it [00:22,  4.59it/s, Loss=nan, AvgLoss=nan, Acc=0.22266, AvgAcc=0.22759]19it [00:22,  4.59it/s, Loss=nan, AvgLoss=nan, Acc=0.22461, AvgAcc=0.22744]19it [00:22,  4.59it/s, Loss=nan, AvgLoss=nan, Acc=0.20898, AvgAcc=0.22656]21it [00:22,  5.76it/s, Loss=nan, AvgLoss=nan, Acc=0.20898, AvgAcc=0.22656]21it [00:22,  5.76it/s, Loss=nan, AvgLoss=nan, Acc=0.24023, AvgAcc=0.22718]21it [00:22,  5.76it/s, Loss=nan, AvgLoss=nan, Acc=0.23242, AvgAcc=0.22741]23it [00:22,  6.83it/s, Loss=nan, AvgLoss=nan, Acc=0.23242, AvgAcc=0.22741]23it [00:22,  6.83it/s, Loss=nan, AvgLoss=nan, Acc=0.22852, AvgAcc=0.22746]23it [00:22,  6.83it/s, Loss=nan, AvgLoss=nan, Acc=0.24023, AvgAcc=0.22797]25it [00:22,  7.93it/s, Loss=nan, AvgLoss=nan, Acc=0.24023, AvgAcc=0.22797]25it [00:22,  7.93it/s, Loss=nan, AvgLoss=nan, Acc=0.21289, AvgAcc=0.22739]25it [00:22,  7.93it/s, Loss=nan, AvgLoss=nan, Acc=0.25586, AvgAcc=0.22844]27it [00:22,  8.88it/s, Loss=nan, AvgLoss=nan, Acc=0.25586, AvgAcc=0.22844]27it [00:22,  8.88it/s, Loss=nan, AvgLoss=nan, Acc=0.20703, AvgAcc=0.22768]27it [00:22,  8.88it/s, Loss=nan, AvgLoss=nan, Acc=0.20898, AvgAcc=0.22703]29it [00:22, 10.20it/s, Loss=nan, AvgLoss=nan, Acc=0.20898, AvgAcc=0.22703]29it [00:23, 10.20it/s, Loss=nan, AvgLoss=nan, Acc=0.24023, AvgAcc=0.22747]29it [00:23, 10.20it/s, Loss=nan, AvgLoss=nan, Acc=0.20703, AvgAcc=0.22681]31it [00:23, 10.87it/s, Loss=nan, AvgLoss=nan, Acc=0.20703, AvgAcc=0.22681]31it [00:23, 10.87it/s, Loss=nan, AvgLoss=nan, Acc=0.25000, AvgAcc=0.22754]31it [00:23, 10.87it/s, Loss=nan, AvgLoss=nan, Acc=0.23047, AvgAcc=0.22763]33it [00:23,  8.99it/s, Loss=nan, AvgLoss=nan, Acc=0.23047, AvgAcc=0.22763]33it [00:23,  8.99it/s, Loss=nan, AvgLoss=nan, Acc=0.25391, AvgAcc=0.22840]33it [00:23,  8.99it/s, Loss=nan, AvgLoss=nan, Acc=0.21680, AvgAcc=0.22807]35it [00:23, 10.18it/s, Loss=nan, AvgLoss=nan, Acc=0.21680, AvgAcc=0.22807]35it [00:23, 10.18it/s, Loss=nan, AvgLoss=nan, Acc=0.21289, AvgAcc=0.22765]35it [00:23, 10.18it/s, Loss=nan, AvgLoss=nan, Acc=0.23047, AvgAcc=0.22772]37it [00:23, 10.55it/s, Loss=nan, AvgLoss=nan, Acc=0.23047, AvgAcc=0.22772]37it [00:34, 10.55it/s, Loss=nan, AvgLoss=nan, Acc=0.23828, AvgAcc=0.22800]37it [00:34, 10.55it/s, Loss=nan, AvgLoss=nan, Acc=0.21875, AvgAcc=0.22776]39it [00:34,  1.75s/it, Loss=nan, AvgLoss=nan, Acc=0.21875, AvgAcc=0.22776]39it [00:35,  1.75s/it, Loss=nan, AvgLoss=nan, Acc=0.22852, AvgAcc=0.22778]39it [00:35,  1.75s/it, Loss=nan, AvgLoss=nan, Acc=0.20508, AvgAcc=0.22723]41it [00:35,  1.25s/it, Loss=nan, AvgLoss=nan, Acc=0.20508, AvgAcc=0.22723]41it [00:35,  1.25s/it, Loss=nan, AvgLoss=nan, Acc=0.18359, AvgAcc=0.22619]41it [00:35,  1.25s/it, Loss=nan, AvgLoss=nan, Acc=0.19727, AvgAcc=0.22552]43it [00:35,  1.11it/s, Loss=nan, AvgLoss=nan, Acc=0.19727, AvgAcc=0.22552]43it [00:35,  1.11it/s, Loss=nan, AvgLoss=nan, Acc=0.24023, AvgAcc=0.22585]43it [00:35,  1.11it/s, Loss=nan, AvgLoss=nan, Acc=0.24414, AvgAcc=0.22626]45it [00:35,  1.52it/s, Loss=nan, AvgLoss=nan, Acc=0.24414, AvgAcc=0.22626]45it [00:35,  1.52it/s, Loss=nan, AvgLoss=nan, Acc=0.21680, AvgAcc=0.22605]45it [00:35,  1.52it/s, Loss=nan, AvgLoss=nan, Acc=0.19141, AvgAcc=0.22532]47it [00:35,  1.93it/s, Loss=nan, AvgLoss=nan, Acc=0.19141, AvgAcc=0.22532]47it [00:35,  1.93it/s, Loss=nan, AvgLoss=nan, Acc=0.20312, AvgAcc=0.22485]47it [00:36,  1.93it/s, Loss=nan, AvgLoss=nan, Acc=0.22656, AvgAcc=0.22489]49it [00:36,  2.59it/s, Loss=nan, AvgLoss=nan, Acc=0.22656, AvgAcc=0.22489]49it [00:36,  2.59it/s, Loss=nan, AvgLoss=nan, Acc=0.25391, AvgAcc=0.22547]49it [00:36,  2.59it/s, Loss=nan, AvgLoss=nan, Acc=0.19141, AvgAcc=0.22480]51it [00:36,  3.42it/s, Loss=nan, AvgLoss=nan, Acc=0.19141, AvgAcc=0.22480]51it [00:36,  3.42it/s, Loss=nan, AvgLoss=nan, Acc=0.21680, AvgAcc=0.22465]51it [00:36,  3.42it/s, Loss=nan, AvgLoss=nan, Acc=0.23633, AvgAcc=0.22487]53it [00:36,  4.31it/s, Loss=nan, AvgLoss=nan, Acc=0.23633, AvgAcc=0.22487]53it [00:36,  4.31it/s, Loss=nan, AvgLoss=nan, Acc=0.20898, AvgAcc=0.22457]53it [00:36,  4.31it/s, Loss=nan, AvgLoss=nan, Acc=0.21094, AvgAcc=0.22433]55it [00:36,  5.30it/s, Loss=nan, AvgLoss=nan, Acc=0.21094, AvgAcc=0.22433]55it [00:36,  5.30it/s, Loss=nan, AvgLoss=nan, Acc=0.23047, AvgAcc=0.22443]55it [00:36,  5.30it/s, Loss=nan, AvgLoss=nan, Acc=0.23633, AvgAcc=0.22464]57it [00:36,  6.68it/s, Loss=nan, AvgLoss=nan, Acc=0.23633, AvgAcc=0.22464]57it [00:36,  6.68it/s, Loss=nan, AvgLoss=nan, Acc=0.22656, AvgAcc=0.22468]57it [00:36,  6.68it/s, Loss=nan, AvgLoss=nan, Acc=0.21875, AvgAcc=0.22458]59it [00:36,  7.83it/s, Loss=nan, AvgLoss=nan, Acc=0.21875, AvgAcc=0.22458]59it [00:36,  7.83it/s, Loss=nan, AvgLoss=nan, Acc=0.21875, AvgAcc=0.22448]59it [00:36,  7.83it/s, Loss=nan, AvgLoss=nan, Acc=0.22461, AvgAcc=0.22448]61it [00:36,  9.11it/s, Loss=nan, AvgLoss=nan, Acc=0.22461, AvgAcc=0.22448]61it [00:36,  9.11it/s, Loss=nan, AvgLoss=nan, Acc=0.22461, AvgAcc=0.22448]61it [00:37,  9.11it/s, Loss=nan, AvgLoss=nan, Acc=0.17383, AvgAcc=0.22368]63it [00:37,  9.59it/s, Loss=nan, AvgLoss=nan, Acc=0.17383, AvgAcc=0.22368]63it [00:37,  9.59it/s, Loss=nan, AvgLoss=nan, Acc=0.21484, AvgAcc=0.22354]63it [00:37,  9.59it/s, Loss=nan, AvgLoss=nan, Acc=0.20703, AvgAcc=0.22329]65it [00:37, 10.29it/s, Loss=nan, AvgLoss=nan, Acc=0.20703, AvgAcc=0.22329]65it [00:37, 10.29it/s, Loss=nan, AvgLoss=nan, Acc=0.23047, AvgAcc=0.22340]65it [00:37, 10.29it/s, Loss=nan, AvgLoss=nan, Acc=0.22852, AvgAcc=0.22347]67it [00:37, 10.38it/s, Loss=nan, AvgLoss=nan, Acc=0.22852, AvgAcc=0.22347]67it [00:37, 10.38it/s, Loss=nan, AvgLoss=nan, Acc=0.19141, AvgAcc=0.22300]67it [00:37, 10.38it/s, Loss=nan, AvgLoss=nan, Acc=0.20703, AvgAcc=0.22277]69it [00:37,  9.14it/s, Loss=nan, AvgLoss=nan, Acc=0.20703, AvgAcc=0.22277]69it [00:37,  9.14it/s, Loss=nan, AvgLoss=nan, Acc=0.22461, AvgAcc=0.22280]69it [00:37,  9.14it/s, Loss=nan, AvgLoss=nan, Acc=0.22461, AvgAcc=0.22282]71it [00:37,  9.68it/s, Loss=nan, AvgLoss=nan, Acc=0.22461, AvgAcc=0.22282]71it [00:37,  9.68it/s, Loss=nan, AvgLoss=nan, Acc=0.20312, AvgAcc=0.22255]71it [00:38,  9.68it/s, Loss=nan, AvgLoss=nan, Acc=0.23047, AvgAcc=0.22266]73it [00:38, 10.67it/s, Loss=nan, AvgLoss=nan, Acc=0.23047, AvgAcc=0.22266]73it [00:38, 10.67it/s, Loss=nan, AvgLoss=nan, Acc=0.23242, AvgAcc=0.22279]73it [00:38, 10.67it/s, Loss=nan, AvgLoss=nan, Acc=0.21484, AvgAcc=0.22268]74it [00:38,  1.94it/s, Loss=nan, AvgLoss=nan, Acc=0.21484, AvgAcc=0.22268]
[2025-12-08 09:35:50,262] INFO: Processed 38400 entries in total (avg. speed 1005.8 entries/s)
[2025-12-08 09:35:50,262] INFO: Evaluation class distribution: 
    [(0, 8551), (1, 6636), (2, 23213)]
[2025-12-08 09:35:50,263] ERROR: Input contains NaN.
[2025-12-08 09:35:50,365] ERROR: Input contains NaN.
[2025-12-08 09:35:50,367] INFO: Evaluation metrics: 
    - roc_auc_score: 
None
    - roc_auc_score_matrix: 
None
    - confusion_matrix: 
[[1. 0. 0.]
 [1. 0. 0.]
 [1. 0. 0.]]
[2025-12-08 09:35:50,374] INFO: Pairwise ROC AUC:
[2025-12-08 09:35:50,464] INFO: [1mEpoch #0: Current validation metric: 0.22268 (best: 0.22268)[0m
[2025-12-08 09:35:50,464] INFO: --------------------------------------------------
[2025-12-08 09:35:50,464] INFO: Epoch #1 training
0it [00:00, ?it/s]/oscar/home/tgillin/files/weaver-core/weaver/utils/nn/tools.py:125: FutureWarning: `torch.cuda.amp.autocast(args...)` is deprecated. Please use `torch.amp.autocast('cuda', args...)` instead.
  with torch.cuda.amp.autocast(enabled=grad_scaler is not None):
/oscar/home/tgillin/files/weaver-core/weaver/nn/model/ParticleTransformer.py:549: FutureWarning: `torch.cuda.amp.autocast(args...)` is deprecated. Please use `torch.amp.autocast('cuda', args...)` instead.
  with torch.cuda.amp.autocast(enabled=self.use_amp):
/users/tgillin/miniconda3/envs/weaver/lib/python3.10/site-packages/torch/nn/functional.py:6041: UserWarning: Support for mismatched key_padding_mask and attn_mask is deprecated. Use same type for both instead.
  warnings.warn(
0it [00:00, ?it/s, lr=5.00e-03, Loss=nan, AvgLoss=nan, Acc=0.21875, AvgAcc=0.21875]1it [00:00,  4.98it/s, lr=5.00e-03, Loss=nan, AvgLoss=nan, Acc=0.21875, AvgAcc=0.21875]1it [00:00,  4.98it/s, lr=5.00e-03, Loss=nan, AvgLoss=nan, Acc=0.22852, AvgAcc=0.22363]2it [00:00,  4.91it/s, lr=5.00e-03, Loss=nan, AvgLoss=nan, Acc=0.22852, AvgAcc=0.22363]2it [00:00,  4.91it/s, lr=5.00e-03, Loss=nan, AvgLoss=nan, Acc=0.20117, AvgAcc=0.21615]3it [00:00,  4.89it/s, lr=5.00e-03, Loss=nan, AvgLoss=nan, Acc=0.20117, AvgAcc=0.21615]3it [00:00,  4.89it/s, lr=5.00e-03, Loss=nan, AvgLoss=nan, Acc=0.18750, AvgAcc=0.20898]4it [00:00,  3.63it/s, lr=5.00e-03, Loss=nan, AvgLoss=nan, Acc=0.18750, AvgAcc=0.20898]4it [00:01,  3.63it/s, lr=5.00e-03, Loss=nan, AvgLoss=nan, Acc=0.24023, AvgAcc=0.21523]5it [00:01,  3.59it/s, lr=5.00e-03, Loss=nan, AvgLoss=nan, Acc=0.24023, AvgAcc=0.21523]5it [00:01,  3.59it/s, lr=5.00e-03, Loss=nan, AvgLoss=nan, Acc=0.19727, AvgAcc=0.21224]6it [00:01,  3.36it/s, lr=5.00e-03, Loss=nan, AvgLoss=nan, Acc=0.19727, AvgAcc=0.21224]6it [00:02,  3.36it/s, lr=5.00e-03, Loss=nan, AvgLoss=nan, Acc=0.25391, AvgAcc=0.21819]7it [00:02,  2.89it/s, lr=5.00e-03, Loss=nan, AvgLoss=nan, Acc=0.25391, AvgAcc=0.21819]7it [00:02,  2.89it/s, lr=5.00e-03, Loss=nan, AvgLoss=nan, Acc=0.23438, AvgAcc=0.22021]8it [00:02,  3.04it/s, lr=5.00e-03, Loss=nan, AvgLoss=nan, Acc=0.23438, AvgAcc=0.22021]8it [00:02,  3.04it/s, lr=5.00e-03, Loss=nan, AvgLoss=nan, Acc=0.24023, AvgAcc=0.22244]9it [00:02,  3.14it/s, lr=5.00e-03, Loss=nan, AvgLoss=nan, Acc=0.24023, AvgAcc=0.22244]9it [00:02,  3.14it/s, lr=5.00e-03, Loss=nan, AvgLoss=nan, Acc=0.20508, AvgAcc=0.22070]10it [00:02,  3.17it/s, lr=5.00e-03, Loss=nan, AvgLoss=nan, Acc=0.20508, AvgAcc=0.22070]10it [00:03,  3.17it/s, lr=5.00e-03, Loss=nan, AvgLoss=nan, Acc=0.21484, AvgAcc=0.22017]11it [00:03,  2.88it/s, lr=5.00e-03, Loss=nan, AvgLoss=nan, Acc=0.21484, AvgAcc=0.22017]11it [00:03,  2.88it/s, lr=5.00e-03, Loss=nan, AvgLoss=nan, Acc=0.22461, AvgAcc=0.22054]12it [00:03,  2.97it/s, lr=5.00e-03, Loss=nan, AvgLoss=nan, Acc=0.22461, AvgAcc=0.22054]12it [00:03,  2.97it/s, lr=5.00e-03, Loss=nan, AvgLoss=nan, Acc=0.20117, AvgAcc=0.21905]13it [00:03,  3.13it/s, lr=5.00e-03, Loss=nan, AvgLoss=nan, Acc=0.20117, AvgAcc=0.21905]13it [00:04,  3.13it/s, lr=5.00e-03, Loss=nan, AvgLoss=nan, Acc=0.22070, AvgAcc=0.21917]14it [00:04,  2.73it/s, lr=5.00e-03, Loss=nan, AvgLoss=nan, Acc=0.22070, AvgAcc=0.21917]14it [00:04,  2.73it/s, lr=5.00e-03, Loss=nan, AvgLoss=nan, Acc=0.22656, AvgAcc=0.21966]15it [00:04,  2.91it/s, lr=5.00e-03, Loss=nan, AvgLoss=nan, Acc=0.22656, AvgAcc=0.21966]15it [00:05,  2.91it/s, lr=5.00e-03, Loss=nan, AvgLoss=nan, Acc=0.25391, AvgAcc=0.22180]16it [00:05,  3.04it/s, lr=5.00e-03, Loss=nan, AvgLoss=nan, Acc=0.25391, AvgAcc=0.22180]16it [00:05,  3.04it/s, lr=5.00e-03, Loss=nan, AvgLoss=nan, Acc=0.23438, AvgAcc=0.22254]17it [00:05,  2.83it/s, lr=5.00e-03, Loss=nan, AvgLoss=nan, Acc=0.23438, AvgAcc=0.22254]17it [00:05,  2.83it/s, lr=5.00e-03, Loss=nan, AvgLoss=nan, Acc=0.20312, AvgAcc=0.22146]18it [00:05,  2.94it/s, lr=5.00e-03, Loss=nan, AvgLoss=nan, Acc=0.20312, AvgAcc=0.22146]18it [00:06,  2.94it/s, lr=5.00e-03, Loss=nan, AvgLoss=nan, Acc=0.20703, AvgAcc=0.22070]19it [00:06,  3.05it/s, lr=5.00e-03, Loss=nan, AvgLoss=nan, Acc=0.20703, AvgAcc=0.22070]19it [00:06,  3.05it/s, lr=5.00e-03, Loss=nan, AvgLoss=nan, Acc=0.22070, AvgAcc=0.22070]20it [00:06,  3.22it/s, lr=5.00e-03, Loss=nan, AvgLoss=nan, Acc=0.22070, AvgAcc=0.22070]20it [00:06,  3.22it/s, lr=5.00e-03, Loss=nan, AvgLoss=nan, Acc=0.23047, AvgAcc=0.22117]21it [00:06,  2.88it/s, lr=5.00e-03, Loss=nan, AvgLoss=nan, Acc=0.23047, AvgAcc=0.22117]21it [00:07,  2.88it/s, lr=5.00e-03, Loss=nan, AvgLoss=nan, Acc=0.21680, AvgAcc=0.22097]22it [00:07,  2.96it/s, lr=5.00e-03, Loss=nan, AvgLoss=nan, Acc=0.21680, AvgAcc=0.22097]22it [00:07,  2.96it/s, lr=5.00e-03, Loss=nan, AvgLoss=nan, Acc=0.23828, AvgAcc=0.22172]23it [00:07,  3.14it/s, lr=5.00e-03, Loss=nan, AvgLoss=nan, Acc=0.23828, AvgAcc=0.22172]23it [00:07,  3.14it/s, lr=5.00e-03, Loss=nan, AvgLoss=nan, Acc=0.20508, AvgAcc=0.22103]24it [00:07,  2.82it/s, lr=5.00e-03, Loss=nan, AvgLoss=nan, Acc=0.20508, AvgAcc=0.22103]24it [00:08,  2.82it/s, lr=5.00e-03, Loss=nan, AvgLoss=nan, Acc=0.20898, AvgAcc=0.22055]25it [00:08,  2.99it/s, lr=5.00e-03, Loss=nan, AvgLoss=nan, Acc=0.20898, AvgAcc=0.22055]25it [00:08,  2.99it/s, lr=5.00e-03, Loss=nan, AvgLoss=nan, Acc=0.23242, AvgAcc=0.22100]26it [00:08,  3.11it/s, lr=5.00e-03, Loss=nan, AvgLoss=nan, Acc=0.23242, AvgAcc=0.22100]26it [00:08,  3.11it/s, lr=5.00e-03, Loss=nan, AvgLoss=nan, Acc=0.21289, AvgAcc=0.22070]27it [00:08,  2.73it/s, lr=5.00e-03, Loss=nan, AvgLoss=nan, Acc=0.21289, AvgAcc=0.22070]27it [00:09,  2.73it/s, lr=5.00e-03, Loss=nan, AvgLoss=nan, Acc=0.24414, AvgAcc=0.22154]28it [00:09,  2.83it/s, lr=5.00e-03, Loss=nan, AvgLoss=nan, Acc=0.24414, AvgAcc=0.22154]28it [00:09,  2.83it/s, lr=5.00e-03, Loss=nan, AvgLoss=nan, Acc=0.20703, AvgAcc=0.22104]29it [00:09,  2.98it/s, lr=5.00e-03, Loss=nan, AvgLoss=nan, Acc=0.20703, AvgAcc=0.22104]29it [00:09,  2.98it/s, lr=5.00e-03, Loss=nan, AvgLoss=nan, Acc=0.20117, AvgAcc=0.22038]30it [00:09,  3.03it/s, lr=5.00e-03, Loss=nan, AvgLoss=nan, Acc=0.20117, AvgAcc=0.22038]30it [00:10,  3.03it/s, lr=5.00e-03, Loss=nan, AvgLoss=nan, Acc=0.21680, AvgAcc=0.22026]31it [00:10,  2.83it/s, lr=5.00e-03, Loss=nan, AvgLoss=nan, Acc=0.21680, AvgAcc=0.22026]31it [00:10,  2.83it/s, lr=5.00e-03, Loss=nan, AvgLoss=nan, Acc=0.20508, AvgAcc=0.21979]32it [00:10,  3.01it/s, lr=5.00e-03, Loss=nan, AvgLoss=nan, Acc=0.20508, AvgAcc=0.21979]32it [00:10,  3.01it/s, lr=5.00e-03, Loss=nan, AvgLoss=nan, Acc=0.23438, AvgAcc=0.22023]33it [00:10,  3.12it/s, lr=5.00e-03, Loss=nan, AvgLoss=nan, Acc=0.23438, AvgAcc=0.22023]33it [00:11,  3.12it/s, lr=5.00e-03, Loss=nan, AvgLoss=nan, Acc=0.24023, AvgAcc=0.22082]34it [00:11,  2.87it/s, lr=5.00e-03, Loss=nan, AvgLoss=nan, Acc=0.24023, AvgAcc=0.22082]34it [00:11,  2.87it/s, lr=5.00e-03, Loss=nan, AvgLoss=nan, Acc=0.23633, AvgAcc=0.22126]35it [00:11,  2.98it/s, lr=5.00e-03, Loss=nan, AvgLoss=nan, Acc=0.23633, AvgAcc=0.22126]35it [00:11,  2.98it/s, lr=5.00e-03, Loss=nan, AvgLoss=nan, Acc=0.21484, AvgAcc=0.22108]36it [00:11,  3.04it/s, lr=5.00e-03, Loss=nan, AvgLoss=nan, Acc=0.21484, AvgAcc=0.22108]36it [00:12,  3.04it/s, lr=5.00e-03, Loss=nan, AvgLoss=nan, Acc=0.21875, AvgAcc=0.22102]37it [00:12,  3.12it/s, lr=5.00e-03, Loss=nan, AvgLoss=nan, Acc=0.21875, AvgAcc=0.22102]37it [00:12,  3.12it/s, lr=5.00e-03, Loss=nan, AvgLoss=nan, Acc=0.22266, AvgAcc=0.22106]38it [00:12,  2.87it/s, lr=5.00e-03, Loss=nan, AvgLoss=nan, Acc=0.22266, AvgAcc=0.22106]38it [00:12,  2.87it/s, lr=5.00e-03, Loss=nan, AvgLoss=nan, Acc=0.22461, AvgAcc=0.22115]39it [00:12,  2.98it/s, lr=5.00e-03, Loss=nan, AvgLoss=nan, Acc=0.22461, AvgAcc=0.22115]39it [00:13,  2.98it/s, lr=5.00e-03, Loss=nan, AvgLoss=nan, Acc=0.20898, AvgAcc=0.22085]40it [00:13,  3.14it/s, lr=5.00e-03, Loss=nan, AvgLoss=nan, Acc=0.20898, AvgAcc=0.22085]40it [00:13,  3.14it/s, lr=5.00e-03, Loss=nan, AvgLoss=nan, Acc=0.21094, AvgAcc=0.22061]41it [00:13,  2.79it/s, lr=5.00e-03, Loss=nan, AvgLoss=nan, Acc=0.21094, AvgAcc=0.22061]41it [00:27,  2.79it/s, lr=5.00e-03, Loss=nan, AvgLoss=nan, Acc=0.21875, AvgAcc=0.22056]42it [00:27,  4.55s/it, lr=5.00e-03, Loss=nan, AvgLoss=nan, Acc=0.21875, AvgAcc=0.22056]42it [00:28,  4.55s/it, lr=5.00e-03, Loss=nan, AvgLoss=nan, Acc=0.21484, AvgAcc=0.22043]43it [00:28,  3.25s/it, lr=5.00e-03, Loss=nan, AvgLoss=nan, Acc=0.21484, AvgAcc=0.22043]43it [00:28,  3.25s/it, lr=5.00e-03, Loss=nan, AvgLoss=nan, Acc=0.20898, AvgAcc=0.22017]44it [00:28,  2.34s/it, lr=5.00e-03, Loss=nan, AvgLoss=nan, Acc=0.20898, AvgAcc=0.22017]44it [00:28,  2.34s/it, lr=5.00e-03, Loss=nan, AvgLoss=nan, Acc=0.21094, AvgAcc=0.21997]45it [00:28,  1.70s/it, lr=5.00e-03, Loss=nan, AvgLoss=nan, Acc=0.21094, AvgAcc=0.21997]45it [00:28,  1.70s/it, lr=5.00e-03, Loss=nan, AvgLoss=nan, Acc=0.24414, AvgAcc=0.22049]46it [00:28,  1.26s/it, lr=5.00e-03, Loss=nan, AvgLoss=nan, Acc=0.24414, AvgAcc=0.22049]46it [00:29,  1.26s/it, lr=5.00e-03, Loss=nan, AvgLoss=nan, Acc=0.20703, AvgAcc=0.22020]47it [00:29,  1.01it/s, lr=5.00e-03, Loss=nan, AvgLoss=nan, Acc=0.20703, AvgAcc=0.22020]47it [00:29,  1.01it/s, lr=5.00e-03, Loss=nan, AvgLoss=nan, Acc=0.23633, AvgAcc=0.22054]48it [00:29,  1.32it/s, lr=5.00e-03, Loss=nan, AvgLoss=nan, Acc=0.23633, AvgAcc=0.22054]48it [00:29,  1.32it/s, lr=5.00e-03, Loss=nan, AvgLoss=nan, Acc=0.24609, AvgAcc=0.22106]49it [00:29,  1.66it/s, lr=5.00e-03, Loss=nan, AvgLoss=nan, Acc=0.24609, AvgAcc=0.22106]49it [00:29,  1.66it/s, lr=5.00e-03, Loss=nan, AvgLoss=nan, Acc=0.17969, AvgAcc=0.22023]50it [00:29,  2.08it/s, lr=5.00e-03, Loss=nan, AvgLoss=nan, Acc=0.17969, AvgAcc=0.22023]50it [00:30,  2.08it/s, lr=5.00e-03, Loss=nan, AvgLoss=nan, Acc=0.21289, AvgAcc=0.22009]51it [00:30,  2.27it/s, lr=5.00e-03, Loss=nan, AvgLoss=nan, Acc=0.21289, AvgAcc=0.22009]51it [00:30,  2.27it/s, lr=5.00e-03, Loss=nan, AvgLoss=nan, Acc=0.21094, AvgAcc=0.21991]52it [00:30,  2.67it/s, lr=5.00e-03, Loss=nan, AvgLoss=nan, Acc=0.21094, AvgAcc=0.21991]52it [00:30,  2.67it/s, lr=5.00e-03, Loss=nan, AvgLoss=nan, Acc=0.21094, AvgAcc=0.21974]53it [00:30,  2.98it/s, lr=5.00e-03, Loss=nan, AvgLoss=nan, Acc=0.21094, AvgAcc=0.21974]53it [00:30,  2.98it/s, lr=5.00e-03, Loss=nan, AvgLoss=nan, Acc=0.23438, AvgAcc=0.22002]54it [00:30,  3.33it/s, lr=5.00e-03, Loss=nan, AvgLoss=nan, Acc=0.23438, AvgAcc=0.22002]54it [00:31,  3.33it/s, lr=5.00e-03, Loss=nan, AvgLoss=nan, Acc=0.17969, AvgAcc=0.21928]55it [00:31,  3.23it/s, lr=5.00e-03, Loss=nan, AvgLoss=nan, Acc=0.17969, AvgAcc=0.21928]55it [00:31,  3.23it/s, lr=5.00e-03, Loss=nan, AvgLoss=nan, Acc=0.20312, AvgAcc=0.21899]56it [00:31,  3.53it/s, lr=5.00e-03, Loss=nan, AvgLoss=nan, Acc=0.20312, AvgAcc=0.21899]56it [00:31,  3.53it/s, lr=5.00e-03, Loss=nan, AvgLoss=nan, Acc=0.24219, AvgAcc=0.21940]57it [00:31,  3.86it/s, lr=5.00e-03, Loss=nan, AvgLoss=nan, Acc=0.24219, AvgAcc=0.21940]57it [00:31,  3.86it/s, lr=5.00e-03, Loss=nan, AvgLoss=nan, Acc=0.22070, AvgAcc=0.21942]58it [00:31,  4.19it/s, lr=5.00e-03, Loss=nan, AvgLoss=nan, Acc=0.22070, AvgAcc=0.21942]58it [00:31,  4.19it/s, lr=5.00e-03, Loss=nan, AvgLoss=nan, Acc=0.23047, AvgAcc=0.21961]59it [00:31,  4.40it/s, lr=5.00e-03, Loss=nan, AvgLoss=nan, Acc=0.23047, AvgAcc=0.21961]59it [00:32,  4.40it/s, lr=5.00e-03, Loss=nan, AvgLoss=nan, Acc=0.19727, AvgAcc=0.21924]60it [00:32,  3.81it/s, lr=5.00e-03, Loss=nan, AvgLoss=nan, Acc=0.19727, AvgAcc=0.21924]60it [00:32,  3.81it/s, lr=5.00e-03, Loss=nan, AvgLoss=nan, Acc=0.22070, AvgAcc=0.21926]61it [00:32,  4.01it/s, lr=5.00e-03, Loss=nan, AvgLoss=nan, Acc=0.22070, AvgAcc=0.21926]61it [00:32,  4.01it/s, lr=5.00e-03, Loss=nan, AvgLoss=nan, Acc=0.20703, AvgAcc=0.21907]62it [00:32,  4.20it/s, lr=5.00e-03, Loss=nan, AvgLoss=nan, Acc=0.20703, AvgAcc=0.21907]62it [00:32,  4.20it/s, lr=5.00e-03, Loss=nan, AvgLoss=nan, Acc=0.21680, AvgAcc=0.21903]63it [00:32,  4.34it/s, lr=5.00e-03, Loss=nan, AvgLoss=nan, Acc=0.21680, AvgAcc=0.21903]63it [00:33,  4.34it/s, lr=5.00e-03, Loss=nan, AvgLoss=nan, Acc=0.20312, AvgAcc=0.21878]64it [00:33,  4.39it/s, lr=5.00e-03, Loss=nan, AvgLoss=nan, Acc=0.20312, AvgAcc=0.21878]64it [00:33,  4.39it/s, lr=5.00e-03, Loss=nan, AvgLoss=nan, Acc=0.23633, AvgAcc=0.21905]65it [00:33,  3.88it/s, lr=5.00e-03, Loss=nan, AvgLoss=nan, Acc=0.23633, AvgAcc=0.21905]65it [00:33,  3.88it/s, lr=5.00e-03, Loss=nan, AvgLoss=nan, Acc=0.20312, AvgAcc=0.21881]66it [00:33,  3.98it/s, lr=5.00e-03, Loss=nan, AvgLoss=nan, Acc=0.20312, AvgAcc=0.21881]66it [00:33,  3.98it/s, lr=5.00e-03, Loss=nan, AvgLoss=nan, Acc=0.22266, AvgAcc=0.21887]67it [00:33,  4.09it/s, lr=5.00e-03, Loss=nan, AvgLoss=nan, Acc=0.22266, AvgAcc=0.21887]67it [00:34,  4.09it/s, lr=5.00e-03, Loss=nan, AvgLoss=nan, Acc=0.22461, AvgAcc=0.21895]68it [00:34,  4.36it/s, lr=5.00e-03, Loss=nan, AvgLoss=nan, Acc=0.22461, AvgAcc=0.21895]68it [00:34,  4.36it/s, lr=5.00e-03, Loss=nan, AvgLoss=nan, Acc=0.21484, AvgAcc=0.21889]69it [00:34,  4.41it/s, lr=5.00e-03, Loss=nan, AvgLoss=nan, Acc=0.21484, AvgAcc=0.21889]69it [00:34,  4.41it/s, lr=5.00e-03, Loss=nan, AvgLoss=nan, Acc=0.20312, AvgAcc=0.21867]70it [00:34,  3.62it/s, lr=5.00e-03, Loss=nan, AvgLoss=nan, Acc=0.20312, AvgAcc=0.21867]70it [00:34,  3.62it/s, lr=5.00e-03, Loss=nan, AvgLoss=nan, Acc=0.20703, AvgAcc=0.21850]71it [00:34,  4.01it/s, lr=5.00e-03, Loss=nan, AvgLoss=nan, Acc=0.20703, AvgAcc=0.21850]71it [00:35,  4.01it/s, lr=5.00e-03, Loss=nan, AvgLoss=nan, Acc=0.24414, AvgAcc=0.21886]72it [00:35,  4.15it/s, lr=5.00e-03, Loss=nan, AvgLoss=nan, Acc=0.24414, AvgAcc=0.21886]72it [00:35,  4.15it/s, lr=5.00e-03, Loss=nan, AvgLoss=nan, Acc=0.21094, AvgAcc=0.21875]73it [00:35,  4.28it/s, lr=5.00e-03, Loss=nan, AvgLoss=nan, Acc=0.21094, AvgAcc=0.21875]73it [00:35,  4.28it/s, lr=5.00e-03, Loss=nan, AvgLoss=nan, Acc=0.21875, AvgAcc=0.21875]74it [00:35,  3.88it/s, lr=5.00e-03, Loss=nan, AvgLoss=nan, Acc=0.21875, AvgAcc=0.21875]74it [00:35,  3.88it/s, lr=5.00e-03, Loss=nan, AvgLoss=nan, Acc=0.21094, AvgAcc=0.21865]75it [00:35,  4.09it/s, lr=5.00e-03, Loss=nan, AvgLoss=nan, Acc=0.21094, AvgAcc=0.21865]75it [00:36,  4.09it/s, lr=5.00e-03, Loss=nan, AvgLoss=nan, Acc=0.20703, AvgAcc=0.21849]76it [00:36,  4.34it/s, lr=5.00e-03, Loss=nan, AvgLoss=nan, Acc=0.20703, AvgAcc=0.21849]76it [00:36,  4.34it/s, lr=5.00e-03, Loss=nan, AvgLoss=nan, Acc=0.23828, AvgAcc=0.21875]77it [00:36,  4.39it/s, lr=5.00e-03, Loss=nan, AvgLoss=nan, Acc=0.23828, AvgAcc=0.21875]77it [00:36,  4.39it/s, lr=5.00e-03, Loss=nan, AvgLoss=nan, Acc=0.21094, AvgAcc=0.21865]78it [00:36,  4.44it/s, lr=5.00e-03, Loss=nan, AvgLoss=nan, Acc=0.21094, AvgAcc=0.21865]78it [00:36,  4.44it/s, lr=5.00e-03, Loss=nan, AvgLoss=nan, Acc=0.22266, AvgAcc=0.21870]79it [00:36,  3.60it/s, lr=5.00e-03, Loss=nan, AvgLoss=nan, Acc=0.22266, AvgAcc=0.21870]79it [00:43,  3.60it/s, lr=5.00e-03, Loss=nan, AvgLoss=nan, Acc=0.21289, AvgAcc=0.21863]80it [00:43,  2.19s/it, lr=5.00e-03, Loss=nan, AvgLoss=nan, Acc=0.21289, AvgAcc=0.21863]80it [00:43,  2.19s/it, lr=5.00e-03, Loss=nan, AvgLoss=nan, Acc=0.21680, AvgAcc=0.21861]81it [00:43,  1.59s/it, lr=5.00e-03, Loss=nan, AvgLoss=nan, Acc=0.21680, AvgAcc=0.21861]81it [00:44,  1.59s/it, lr=5.00e-03, Loss=nan, AvgLoss=nan, Acc=0.22852, AvgAcc=0.21873]82it [00:44,  1.19s/it, lr=5.00e-03, Loss=nan, AvgLoss=nan, Acc=0.22852, AvgAcc=0.21873]82it [00:44,  1.19s/it, lr=5.00e-03, Loss=nan, AvgLoss=nan, Acc=0.23438, AvgAcc=0.21891]83it [00:44,  1.07it/s, lr=5.00e-03, Loss=nan, AvgLoss=nan, Acc=0.23438, AvgAcc=0.21891]83it [00:44,  1.07it/s, lr=5.00e-03, Loss=nan, AvgLoss=nan, Acc=0.24414, AvgAcc=0.21922]84it [00:44,  1.40it/s, lr=5.00e-03, Loss=nan, AvgLoss=nan, Acc=0.24414, AvgAcc=0.21922]84it [00:44,  1.40it/s, lr=5.00e-03, Loss=nan, AvgLoss=nan, Acc=0.19922, AvgAcc=0.21898]85it [00:44,  1.75it/s, lr=5.00e-03, Loss=nan, AvgLoss=nan, Acc=0.19922, AvgAcc=0.21898]85it [00:45,  1.75it/s, lr=5.00e-03, Loss=nan, AvgLoss=nan, Acc=0.22656, AvgAcc=0.21907]86it [00:45,  2.13it/s, lr=5.00e-03, Loss=nan, AvgLoss=nan, Acc=0.22656, AvgAcc=0.21907]86it [00:45,  2.13it/s, lr=5.00e-03, Loss=nan, AvgLoss=nan, Acc=0.20117, AvgAcc=0.21886]87it [00:45,  2.28it/s, lr=5.00e-03, Loss=nan, AvgLoss=nan, Acc=0.20117, AvgAcc=0.21886]87it [00:45,  2.28it/s, lr=5.00e-03, Loss=nan, AvgLoss=nan, Acc=0.24805, AvgAcc=0.21919]88it [00:45,  2.74it/s, lr=5.00e-03, Loss=nan, AvgLoss=nan, Acc=0.24805, AvgAcc=0.21919]88it [00:45,  2.74it/s, lr=5.00e-03, Loss=nan, AvgLoss=nan, Acc=0.24219, AvgAcc=0.21945]89it [00:45,  3.20it/s, lr=5.00e-03, Loss=nan, AvgLoss=nan, Acc=0.24219, AvgAcc=0.21945]89it [00:46,  3.20it/s, lr=5.00e-03, Loss=nan, AvgLoss=nan, Acc=0.19336, AvgAcc=0.21916]90it [00:46,  3.48it/s, lr=5.00e-03, Loss=nan, AvgLoss=nan, Acc=0.19336, AvgAcc=0.21916]90it [00:46,  3.48it/s, lr=5.00e-03, Loss=nan, AvgLoss=nan, Acc=0.24805, AvgAcc=0.21948]91it [00:46,  3.82it/s, lr=5.00e-03, Loss=nan, AvgLoss=nan, Acc=0.24805, AvgAcc=0.21948]91it [00:46,  3.82it/s, lr=5.00e-03, Loss=nan, AvgLoss=nan, Acc=0.20898, AvgAcc=0.21937]92it [00:46,  3.48it/s, lr=5.00e-03, Loss=nan, AvgLoss=nan, Acc=0.20898, AvgAcc=0.21937]92it [00:46,  3.48it/s, lr=5.00e-03, Loss=nan, AvgLoss=nan, Acc=0.21484, AvgAcc=0.21932]93it [00:46,  3.67it/s, lr=5.00e-03, Loss=nan, AvgLoss=nan, Acc=0.21484, AvgAcc=0.21932]93it [00:47,  3.67it/s, lr=5.00e-03, Loss=nan, AvgLoss=nan, Acc=0.19336, AvgAcc=0.21904]94it [00:47,  3.92it/s, lr=5.00e-03, Loss=nan, AvgLoss=nan, Acc=0.19336, AvgAcc=0.21904]94it [00:47,  3.92it/s, lr=5.00e-03, Loss=nan, AvgLoss=nan, Acc=0.24805, AvgAcc=0.21935]95it [00:47,  4.12it/s, lr=5.00e-03, Loss=nan, AvgLoss=nan, Acc=0.24805, AvgAcc=0.21935]95it [00:47,  4.12it/s, lr=5.00e-03, Loss=nan, AvgLoss=nan, Acc=0.18750, AvgAcc=0.21901]96it [00:47,  4.26it/s, lr=5.00e-03, Loss=nan, AvgLoss=nan, Acc=0.18750, AvgAcc=0.21901]96it [00:47,  4.26it/s, lr=5.00e-03, Loss=nan, AvgLoss=nan, Acc=0.24219, AvgAcc=0.21925]97it [00:47,  3.68it/s, lr=5.00e-03, Loss=nan, AvgLoss=nan, Acc=0.24219, AvgAcc=0.21925]97it [00:48,  3.68it/s, lr=5.00e-03, Loss=nan, AvgLoss=nan, Acc=0.21680, AvgAcc=0.21923]98it [00:48,  3.92it/s, lr=5.00e-03, Loss=nan, AvgLoss=nan, Acc=0.21680, AvgAcc=0.21923]98it [00:48,  3.92it/s, lr=5.00e-03, Loss=nan, AvgLoss=nan, Acc=0.20117, AvgAcc=0.21905]99it [00:48,  4.09it/s, lr=5.00e-03, Loss=nan, AvgLoss=nan, Acc=0.20117, AvgAcc=0.21905]99it [00:48,  4.09it/s, lr=5.00e-03, Loss=nan, AvgLoss=nan, Acc=0.22656, AvgAcc=0.21912]100it [00:48,  4.34it/s, lr=5.00e-03, Loss=nan, AvgLoss=nan, Acc=0.22656, AvgAcc=0.21912]100it [00:48,  4.34it/s, lr=5.00e-03, Loss=nan, AvgLoss=nan, Acc=0.21680, AvgAcc=0.21910]101it [00:48,  3.79it/s, lr=5.00e-03, Loss=nan, AvgLoss=nan, Acc=0.21680, AvgAcc=0.21910]101it [00:49,  3.79it/s, lr=5.00e-03, Loss=nan, AvgLoss=nan, Acc=0.19922, AvgAcc=0.21890]102it [00:49,  3.94it/s, lr=5.00e-03, Loss=nan, AvgLoss=nan, Acc=0.19922, AvgAcc=0.21890]102it [00:49,  3.94it/s, lr=5.00e-03, Loss=nan, AvgLoss=nan, Acc=0.19922, AvgAcc=0.21871]103it [00:49,  4.21it/s, lr=5.00e-03, Loss=nan, AvgLoss=nan, Acc=0.19922, AvgAcc=0.21871]103it [00:49,  4.21it/s, lr=5.00e-03, Loss=nan, AvgLoss=nan, Acc=0.21484, AvgAcc=0.21867]104it [00:49,  4.35it/s, lr=5.00e-03, Loss=nan, AvgLoss=nan, Acc=0.21484, AvgAcc=0.21867]104it [00:49,  4.35it/s, lr=5.00e-03, Loss=nan, AvgLoss=nan, Acc=0.19531, AvgAcc=0.21845]105it [00:49,  4.51it/s, lr=5.00e-03, Loss=nan, AvgLoss=nan, Acc=0.19531, AvgAcc=0.21845]105it [00:49,  4.51it/s, lr=5.00e-03, Loss=nan, AvgLoss=nan, Acc=0.22266, AvgAcc=0.21849]106it [00:49,  3.74it/s, lr=5.00e-03, Loss=nan, AvgLoss=nan, Acc=0.22266, AvgAcc=0.21849]106it [00:50,  3.74it/s, lr=5.00e-03, Loss=nan, AvgLoss=nan, Acc=0.23047, AvgAcc=0.21860]107it [00:50,  4.06it/s, lr=5.00e-03, Loss=nan, AvgLoss=nan, Acc=0.23047, AvgAcc=0.21860]107it [00:50,  4.06it/s, lr=5.00e-03, Loss=nan, AvgLoss=nan, Acc=0.24609, AvgAcc=0.21886]108it [00:50,  4.32it/s, lr=5.00e-03, Loss=nan, AvgLoss=nan, Acc=0.24609, AvgAcc=0.21886]108it [00:50,  4.32it/s, lr=5.00e-03, Loss=nan, AvgLoss=nan, Acc=0.24805, AvgAcc=0.21913]109it [00:50,  4.37it/s, lr=5.00e-03, Loss=nan, AvgLoss=nan, Acc=0.24805, AvgAcc=0.21913]109it [00:50,  4.37it/s, lr=5.00e-03, Loss=nan, AvgLoss=nan, Acc=0.22852, AvgAcc=0.21921]110it [00:50,  3.70it/s, lr=5.00e-03, Loss=nan, AvgLoss=nan, Acc=0.22852, AvgAcc=0.21921]110it [00:51,  3.70it/s, lr=5.00e-03, Loss=nan, AvgLoss=nan, Acc=0.23242, AvgAcc=0.21933]111it [00:51,  3.83it/s, lr=5.00e-03, Loss=nan, AvgLoss=nan, Acc=0.23242, AvgAcc=0.21933]111it [00:51,  3.83it/s, lr=5.00e-03, Loss=nan, AvgLoss=nan, Acc=0.20703, AvgAcc=0.21922]112it [00:51,  4.03it/s, lr=5.00e-03, Loss=nan, AvgLoss=nan, Acc=0.20703, AvgAcc=0.21922]112it [00:51,  4.03it/s, lr=5.00e-03, Loss=nan, AvgLoss=nan, Acc=0.23438, AvgAcc=0.21935]113it [00:51,  4.09it/s, lr=5.00e-03, Loss=nan, AvgLoss=nan, Acc=0.23438, AvgAcc=0.21935]113it [00:51,  4.09it/s, lr=5.00e-03, Loss=nan, AvgLoss=nan, Acc=0.23047, AvgAcc=0.21945]114it [00:51,  3.72it/s, lr=5.00e-03, Loss=nan, AvgLoss=nan, Acc=0.23047, AvgAcc=0.21945]114it [00:52,  3.72it/s, lr=5.00e-03, Loss=nan, AvgLoss=nan, Acc=0.26172, AvgAcc=0.21982]115it [00:52,  3.93it/s, lr=5.00e-03, Loss=nan, AvgLoss=nan, Acc=0.26172, AvgAcc=0.21982]115it [00:52,  3.93it/s, lr=5.00e-03, Loss=nan, AvgLoss=nan, Acc=0.26367, AvgAcc=0.22020]116it [00:52,  4.18it/s, lr=5.00e-03, Loss=nan, AvgLoss=nan, Acc=0.26367, AvgAcc=0.22020]116it [00:52,  4.18it/s, lr=5.00e-03, Loss=nan, AvgLoss=nan, Acc=0.25195, AvgAcc=0.22047]117it [00:52,  4.19it/s, lr=5.00e-03, Loss=nan, AvgLoss=nan, Acc=0.25195, AvgAcc=0.22047]117it [00:59,  4.19it/s, lr=5.00e-03, Loss=nan, AvgLoss=nan, Acc=0.21484, AvgAcc=0.22042]118it [00:59,  2.12s/it, lr=5.00e-03, Loss=nan, AvgLoss=nan, Acc=0.21484, AvgAcc=0.22042]118it [00:59,  2.12s/it, lr=5.00e-03, Loss=nan, AvgLoss=nan, Acc=0.21875, AvgAcc=0.22041]119it [00:59,  1.60s/it, lr=5.00e-03, Loss=nan, AvgLoss=nan, Acc=0.21875, AvgAcc=0.22041]119it [00:59,  1.60s/it, lr=5.00e-03, Loss=nan, AvgLoss=nan, Acc=0.17578, AvgAcc=0.22004]120it [00:59,  1.18s/it, lr=5.00e-03, Loss=nan, AvgLoss=nan, Acc=0.17578, AvgAcc=0.22004]120it [00:59,  1.18s/it, lr=5.00e-03, Loss=nan, AvgLoss=nan, Acc=0.22461, AvgAcc=0.22007]121it [00:59,  1.12it/s, lr=5.00e-03, Loss=nan, AvgLoss=nan, Acc=0.22461, AvgAcc=0.22007]121it [01:00,  1.12it/s, lr=5.00e-03, Loss=nan, AvgLoss=nan, Acc=0.21094, AvgAcc=0.22000]122it [01:00,  1.44it/s, lr=5.00e-03, Loss=nan, AvgLoss=nan, Acc=0.21094, AvgAcc=0.22000]122it [01:00,  1.44it/s, lr=5.00e-03, Loss=nan, AvgLoss=nan, Acc=0.23047, AvgAcc=0.22008]123it [01:00,  1.69it/s, lr=5.00e-03, Loss=nan, AvgLoss=nan, Acc=0.23047, AvgAcc=0.22008]123it [01:00,  1.69it/s, lr=5.00e-03, Loss=nan, AvgLoss=nan, Acc=0.22266, AvgAcc=0.22010]124it [01:00,  2.09it/s, lr=5.00e-03, Loss=nan, AvgLoss=nan, Acc=0.22266, AvgAcc=0.22010]124it [01:00,  2.09it/s, lr=5.00e-03, Loss=nan, AvgLoss=nan, Acc=0.19727, AvgAcc=0.21992]125it [01:00,  2.54it/s, lr=5.00e-03, Loss=nan, AvgLoss=nan, Acc=0.19727, AvgAcc=0.21992]125it [01:01,  2.54it/s, lr=5.00e-03, Loss=nan, AvgLoss=nan, Acc=0.18750, AvgAcc=0.21966]126it [01:01,  2.96it/s, lr=5.00e-03, Loss=nan, AvgLoss=nan, Acc=0.18750, AvgAcc=0.21966]126it [01:01,  2.96it/s, lr=5.00e-03, Loss=nan, AvgLoss=nan, Acc=0.16797, AvgAcc=0.21926]127it [01:01,  3.36it/s, lr=5.00e-03, Loss=nan, AvgLoss=nan, Acc=0.16797, AvgAcc=0.21926]127it [01:01,  3.36it/s, lr=5.00e-03, Loss=nan, AvgLoss=nan, Acc=0.22852, AvgAcc=0.21933]128it [01:01,  3.10it/s, lr=5.00e-03, Loss=nan, AvgLoss=nan, Acc=0.22852, AvgAcc=0.21933]128it [01:01,  3.10it/s, lr=5.00e-03, Loss=nan, AvgLoss=nan, Acc=0.19141, AvgAcc=0.21911]129it [01:01,  3.47it/s, lr=5.00e-03, Loss=nan, AvgLoss=nan, Acc=0.19141, AvgAcc=0.21911]129it [01:02,  3.47it/s, lr=5.00e-03, Loss=nan, AvgLoss=nan, Acc=0.18555, AvgAcc=0.21886]130it [01:02,  3.83it/s, lr=5.00e-03, Loss=nan, AvgLoss=nan, Acc=0.18555, AvgAcc=0.21886]130it [01:02,  3.83it/s, lr=5.00e-03, Loss=nan, AvgLoss=nan, Acc=0.22070, AvgAcc=0.21887]131it [01:02,  4.14it/s, lr=5.00e-03, Loss=nan, AvgLoss=nan, Acc=0.22070, AvgAcc=0.21887]131it [01:02,  4.14it/s, lr=5.00e-03, Loss=nan, AvgLoss=nan, Acc=0.20898, AvgAcc=0.21879]132it [01:02,  3.66it/s, lr=5.00e-03, Loss=nan, AvgLoss=nan, Acc=0.20898, AvgAcc=0.21879]132it [01:02,  3.66it/s, lr=5.00e-03, Loss=nan, AvgLoss=nan, Acc=0.27930, AvgAcc=0.21925]133it [01:02,  3.87it/s, lr=5.00e-03, Loss=nan, AvgLoss=nan, Acc=0.27930, AvgAcc=0.21925]133it [01:03,  3.87it/s, lr=5.00e-03, Loss=nan, AvgLoss=nan, Acc=0.22266, AvgAcc=0.21927]134it [01:03,  4.09it/s, lr=5.00e-03, Loss=nan, AvgLoss=nan, Acc=0.22266, AvgAcc=0.21927]134it [01:03,  4.09it/s, lr=5.00e-03, Loss=nan, AvgLoss=nan, Acc=0.19141, AvgAcc=0.21907]135it [01:03,  4.27it/s, lr=5.00e-03, Loss=nan, AvgLoss=nan, Acc=0.19141, AvgAcc=0.21907]135it [01:03,  4.27it/s, lr=5.00e-03, Loss=nan, AvgLoss=nan, Acc=0.24219, AvgAcc=0.21924]136it [01:03,  4.26it/s, lr=5.00e-03, Loss=nan, AvgLoss=nan, Acc=0.24219, AvgAcc=0.21924]136it [01:03,  4.26it/s, lr=5.00e-03, Loss=nan, AvgLoss=nan, Acc=0.22461, AvgAcc=0.21928]137it [01:03,  3.86it/s, lr=5.00e-03, Loss=nan, AvgLoss=nan, Acc=0.22461, AvgAcc=0.21928]137it [01:04,  3.86it/s, lr=5.00e-03, Loss=nan, AvgLoss=nan, Acc=0.21094, AvgAcc=0.21922]138it [01:04,  4.01it/s, lr=5.00e-03, Loss=nan, AvgLoss=nan, Acc=0.21094, AvgAcc=0.21922]138it [01:04,  4.01it/s, lr=5.00e-03, Loss=nan, AvgLoss=nan, Acc=0.22070, AvgAcc=0.21923]139it [01:04,  4.18it/s, lr=5.00e-03, Loss=nan, AvgLoss=nan, Acc=0.22070, AvgAcc=0.21923]139it [01:04,  4.18it/s, lr=5.00e-03, Loss=nan, AvgLoss=nan, Acc=0.22070, AvgAcc=0.21924]140it [01:04,  4.26it/s, lr=5.00e-03, Loss=nan, AvgLoss=nan, Acc=0.22070, AvgAcc=0.21924]140it [01:04,  4.26it/s, lr=5.00e-03, Loss=nan, AvgLoss=nan, Acc=0.19531, AvgAcc=0.21907]141it [01:04,  3.78it/s, lr=5.00e-03, Loss=nan, AvgLoss=nan, Acc=0.19531, AvgAcc=0.21907]141it [01:05,  3.78it/s, lr=5.00e-03, Loss=nan, AvgLoss=nan, Acc=0.21875, AvgAcc=0.21907]142it [01:05,  4.03it/s, lr=5.00e-03, Loss=nan, AvgLoss=nan, Acc=0.21875, AvgAcc=0.21907]142it [01:05,  4.03it/s, lr=5.00e-03, Loss=nan, AvgLoss=nan, Acc=0.22852, AvgAcc=0.21913]143it [01:05,  4.14it/s, lr=5.00e-03, Loss=nan, AvgLoss=nan, Acc=0.22852, AvgAcc=0.21913]143it [01:05,  4.14it/s, lr=5.00e-03, Loss=nan, AvgLoss=nan, Acc=0.22070, AvgAcc=0.21914]144it [01:05,  4.27it/s, lr=5.00e-03, Loss=nan, AvgLoss=nan, Acc=0.22070, AvgAcc=0.21914]144it [01:05,  4.27it/s, lr=5.00e-03, Loss=nan, AvgLoss=nan, Acc=0.22070, AvgAcc=0.21915]145it [01:05,  4.25it/s, lr=5.00e-03, Loss=nan, AvgLoss=nan, Acc=0.22070, AvgAcc=0.21915]145it [01:06,  4.25it/s, lr=5.00e-03, Loss=nan, AvgLoss=nan, Acc=0.24023, AvgAcc=0.21930]146it [01:06,  3.60it/s, lr=5.00e-03, Loss=nan, AvgLoss=nan, Acc=0.24023, AvgAcc=0.21930]146it [01:06,  3.60it/s, lr=5.00e-03, Loss=nan, AvgLoss=nan, Acc=0.25586, AvgAcc=0.21955]147it [01:06,  3.88it/s, lr=5.00e-03, Loss=nan, AvgLoss=nan, Acc=0.25586, AvgAcc=0.21955]147it [01:06,  3.88it/s, lr=5.00e-03, Loss=nan, AvgLoss=nan, Acc=0.21875, AvgAcc=0.21954]148it [01:06,  4.19it/s, lr=5.00e-03, Loss=nan, AvgLoss=nan, Acc=0.21875, AvgAcc=0.21954]148it [01:06,  4.19it/s, lr=5.00e-03, Loss=nan, AvgLoss=nan, Acc=0.20703, AvgAcc=0.21946]149it [01:06,  4.26it/s, lr=5.00e-03, Loss=nan, AvgLoss=nan, Acc=0.20703, AvgAcc=0.21946]149it [01:07,  4.26it/s, lr=5.00e-03, Loss=nan, AvgLoss=nan, Acc=0.19531, AvgAcc=0.21930]150it [01:07,  3.84it/s, lr=5.00e-03, Loss=nan, AvgLoss=nan, Acc=0.19531, AvgAcc=0.21930]150it [01:07,  3.84it/s, lr=5.00e-03, Loss=nan, AvgLoss=nan, Acc=0.24023, AvgAcc=0.21944]151it [01:07,  4.05it/s, lr=5.00e-03, Loss=nan, AvgLoss=nan, Acc=0.24023, AvgAcc=0.21944]151it [01:07,  4.05it/s, lr=5.00e-03, Loss=nan, AvgLoss=nan, Acc=0.20703, AvgAcc=0.21935]152it [01:07,  4.29it/s, lr=5.00e-03, Loss=nan, AvgLoss=nan, Acc=0.20703, AvgAcc=0.21935]152it [01:07,  4.29it/s, lr=5.00e-03, Loss=nan, AvgLoss=nan, Acc=0.25781, AvgAcc=0.21961]153it [01:07,  4.47it/s, lr=5.00e-03, Loss=nan, AvgLoss=nan, Acc=0.25781, AvgAcc=0.21961]153it [01:07,  4.47it/s, lr=5.00e-03, Loss=nan, AvgLoss=nan, Acc=0.23242, AvgAcc=0.21969]154it [01:07,  4.58it/s, lr=5.00e-03, Loss=nan, AvgLoss=nan, Acc=0.23242, AvgAcc=0.21969]154it [01:08,  4.58it/s, lr=5.00e-03, Loss=nan, AvgLoss=nan, Acc=0.24609, AvgAcc=0.21986]155it [01:08,  3.89it/s, lr=5.00e-03, Loss=nan, AvgLoss=nan, Acc=0.24609, AvgAcc=0.21986]155it [01:14,  3.89it/s, lr=5.00e-03, Loss=nan, AvgLoss=nan, Acc=0.18359, AvgAcc=0.21963]156it [01:14,  2.14s/it, lr=5.00e-03, Loss=nan, AvgLoss=nan, Acc=0.18359, AvgAcc=0.21963]156it [01:15,  2.14s/it, lr=5.00e-03, Loss=nan, AvgLoss=nan, Acc=0.24023, AvgAcc=0.21976]157it [01:15,  1.58s/it, lr=5.00e-03, Loss=nan, AvgLoss=nan, Acc=0.24023, AvgAcc=0.21976]157it [01:15,  1.58s/it, lr=5.00e-03, Loss=nan, AvgLoss=nan, Acc=0.24609, AvgAcc=0.21992]158it [01:15,  1.17s/it, lr=5.00e-03, Loss=nan, AvgLoss=nan, Acc=0.24609, AvgAcc=0.21992]158it [01:15,  1.17s/it, lr=5.00e-03, Loss=nan, AvgLoss=nan, Acc=0.21094, AvgAcc=0.21987]159it [01:15,  1.08it/s, lr=5.00e-03, Loss=nan, AvgLoss=nan, Acc=0.21094, AvgAcc=0.21987]159it [01:15,  1.08it/s, lr=5.00e-03, Loss=nan, AvgLoss=nan, Acc=0.19336, AvgAcc=0.21970]160it [01:15,  1.41it/s, lr=5.00e-03, Loss=nan, AvgLoss=nan, Acc=0.19336, AvgAcc=0.21970]160it [01:16,  1.41it/s, lr=5.00e-03, Loss=nan, AvgLoss=nan, Acc=0.24219, AvgAcc=0.21984]161it [01:16,  1.80it/s, lr=5.00e-03, Loss=nan, AvgLoss=nan, Acc=0.24219, AvgAcc=0.21984]161it [01:16,  1.80it/s, lr=5.00e-03, Loss=nan, AvgLoss=nan, Acc=0.19922, AvgAcc=0.21971]162it [01:16,  2.19it/s, lr=5.00e-03, Loss=nan, AvgLoss=nan, Acc=0.19922, AvgAcc=0.21971]162it [01:16,  2.19it/s, lr=5.00e-03, Loss=nan, AvgLoss=nan, Acc=0.23242, AvgAcc=0.21979]163it [01:16,  2.61it/s, lr=5.00e-03, Loss=nan, AvgLoss=nan, Acc=0.23242, AvgAcc=0.21979]163it [01:16,  2.61it/s, lr=5.00e-03, Loss=nan, AvgLoss=nan, Acc=0.22852, AvgAcc=0.21985]164it [01:16,  2.66it/s, lr=5.00e-03, Loss=nan, AvgLoss=nan, Acc=0.22852, AvgAcc=0.21985]164it [01:17,  2.66it/s, lr=5.00e-03, Loss=nan, AvgLoss=nan, Acc=0.22656, AvgAcc=0.21989]165it [01:17,  3.06it/s, lr=5.00e-03, Loss=nan, AvgLoss=nan, Acc=0.22656, AvgAcc=0.21989]165it [01:17,  3.06it/s, lr=5.00e-03, Loss=nan, AvgLoss=nan, Acc=0.26758, AvgAcc=0.22017]166it [01:17,  3.37it/s, lr=5.00e-03, Loss=nan, AvgLoss=nan, Acc=0.26758, AvgAcc=0.22017]166it [01:17,  3.37it/s, lr=5.00e-03, Loss=nan, AvgLoss=nan, Acc=0.20703, AvgAcc=0.22009]167it [01:17,  3.74it/s, lr=5.00e-03, Loss=nan, AvgLoss=nan, Acc=0.20703, AvgAcc=0.22009]167it [01:17,  3.74it/s, lr=5.00e-03, Loss=nan, AvgLoss=nan, Acc=0.23242, AvgAcc=0.22017]168it [01:17,  3.30it/s, lr=5.00e-03, Loss=nan, AvgLoss=nan, Acc=0.23242, AvgAcc=0.22017]168it [01:18,  3.30it/s, lr=5.00e-03, Loss=nan, AvgLoss=nan, Acc=0.22852, AvgAcc=0.22022]169it [01:18,  3.60it/s, lr=5.00e-03, Loss=nan, AvgLoss=nan, Acc=0.22852, AvgAcc=0.22022]169it [01:18,  3.60it/s, lr=5.00e-03, Loss=nan, AvgLoss=nan, Acc=0.23047, AvgAcc=0.22028]170it [01:18,  3.91it/s, lr=5.00e-03, Loss=nan, AvgLoss=nan, Acc=0.23047, AvgAcc=0.22028]170it [01:18,  3.91it/s, lr=5.00e-03, Loss=nan, AvgLoss=nan, Acc=0.24023, AvgAcc=0.22039]171it [01:18,  4.17it/s, lr=5.00e-03, Loss=nan, AvgLoss=nan, Acc=0.24023, AvgAcc=0.22039]171it [01:18,  4.17it/s, lr=5.00e-03, Loss=nan, AvgLoss=nan, Acc=0.21484, AvgAcc=0.22036]172it [01:18,  4.37it/s, lr=5.00e-03, Loss=nan, AvgLoss=nan, Acc=0.21484, AvgAcc=0.22036]172it [01:19,  4.37it/s, lr=5.00e-03, Loss=nan, AvgLoss=nan, Acc=0.20312, AvgAcc=0.22026]173it [01:19,  3.81it/s, lr=5.00e-03, Loss=nan, AvgLoss=nan, Acc=0.20312, AvgAcc=0.22026]173it [01:19,  3.81it/s, lr=5.00e-03, Loss=nan, AvgLoss=nan, Acc=0.19141, AvgAcc=0.22010]174it [01:19,  4.00it/s, lr=5.00e-03, Loss=nan, AvgLoss=nan, Acc=0.19141, AvgAcc=0.22010]174it [01:19,  4.00it/s, lr=5.00e-03, Loss=nan, AvgLoss=nan, Acc=0.19141, AvgAcc=0.21993]175it [01:19,  4.07it/s, lr=5.00e-03, Loss=nan, AvgLoss=nan, Acc=0.19141, AvgAcc=0.21993]175it [01:19,  4.07it/s, lr=5.00e-03, Loss=nan, AvgLoss=nan, Acc=0.21094, AvgAcc=0.21988]176it [01:19,  4.14it/s, lr=5.00e-03, Loss=nan, AvgLoss=nan, Acc=0.21094, AvgAcc=0.21988]176it [01:20,  4.14it/s, lr=5.00e-03, Loss=nan, AvgLoss=nan, Acc=0.23047, AvgAcc=0.21994]177it [01:20,  3.65it/s, lr=5.00e-03, Loss=nan, AvgLoss=nan, Acc=0.23047, AvgAcc=0.21994]177it [01:20,  3.65it/s, lr=5.00e-03, Loss=nan, AvgLoss=nan, Acc=0.25781, AvgAcc=0.22015]178it [01:20,  3.91it/s, lr=5.00e-03, Loss=nan, AvgLoss=nan, Acc=0.25781, AvgAcc=0.22015]178it [01:20,  3.91it/s, lr=5.00e-03, Loss=nan, AvgLoss=nan, Acc=0.20508, AvgAcc=0.22007]179it [01:20,  4.11it/s, lr=5.00e-03, Loss=nan, AvgLoss=nan, Acc=0.20508, AvgAcc=0.22007]179it [01:20,  4.11it/s, lr=5.00e-03, Loss=nan, AvgLoss=nan, Acc=0.18750, AvgAcc=0.21989]180it [01:20,  4.18it/s, lr=5.00e-03, Loss=nan, AvgLoss=nan, Acc=0.18750, AvgAcc=0.21989]180it [01:20,  4.18it/s, lr=5.00e-03, Loss=nan, AvgLoss=nan, Acc=0.20898, AvgAcc=0.21983]181it [01:20,  4.43it/s, lr=5.00e-03, Loss=nan, AvgLoss=nan, Acc=0.20898, AvgAcc=0.21983]181it [01:21,  4.43it/s, lr=5.00e-03, Loss=nan, AvgLoss=nan, Acc=0.18555, AvgAcc=0.21964]182it [01:21,  3.74it/s, lr=5.00e-03, Loss=nan, AvgLoss=nan, Acc=0.18555, AvgAcc=0.21964]182it [01:21,  3.74it/s, lr=5.00e-03, Loss=nan, AvgLoss=nan, Acc=0.20312, AvgAcc=0.21955]183it [01:21,  3.95it/s, lr=5.00e-03, Loss=nan, AvgLoss=nan, Acc=0.20312, AvgAcc=0.21955]183it [01:21,  3.95it/s, lr=5.00e-03, Loss=nan, AvgLoss=nan, Acc=0.23242, AvgAcc=0.21962]184it [01:21,  4.13it/s, lr=5.00e-03, Loss=nan, AvgLoss=nan, Acc=0.23242, AvgAcc=0.21962]184it [01:21,  4.13it/s, lr=5.00e-03, Loss=nan, AvgLoss=nan, Acc=0.25586, AvgAcc=0.21982]185it [01:21,  4.30it/s, lr=5.00e-03, Loss=nan, AvgLoss=nan, Acc=0.25586, AvgAcc=0.21982]185it [01:22,  4.30it/s, lr=5.00e-03, Loss=nan, AvgLoss=nan, Acc=0.25781, AvgAcc=0.22002]186it [01:22,  3.54it/s, lr=5.00e-03, Loss=nan, AvgLoss=nan, Acc=0.25781, AvgAcc=0.22002]186it [01:22,  3.54it/s, lr=5.00e-03, Loss=nan, AvgLoss=nan, Acc=0.20898, AvgAcc=0.21996]187it [01:22,  3.84it/s, lr=5.00e-03, Loss=nan, AvgLoss=nan, Acc=0.20898, AvgAcc=0.21996]187it [01:22,  3.84it/s, lr=5.00e-03, Loss=nan, AvgLoss=nan, Acc=0.24023, AvgAcc=0.22007]188it [01:22,  3.86it/s, lr=5.00e-03, Loss=nan, AvgLoss=nan, Acc=0.24023, AvgAcc=0.22007]188it [01:23,  3.86it/s, lr=5.00e-03, Loss=nan, AvgLoss=nan, Acc=0.19727, AvgAcc=0.21995]189it [01:23,  4.20it/s, lr=5.00e-03, Loss=nan, AvgLoss=nan, Acc=0.19727, AvgAcc=0.21995]189it [01:23,  4.20it/s, lr=5.00e-03, Loss=nan, AvgLoss=nan, Acc=0.22852, AvgAcc=0.21999]190it [01:23,  3.64it/s, lr=5.00e-03, Loss=nan, AvgLoss=nan, Acc=0.22852, AvgAcc=0.21999]190it [01:23,  3.64it/s, lr=5.00e-03, Loss=nan, AvgLoss=nan, Acc=0.19922, AvgAcc=0.21989]191it [01:23,  3.89it/s, lr=5.00e-03, Loss=nan, AvgLoss=nan, Acc=0.19922, AvgAcc=0.21989]191it [01:23,  3.89it/s, lr=5.00e-03, Loss=nan, AvgLoss=nan, Acc=0.23047, AvgAcc=0.21994]192it [01:23,  4.18it/s, lr=5.00e-03, Loss=nan, AvgLoss=nan, Acc=0.23047, AvgAcc=0.21994]192it [01:23,  4.18it/s, lr=5.00e-03, Loss=nan, AvgLoss=nan, Acc=0.24023, AvgAcc=0.22005]193it [01:23,  4.35it/s, lr=5.00e-03, Loss=nan, AvgLoss=nan, Acc=0.24023, AvgAcc=0.22005]193it [01:30,  4.35it/s, lr=5.00e-03, Loss=nan, AvgLoss=nan, Acc=0.26562, AvgAcc=0.22028]194it [01:30,  2.21s/it, lr=5.00e-03, Loss=nan, AvgLoss=nan, Acc=0.26562, AvgAcc=0.22028]194it [01:31,  2.21s/it, lr=5.00e-03, Loss=nan, AvgLoss=nan, Acc=0.18945, AvgAcc=0.22012]195it [01:31,  1.61s/it, lr=5.00e-03, Loss=nan, AvgLoss=nan, Acc=0.18945, AvgAcc=0.22012]195it [01:31,  1.61s/it, lr=5.00e-03, Loss=nan, AvgLoss=nan, Acc=0.20703, AvgAcc=0.22006]196it [01:31,  1.25s/it, lr=5.00e-03, Loss=nan, AvgLoss=nan, Acc=0.20703, AvgAcc=0.22006]196it [01:31,  1.25s/it, lr=5.00e-03, Loss=nan, AvgLoss=nan, Acc=0.20703, AvgAcc=0.21999]197it [01:31,  1.08it/s, lr=5.00e-03, Loss=nan, AvgLoss=nan, Acc=0.20703, AvgAcc=0.21999]197it [01:31,  1.08it/s, lr=5.00e-03, Loss=nan, AvgLoss=nan, Acc=0.20898, AvgAcc=0.21993]198it [01:31,  1.40it/s, lr=5.00e-03, Loss=nan, AvgLoss=nan, Acc=0.20898, AvgAcc=0.21993]198it [01:32,  1.40it/s, lr=5.00e-03, Loss=nan, AvgLoss=nan, Acc=0.23438, AvgAcc=0.22001]199it [01:32,  1.76it/s, lr=5.00e-03, Loss=nan, AvgLoss=nan, Acc=0.23438, AvgAcc=0.22001]199it [01:32,  1.76it/s, lr=5.00e-03, Loss=nan, AvgLoss=nan, Acc=0.25000, AvgAcc=0.22016]200it [01:32,  2.00it/s, lr=5.00e-03, Loss=nan, AvgLoss=nan, Acc=0.25000, AvgAcc=0.22016]200it [01:32,  2.00it/s, lr=5.00e-03, Loss=nan, AvgLoss=nan, Acc=0.19531, AvgAcc=0.22003]201it [01:32,  2.38it/s, lr=5.00e-03, Loss=nan, AvgLoss=nan, Acc=0.19531, AvgAcc=0.22003]201it [01:32,  2.38it/s, lr=5.00e-03, Loss=nan, AvgLoss=nan, Acc=0.22070, AvgAcc=0.22004]202it [01:32,  2.81it/s, lr=5.00e-03, Loss=nan, AvgLoss=nan, Acc=0.22070, AvgAcc=0.22004]202it [01:33,  2.81it/s, lr=5.00e-03, Loss=nan, AvgLoss=nan, Acc=0.21289, AvgAcc=0.22000]203it [01:33,  3.15it/s, lr=5.00e-03, Loss=nan, AvgLoss=nan, Acc=0.21289, AvgAcc=0.22000]203it [01:33,  3.15it/s, lr=5.00e-03, Loss=nan, AvgLoss=nan, Acc=0.21094, AvgAcc=0.21996]204it [01:33,  3.51it/s, lr=5.00e-03, Loss=nan, AvgLoss=nan, Acc=0.21094, AvgAcc=0.21996]204it [01:33,  3.51it/s, lr=5.00e-03, Loss=nan, AvgLoss=nan, Acc=0.17578, AvgAcc=0.21974]205it [01:33,  3.26it/s, lr=5.00e-03, Loss=nan, AvgLoss=nan, Acc=0.17578, AvgAcc=0.21974]205it [01:33,  3.26it/s, lr=5.00e-03, Loss=nan, AvgLoss=nan, Acc=0.23633, AvgAcc=0.21982]206it [01:33,  3.52it/s, lr=5.00e-03, Loss=nan, AvgLoss=nan, Acc=0.23633, AvgAcc=0.21982]206it [01:34,  3.52it/s, lr=5.00e-03, Loss=nan, AvgLoss=nan, Acc=0.19727, AvgAcc=0.21971]207it [01:34,  3.90it/s, lr=5.00e-03, Loss=nan, AvgLoss=nan, Acc=0.19727, AvgAcc=0.21971]207it [01:34,  3.90it/s, lr=5.00e-03, Loss=nan, AvgLoss=nan, Acc=0.20703, AvgAcc=0.21965]208it [01:34,  4.13it/s, lr=5.00e-03, Loss=nan, AvgLoss=nan, Acc=0.20703, AvgAcc=0.21965]208it [01:34,  4.13it/s, lr=5.00e-03, Loss=nan, AvgLoss=nan, Acc=0.23438, AvgAcc=0.21972]209it [01:34,  3.67it/s, lr=5.00e-03, Loss=nan, AvgLoss=nan, Acc=0.23438, AvgAcc=0.21972]209it [01:34,  3.67it/s, lr=5.00e-03, Loss=nan, AvgLoss=nan, Acc=0.22070, AvgAcc=0.21973]210it [01:34,  3.88it/s, lr=5.00e-03, Loss=nan, AvgLoss=nan, Acc=0.22070, AvgAcc=0.21973]210it [01:35,  3.88it/s, lr=5.00e-03, Loss=nan, AvgLoss=nan, Acc=0.22266, AvgAcc=0.21974]211it [01:35,  4.18it/s, lr=5.00e-03, Loss=nan, AvgLoss=nan, Acc=0.22266, AvgAcc=0.21974]211it [01:35,  4.18it/s, lr=5.00e-03, Loss=nan, AvgLoss=nan, Acc=0.23438, AvgAcc=0.21981]212it [01:35,  4.19it/s, lr=5.00e-03, Loss=nan, AvgLoss=nan, Acc=0.23438, AvgAcc=0.21981]212it [01:35,  4.19it/s, lr=5.00e-03, Loss=nan, AvgLoss=nan, Acc=0.20312, AvgAcc=0.21973]213it [01:35,  4.28it/s, lr=5.00e-03, Loss=nan, AvgLoss=nan, Acc=0.20312, AvgAcc=0.21973]213it [01:35,  4.28it/s, lr=5.00e-03, Loss=nan, AvgLoss=nan, Acc=0.20898, AvgAcc=0.21968]214it [01:35,  3.79it/s, lr=5.00e-03, Loss=nan, AvgLoss=nan, Acc=0.20898, AvgAcc=0.21968]214it [01:36,  3.79it/s, lr=5.00e-03, Loss=nan, AvgLoss=nan, Acc=0.22656, AvgAcc=0.21971]215it [01:36,  3.98it/s, lr=5.00e-03, Loss=nan, AvgLoss=nan, Acc=0.22656, AvgAcc=0.21971]215it [01:36,  3.98it/s, lr=5.00e-03, Loss=nan, AvgLoss=nan, Acc=0.19727, AvgAcc=0.21961]216it [01:36,  4.12it/s, lr=5.00e-03, Loss=nan, AvgLoss=nan, Acc=0.19727, AvgAcc=0.21961]216it [01:36,  4.12it/s, lr=5.00e-03, Loss=nan, AvgLoss=nan, Acc=0.20703, AvgAcc=0.21955]217it [01:36,  4.39it/s, lr=5.00e-03, Loss=nan, AvgLoss=nan, Acc=0.20703, AvgAcc=0.21955]217it [01:36,  4.39it/s, lr=5.00e-03, Loss=nan, AvgLoss=nan, Acc=0.23047, AvgAcc=0.21960]218it [01:36,  3.86it/s, lr=5.00e-03, Loss=nan, AvgLoss=nan, Acc=0.23047, AvgAcc=0.21960]218it [01:37,  3.86it/s, lr=5.00e-03, Loss=nan, AvgLoss=nan, Acc=0.21094, AvgAcc=0.21956]219it [01:37,  4.15it/s, lr=5.00e-03, Loss=nan, AvgLoss=nan, Acc=0.21094, AvgAcc=0.21956]219it [01:37,  4.15it/s, lr=5.00e-03, Loss=nan, AvgLoss=nan, Acc=0.22070, AvgAcc=0.21957]220it [01:37,  4.17it/s, lr=5.00e-03, Loss=nan, AvgLoss=nan, Acc=0.22070, AvgAcc=0.21957]220it [01:37,  4.17it/s, lr=5.00e-03, Loss=nan, AvgLoss=nan, Acc=0.22852, AvgAcc=0.21961]221it [01:37,  4.39it/s, lr=5.00e-03, Loss=nan, AvgLoss=nan, Acc=0.22852, AvgAcc=0.21961]221it [01:37,  4.39it/s, lr=5.00e-03, Loss=nan, AvgLoss=nan, Acc=0.24219, AvgAcc=0.21971]222it [01:37,  4.37it/s, lr=5.00e-03, Loss=nan, AvgLoss=nan, Acc=0.24219, AvgAcc=0.21971]222it [01:38,  4.37it/s, lr=5.00e-03, Loss=nan, AvgLoss=nan, Acc=0.24414, AvgAcc=0.21982]223it [01:38,  3.70it/s, lr=5.00e-03, Loss=nan, AvgLoss=nan, Acc=0.24414, AvgAcc=0.21982]223it [01:38,  3.70it/s, lr=5.00e-03, Loss=nan, AvgLoss=nan, Acc=0.22852, AvgAcc=0.21986]224it [01:38,  4.06it/s, lr=5.00e-03, Loss=nan, AvgLoss=nan, Acc=0.22852, AvgAcc=0.21986]224it [01:38,  4.06it/s, lr=5.00e-03, Loss=nan, AvgLoss=nan, Acc=0.21875, AvgAcc=0.21985]225it [01:38,  4.22it/s, lr=5.00e-03, Loss=nan, AvgLoss=nan, Acc=0.21875, AvgAcc=0.21985]225it [01:38,  4.22it/s, lr=5.00e-03, Loss=nan, AvgLoss=nan, Acc=0.23828, AvgAcc=0.21993]226it [01:38,  4.41it/s, lr=5.00e-03, Loss=nan, AvgLoss=nan, Acc=0.23828, AvgAcc=0.21993]226it [01:38,  4.41it/s, lr=5.00e-03, Loss=nan, AvgLoss=nan, Acc=0.21484, AvgAcc=0.21991]227it [01:38,  4.62it/s, lr=5.00e-03, Loss=nan, AvgLoss=nan, Acc=0.21484, AvgAcc=0.21991]227it [01:39,  4.62it/s, lr=5.00e-03, Loss=nan, AvgLoss=nan, Acc=0.25391, AvgAcc=0.22006]228it [01:39,  4.00it/s, lr=5.00e-03, Loss=nan, AvgLoss=nan, Acc=0.25391, AvgAcc=0.22006]228it [01:39,  4.00it/s, lr=5.00e-03, Loss=nan, AvgLoss=nan, Acc=0.20898, AvgAcc=0.22001]229it [01:39,  4.08it/s, lr=5.00e-03, Loss=nan, AvgLoss=nan, Acc=0.20898, AvgAcc=0.22001]229it [01:39,  4.08it/s, lr=5.00e-03, Loss=nan, AvgLoss=nan, Acc=0.23633, AvgAcc=0.22008]230it [01:39,  4.21it/s, lr=5.00e-03, Loss=nan, AvgLoss=nan, Acc=0.23633, AvgAcc=0.22008]230it [01:39,  4.21it/s, lr=5.00e-03, Loss=nan, AvgLoss=nan, Acc=0.21484, AvgAcc=0.22006]231it [01:39,  4.37it/s, lr=5.00e-03, Loss=nan, AvgLoss=nan, Acc=0.21484, AvgAcc=0.22006]231it [01:46,  4.37it/s, lr=5.00e-03, Loss=nan, AvgLoss=nan, Acc=0.22852, AvgAcc=0.22010]232it [01:46,  2.21s/it, lr=5.00e-03, Loss=nan, AvgLoss=nan, Acc=0.22852, AvgAcc=0.22010]232it [01:46,  2.21s/it, lr=5.00e-03, Loss=nan, AvgLoss=nan, Acc=0.23828, AvgAcc=0.22018]233it [01:46,  1.61s/it, lr=5.00e-03, Loss=nan, AvgLoss=nan, Acc=0.23828, AvgAcc=0.22018]233it [01:47,  1.61s/it, lr=5.00e-03, Loss=nan, AvgLoss=nan, Acc=0.22070, AvgAcc=0.22018]234it [01:47,  1.19s/it, lr=5.00e-03, Loss=nan, AvgLoss=nan, Acc=0.22070, AvgAcc=0.22018]234it [01:47,  1.19s/it, lr=5.00e-03, Loss=nan, AvgLoss=nan, Acc=0.19727, AvgAcc=0.22008]235it [01:47,  1.11it/s, lr=5.00e-03, Loss=nan, AvgLoss=nan, Acc=0.19727, AvgAcc=0.22008]235it [01:47,  1.11it/s, lr=5.00e-03, Loss=nan, AvgLoss=nan, Acc=0.20312, AvgAcc=0.22001]236it [01:47,  1.44it/s, lr=5.00e-03, Loss=nan, AvgLoss=nan, Acc=0.20312, AvgAcc=0.22001]236it [01:47,  1.44it/s, lr=5.00e-03, Loss=nan, AvgLoss=nan, Acc=0.23047, AvgAcc=0.22005]237it [01:47,  1.73it/s, lr=5.00e-03, Loss=nan, AvgLoss=nan, Acc=0.23047, AvgAcc=0.22005]237it [01:48,  1.73it/s, lr=5.00e-03, Loss=nan, AvgLoss=nan, Acc=0.26562, AvgAcc=0.22024]238it [01:48,  2.13it/s, lr=5.00e-03, Loss=nan, AvgLoss=nan, Acc=0.26562, AvgAcc=0.22024]238it [01:48,  2.13it/s, lr=5.00e-03, Loss=nan, AvgLoss=nan, Acc=0.20898, AvgAcc=0.22020]239it [01:48,  2.55it/s, lr=5.00e-03, Loss=nan, AvgLoss=nan, Acc=0.20898, AvgAcc=0.22020]239it [01:48,  2.55it/s, lr=5.00e-03, Loss=nan, AvgLoss=nan, Acc=0.23828, AvgAcc=0.22027]240it [01:48,  2.89it/s, lr=5.00e-03, Loss=nan, AvgLoss=nan, Acc=0.23828, AvgAcc=0.22027]240it [01:48,  2.89it/s, lr=5.00e-03, Loss=nan, AvgLoss=nan, Acc=0.24805, AvgAcc=0.22039]241it [01:48,  2.82it/s, lr=5.00e-03, Loss=nan, AvgLoss=nan, Acc=0.24805, AvgAcc=0.22039]241it [01:49,  2.82it/s, lr=5.00e-03, Loss=nan, AvgLoss=nan, Acc=0.26562, AvgAcc=0.22057]242it [01:49,  3.19it/s, lr=5.00e-03, Loss=nan, AvgLoss=nan, Acc=0.26562, AvgAcc=0.22057]242it [01:49,  3.19it/s, lr=5.00e-03, Loss=nan, AvgLoss=nan, Acc=0.24414, AvgAcc=0.22067]243it [01:49,  3.43it/s, lr=5.00e-03, Loss=nan, AvgLoss=nan, Acc=0.24414, AvgAcc=0.22067]243it [01:49,  3.43it/s, lr=5.00e-03, Loss=nan, AvgLoss=nan, Acc=0.22070, AvgAcc=0.22067]244it [01:49,  3.77it/s, lr=5.00e-03, Loss=nan, AvgLoss=nan, Acc=0.22070, AvgAcc=0.22067]244it [01:49,  3.77it/s, lr=5.00e-03, Loss=nan, AvgLoss=nan, Acc=0.20703, AvgAcc=0.22062]245it [01:49,  3.56it/s, lr=5.00e-03, Loss=nan, AvgLoss=nan, Acc=0.20703, AvgAcc=0.22062]245it [01:50,  3.56it/s, lr=5.00e-03, Loss=nan, AvgLoss=nan, Acc=0.20703, AvgAcc=0.22056]246it [01:50,  3.81it/s, lr=5.00e-03, Loss=nan, AvgLoss=nan, Acc=0.20703, AvgAcc=0.22056]246it [01:50,  3.81it/s, lr=5.00e-03, Loss=nan, AvgLoss=nan, Acc=0.19922, AvgAcc=0.22047]247it [01:50,  4.03it/s, lr=5.00e-03, Loss=nan, AvgLoss=nan, Acc=0.19922, AvgAcc=0.22047]247it [01:50,  4.03it/s, lr=5.00e-03, Loss=nan, AvgLoss=nan, Acc=0.23047, AvgAcc=0.22051]248it [01:50,  4.11it/s, lr=5.00e-03, Loss=nan, AvgLoss=nan, Acc=0.23047, AvgAcc=0.22051]248it [01:50,  4.11it/s, lr=5.00e-03, Loss=nan, AvgLoss=nan, Acc=0.19531, AvgAcc=0.22041]249it [01:50,  4.34it/s, lr=5.00e-03, Loss=nan, AvgLoss=nan, Acc=0.19531, AvgAcc=0.22041]249it [01:51,  4.34it/s, lr=5.00e-03, Loss=nan, AvgLoss=nan, Acc=0.21484, AvgAcc=0.22039]250it [01:51,  3.73it/s, lr=5.00e-03, Loss=nan, AvgLoss=nan, Acc=0.21484, AvgAcc=0.22039]250it [01:51,  3.73it/s, lr=5.00e-03, Loss=nan, AvgLoss=nan, Acc=0.20508, AvgAcc=0.22033]251it [01:51,  4.08it/s, lr=5.00e-03, Loss=nan, AvgLoss=nan, Acc=0.20508, AvgAcc=0.22033]251it [01:51,  4.08it/s, lr=5.00e-03, Loss=nan, AvgLoss=nan, Acc=0.22852, AvgAcc=0.22036]252it [01:51,  4.10it/s, lr=5.00e-03, Loss=nan, AvgLoss=nan, Acc=0.22852, AvgAcc=0.22036]252it [01:51,  4.10it/s, lr=5.00e-03, Loss=nan, AvgLoss=nan, Acc=0.22656, AvgAcc=0.22039]253it [01:51,  4.19it/s, lr=5.00e-03, Loss=nan, AvgLoss=nan, Acc=0.22656, AvgAcc=0.22039]253it [01:52,  4.19it/s, lr=5.00e-03, Loss=nan, AvgLoss=nan, Acc=0.23828, AvgAcc=0.22046]254it [01:52,  3.56it/s, lr=5.00e-03, Loss=nan, AvgLoss=nan, Acc=0.23828, AvgAcc=0.22046]254it [01:52,  3.56it/s, lr=5.00e-03, Loss=nan, AvgLoss=nan, Acc=0.22070, AvgAcc=0.22046]255it [01:52,  3.88it/s, lr=5.00e-03, Loss=nan, AvgLoss=nan, Acc=0.22070, AvgAcc=0.22046]255it [01:52,  3.88it/s, lr=5.00e-03, Loss=nan, AvgLoss=nan, Acc=0.20508, AvgAcc=0.22040]256it [01:52,  4.06it/s, lr=5.00e-03, Loss=nan, AvgLoss=nan, Acc=0.20508, AvgAcc=0.22040]256it [01:52,  4.06it/s, lr=5.00e-03, Loss=nan, AvgLoss=nan, Acc=0.18555, AvgAcc=0.22026]257it [01:52,  4.25it/s, lr=5.00e-03, Loss=nan, AvgLoss=nan, Acc=0.18555, AvgAcc=0.22026]257it [01:52,  4.25it/s, lr=5.00e-03, Loss=nan, AvgLoss=nan, Acc=0.21680, AvgAcc=0.22025]258it [01:52,  4.52it/s, lr=5.00e-03, Loss=nan, AvgLoss=nan, Acc=0.21680, AvgAcc=0.22025]258it [01:53,  4.52it/s, lr=5.00e-03, Loss=nan, AvgLoss=nan, Acc=0.22656, AvgAcc=0.22027]259it [01:53,  3.85it/s, lr=5.00e-03, Loss=nan, AvgLoss=nan, Acc=0.22656, AvgAcc=0.22027]259it [01:53,  3.85it/s, lr=5.00e-03, Loss=nan, AvgLoss=nan, Acc=0.20703, AvgAcc=0.22022]260it [01:53,  4.20it/s, lr=5.00e-03, Loss=nan, AvgLoss=nan, Acc=0.20703, AvgAcc=0.22022]260it [01:53,  4.20it/s, lr=5.00e-03, Loss=nan, AvgLoss=nan, Acc=0.24023, AvgAcc=0.22030]261it [01:53,  4.35it/s, lr=5.00e-03, Loss=nan, AvgLoss=nan, Acc=0.24023, AvgAcc=0.22030]261it [01:53,  4.35it/s, lr=5.00e-03, Loss=nan, AvgLoss=nan, Acc=0.19336, AvgAcc=0.22020]262it [01:53,  4.43it/s, lr=5.00e-03, Loss=nan, AvgLoss=nan, Acc=0.19336, AvgAcc=0.22020]262it [01:54,  4.43it/s, lr=5.00e-03, Loss=nan, AvgLoss=nan, Acc=0.21875, AvgAcc=0.22019]263it [01:54,  4.54it/s, lr=5.00e-03, Loss=nan, AvgLoss=nan, Acc=0.21875, AvgAcc=0.22019]263it [01:54,  4.54it/s, lr=5.00e-03, Loss=nan, AvgLoss=nan, Acc=0.23633, AvgAcc=0.22025]264it [01:54,  3.81it/s, lr=5.00e-03, Loss=nan, AvgLoss=nan, Acc=0.23633, AvgAcc=0.22025]264it [01:54,  3.81it/s, lr=5.00e-03, Loss=nan, AvgLoss=nan, Acc=0.22070, AvgAcc=0.22025]265it [01:54,  3.97it/s, lr=5.00e-03, Loss=nan, AvgLoss=nan, Acc=0.22070, AvgAcc=0.22025]265it [01:54,  3.97it/s, lr=5.00e-03, Loss=nan, AvgLoss=nan, Acc=0.16992, AvgAcc=0.22006]266it [01:54,  4.19it/s, lr=5.00e-03, Loss=nan, AvgLoss=nan, Acc=0.16992, AvgAcc=0.22006]266it [01:55,  4.19it/s, lr=5.00e-03, Loss=nan, AvgLoss=nan, Acc=0.18750, AvgAcc=0.21994]267it [01:55,  4.32it/s, lr=5.00e-03, Loss=nan, AvgLoss=nan, Acc=0.18750, AvgAcc=0.21994]267it [01:55,  4.32it/s, lr=5.00e-03, Loss=nan, AvgLoss=nan, Acc=0.22852, AvgAcc=0.21997]268it [01:55,  3.88it/s, lr=5.00e-03, Loss=nan, AvgLoss=nan, Acc=0.22852, AvgAcc=0.21997]268it [01:55,  3.88it/s, lr=5.00e-03, Loss=nan, AvgLoss=nan, Acc=0.22656, AvgAcc=0.22000]269it [01:55,  4.13it/s, lr=5.00e-03, Loss=nan, AvgLoss=nan, Acc=0.22656, AvgAcc=0.22000]269it [02:02,  4.13it/s, lr=5.00e-03, Loss=nan, AvgLoss=nan, Acc=0.23047, AvgAcc=0.22004]270it [02:02,  2.14s/it, lr=5.00e-03, Loss=nan, AvgLoss=nan, Acc=0.23047, AvgAcc=0.22004]270it [02:02,  2.14s/it, lr=5.00e-03, Loss=nan, AvgLoss=nan, Acc=0.21875, AvgAcc=0.22003]271it [02:02,  1.57s/it, lr=5.00e-03, Loss=nan, AvgLoss=nan, Acc=0.21875, AvgAcc=0.22003]271it [02:02,  1.57s/it, lr=5.00e-03, Loss=nan, AvgLoss=nan, Acc=0.19336, AvgAcc=0.21993]272it [02:02,  1.15s/it, lr=5.00e-03, Loss=nan, AvgLoss=nan, Acc=0.19336, AvgAcc=0.21993]272it [02:03,  1.15s/it, lr=5.00e-03, Loss=nan, AvgLoss=nan, Acc=0.20117, AvgAcc=0.21987]273it [02:03,  1.08it/s, lr=5.00e-03, Loss=nan, AvgLoss=nan, Acc=0.20117, AvgAcc=0.21987]273it [02:03,  1.08it/s, lr=5.00e-03, Loss=nan, AvgLoss=nan, Acc=0.25195, AvgAcc=0.21998]274it [02:03,  1.40it/s, lr=5.00e-03, Loss=nan, AvgLoss=nan, Acc=0.25195, AvgAcc=0.21998]274it [02:03,  1.40it/s, lr=5.00e-03, Loss=nan, AvgLoss=nan, Acc=0.21680, AvgAcc=0.21997]275it [02:03,  1.78it/s, lr=5.00e-03, Loss=nan, AvgLoss=nan, Acc=0.21680, AvgAcc=0.21997]275it [02:03,  1.78it/s, lr=5.00e-03, Loss=nan, AvgLoss=nan, Acc=0.18945, AvgAcc=0.21986]276it [02:03,  2.18it/s, lr=5.00e-03, Loss=nan, AvgLoss=nan, Acc=0.18945, AvgAcc=0.21986]276it [02:03,  2.18it/s, lr=5.00e-03, Loss=nan, AvgLoss=nan, Acc=0.21484, AvgAcc=0.21984]277it [02:03,  2.58it/s, lr=5.00e-03, Loss=nan, AvgLoss=nan, Acc=0.21484, AvgAcc=0.21984]277it [02:04,  2.58it/s, lr=5.00e-03, Loss=nan, AvgLoss=nan, Acc=0.20117, AvgAcc=0.21978]278it [02:04,  2.57it/s, lr=5.00e-03, Loss=nan, AvgLoss=nan, Acc=0.20117, AvgAcc=0.21978]278it [02:04,  2.57it/s, lr=5.00e-03, Loss=nan, AvgLoss=nan, Acc=0.21680, AvgAcc=0.21977]279it [02:04,  2.96it/s, lr=5.00e-03, Loss=nan, AvgLoss=nan, Acc=0.21680, AvgAcc=0.21977]279it [02:04,  2.96it/s, lr=5.00e-03, Loss=nan, AvgLoss=nan, Acc=0.22461, AvgAcc=0.21978]280it [02:04,  3.32it/s, lr=5.00e-03, Loss=nan, AvgLoss=nan, Acc=0.22461, AvgAcc=0.21978]280it [02:04,  3.32it/s, lr=5.00e-03, Loss=nan, AvgLoss=nan, Acc=0.25781, AvgAcc=0.21992]281it [02:04,  3.74it/s, lr=5.00e-03, Loss=nan, AvgLoss=nan, Acc=0.25781, AvgAcc=0.21992]281it [02:05,  3.74it/s, lr=5.00e-03, Loss=nan, AvgLoss=nan, Acc=0.25391, AvgAcc=0.22004]282it [02:05,  3.36it/s, lr=5.00e-03, Loss=nan, AvgLoss=nan, Acc=0.25391, AvgAcc=0.22004]282it [02:05,  3.36it/s, lr=5.00e-03, Loss=nan, AvgLoss=nan, Acc=0.21289, AvgAcc=0.22001]283it [02:05,  3.59it/s, lr=5.00e-03, Loss=nan, AvgLoss=nan, Acc=0.21289, AvgAcc=0.22001]283it [02:05,  3.59it/s, lr=5.00e-03, Loss=nan, AvgLoss=nan, Acc=0.23828, AvgAcc=0.22008]284it [02:05,  3.98it/s, lr=5.00e-03, Loss=nan, AvgLoss=nan, Acc=0.23828, AvgAcc=0.22008]284it [02:05,  3.98it/s, lr=5.00e-03, Loss=nan, AvgLoss=nan, Acc=0.21094, AvgAcc=0.22005]285it [02:05,  4.15it/s, lr=5.00e-03, Loss=nan, AvgLoss=nan, Acc=0.21094, AvgAcc=0.22005]285it [02:06,  4.15it/s, lr=5.00e-03, Loss=nan, AvgLoss=nan, Acc=0.24805, AvgAcc=0.22014]286it [02:06,  3.80it/s, lr=5.00e-03, Loss=nan, AvgLoss=nan, Acc=0.24805, AvgAcc=0.22014]286it [02:06,  3.80it/s, lr=5.00e-03, Loss=nan, AvgLoss=nan, Acc=0.21680, AvgAcc=0.22013]287it [02:06,  4.02it/s, lr=5.00e-03, Loss=nan, AvgLoss=nan, Acc=0.21680, AvgAcc=0.22013]287it [02:06,  4.02it/s, lr=5.00e-03, Loss=nan, AvgLoss=nan, Acc=0.21680, AvgAcc=0.22012]288it [02:06,  4.02it/s, lr=5.00e-03, Loss=nan, AvgLoss=nan, Acc=0.21680, AvgAcc=0.22012]288it [02:06,  4.02it/s, lr=5.00e-03, Loss=nan, AvgLoss=nan, Acc=0.17969, AvgAcc=0.21998]289it [02:06,  4.27it/s, lr=5.00e-03, Loss=nan, AvgLoss=nan, Acc=0.17969, AvgAcc=0.21998]289it [02:07,  4.27it/s, lr=5.00e-03, Loss=nan, AvgLoss=nan, Acc=0.25781, AvgAcc=0.22011]290it [02:07,  4.47it/s, lr=5.00e-03, Loss=nan, AvgLoss=nan, Acc=0.25781, AvgAcc=0.22011]290it [02:07,  4.47it/s, lr=5.00e-03, Loss=nan, AvgLoss=nan, Acc=0.22461, AvgAcc=0.22013]291it [02:07,  3.62it/s, lr=5.00e-03, Loss=nan, AvgLoss=nan, Acc=0.22461, AvgAcc=0.22013]291it [02:07,  3.62it/s, lr=5.00e-03, Loss=nan, AvgLoss=nan, Acc=0.20898, AvgAcc=0.22009]292it [02:07,  3.89it/s, lr=5.00e-03, Loss=nan, AvgLoss=nan, Acc=0.20898, AvgAcc=0.22009]292it [02:07,  3.89it/s, lr=5.00e-03, Loss=nan, AvgLoss=nan, Acc=0.19336, AvgAcc=0.22000]293it [02:07,  4.10it/s, lr=5.00e-03, Loss=nan, AvgLoss=nan, Acc=0.19336, AvgAcc=0.22000]293it [02:08,  4.10it/s, lr=5.00e-03, Loss=nan, AvgLoss=nan, Acc=0.20898, AvgAcc=0.21996]294it [02:08,  4.28it/s, lr=5.00e-03, Loss=nan, AvgLoss=nan, Acc=0.20898, AvgAcc=0.21996]294it [02:08,  4.28it/s, lr=5.00e-03, Loss=nan, AvgLoss=nan, Acc=0.21289, AvgAcc=0.21994]295it [02:08,  3.62it/s, lr=5.00e-03, Loss=nan, AvgLoss=nan, Acc=0.21289, AvgAcc=0.21994]295it [02:08,  3.62it/s, lr=5.00e-03, Loss=nan, AvgLoss=nan, Acc=0.17383, AvgAcc=0.21978]296it [02:08,  3.94it/s, lr=5.00e-03, Loss=nan, AvgLoss=nan, Acc=0.17383, AvgAcc=0.21978]296it [02:08,  3.94it/s, lr=5.00e-03, Loss=nan, AvgLoss=nan, Acc=0.24414, AvgAcc=0.21986]297it [02:08,  4.12it/s, lr=5.00e-03, Loss=nan, AvgLoss=nan, Acc=0.24414, AvgAcc=0.21986]297it [02:09,  4.12it/s, lr=5.00e-03, Loss=nan, AvgLoss=nan, Acc=0.17578, AvgAcc=0.21971]298it [02:09,  4.31it/s, lr=5.00e-03, Loss=nan, AvgLoss=nan, Acc=0.17578, AvgAcc=0.21971]298it [02:09,  4.31it/s, lr=5.00e-03, Loss=nan, AvgLoss=nan, Acc=0.23242, AvgAcc=0.21976]299it [02:09,  4.44it/s, lr=5.00e-03, Loss=nan, AvgLoss=nan, Acc=0.23242, AvgAcc=0.21976]299it [02:09,  4.44it/s, lr=5.00e-03, Loss=nan, AvgLoss=nan, Acc=0.27148, AvgAcc=0.21993]299it [02:09,  2.31it/s, lr=5.00e-03, Loss=nan, AvgLoss=nan, Acc=0.27148, AvgAcc=0.21993]
[2025-12-08 09:38:00,152] INFO: Processed 153600 entries in total (avg. speed 1184.4 entries/s)
[2025-12-08 09:38:00,152] INFO: Train AvgLoss: nan, AvgAcc: 0.21993
[2025-12-08 09:38:00,152] INFO: Train class distribution: 
    [(0, 33781), (1, 26501), (2, 93318)]
[2025-12-08 09:38:00,405] INFO: Epoch #1 validating
0it [00:00, ?it/s]0it [00:00, ?it/s, Loss=nan, AvgLoss=nan, Acc=0.22266, AvgAcc=0.22266]1it [00:00,  6.82it/s, Loss=nan, AvgLoss=nan, Acc=0.22266, AvgAcc=0.22266]1it [00:00,  6.82it/s, Loss=nan, AvgLoss=nan, Acc=0.20703, AvgAcc=0.21484]1it [00:00,  6.82it/s, Loss=nan, AvgLoss=nan, Acc=0.22266, AvgAcc=0.21745]3it [00:00,  8.75it/s, Loss=nan, AvgLoss=nan, Acc=0.22266, AvgAcc=0.21745]3it [00:00,  8.75it/s, Loss=nan, AvgLoss=nan, Acc=0.18359, AvgAcc=0.20898]4it [00:00,  8.79it/s, Loss=nan, AvgLoss=nan, Acc=0.18359, AvgAcc=0.20898]4it [00:00,  8.79it/s, Loss=nan, AvgLoss=nan, Acc=0.21680, AvgAcc=0.21055]5it [00:00,  8.73it/s, Loss=nan, AvgLoss=nan, Acc=0.21680, AvgAcc=0.21055]5it [00:00,  8.73it/s, Loss=nan, AvgLoss=nan, Acc=0.27148, AvgAcc=0.22070]6it [00:00,  8.58it/s, Loss=nan, AvgLoss=nan, Acc=0.27148, AvgAcc=0.22070]6it [00:00,  8.58it/s, Loss=nan, AvgLoss=nan, Acc=0.23633, AvgAcc=0.22294]7it [00:00,  6.26it/s, Loss=nan, AvgLoss=nan, Acc=0.23633, AvgAcc=0.22294]7it [00:01,  6.26it/s, Loss=nan, AvgLoss=nan, Acc=0.22461, AvgAcc=0.22314]8it [00:01,  6.80it/s, Loss=nan, AvgLoss=nan, Acc=0.22461, AvgAcc=0.22314]8it [00:01,  6.80it/s, Loss=nan, AvgLoss=nan, Acc=0.19727, AvgAcc=0.22027]9it [00:01,  7.19it/s, Loss=nan, AvgLoss=nan, Acc=0.19727, AvgAcc=0.22027]9it [00:01,  7.19it/s, Loss=nan, AvgLoss=nan, Acc=0.23633, AvgAcc=0.22187]10it [00:01,  7.38it/s, Loss=nan, AvgLoss=nan, Acc=0.23633, AvgAcc=0.22187]10it [00:01,  7.38it/s, Loss=nan, AvgLoss=nan, Acc=0.21680, AvgAcc=0.22141]11it [00:01,  7.34it/s, Loss=nan, AvgLoss=nan, Acc=0.21680, AvgAcc=0.22141]11it [00:01,  7.34it/s, Loss=nan, AvgLoss=nan, Acc=0.20898, AvgAcc=0.22038]11it [00:01,  7.34it/s, Loss=nan, AvgLoss=nan, Acc=0.21094, AvgAcc=0.21965]13it [00:01,  8.19it/s, Loss=nan, AvgLoss=nan, Acc=0.21094, AvgAcc=0.21965]13it [00:01,  8.19it/s, Loss=nan, AvgLoss=nan, Acc=0.19141, AvgAcc=0.21763]14it [00:01,  7.76it/s, Loss=nan, AvgLoss=nan, Acc=0.19141, AvgAcc=0.21763]14it [00:01,  7.76it/s, Loss=nan, AvgLoss=nan, Acc=0.23242, AvgAcc=0.21862]15it [00:01,  7.85it/s, Loss=nan, AvgLoss=nan, Acc=0.23242, AvgAcc=0.21862]15it [00:02,  7.85it/s, Loss=nan, AvgLoss=nan, Acc=0.19922, AvgAcc=0.21741]16it [00:02,  7.57it/s, Loss=nan, AvgLoss=nan, Acc=0.19922, AvgAcc=0.21741]16it [00:02,  7.57it/s, Loss=nan, AvgLoss=nan, Acc=0.21289, AvgAcc=0.21714]17it [00:02,  5.91it/s, Loss=nan, AvgLoss=nan, Acc=0.21289, AvgAcc=0.21714]17it [00:02,  5.91it/s, Loss=nan, AvgLoss=nan, Acc=0.21289, AvgAcc=0.21691]18it [00:02,  6.27it/s, Loss=nan, AvgLoss=nan, Acc=0.21289, AvgAcc=0.21691]18it [00:02,  6.27it/s, Loss=nan, AvgLoss=nan, Acc=0.21094, AvgAcc=0.21659]19it [00:02,  6.84it/s, Loss=nan, AvgLoss=nan, Acc=0.21094, AvgAcc=0.21659]19it [00:02,  6.84it/s, Loss=nan, AvgLoss=nan, Acc=0.20898, AvgAcc=0.21621]20it [00:02,  6.90it/s, Loss=nan, AvgLoss=nan, Acc=0.20898, AvgAcc=0.21621]20it [00:02,  6.90it/s, Loss=nan, AvgLoss=nan, Acc=0.18555, AvgAcc=0.21475]21it [00:02,  7.07it/s, Loss=nan, AvgLoss=nan, Acc=0.18555, AvgAcc=0.21475]21it [00:02,  7.07it/s, Loss=nan, AvgLoss=nan, Acc=0.22266, AvgAcc=0.21511]21it [00:03,  7.07it/s, Loss=nan, AvgLoss=nan, Acc=0.20312, AvgAcc=0.21459]23it [00:03,  8.45it/s, Loss=nan, AvgLoss=nan, Acc=0.20312, AvgAcc=0.21459]23it [00:03,  8.45it/s, Loss=nan, AvgLoss=nan, Acc=0.24219, AvgAcc=0.21574]24it [00:03,  8.40it/s, Loss=nan, AvgLoss=nan, Acc=0.24219, AvgAcc=0.21574]24it [00:03,  8.40it/s, Loss=nan, AvgLoss=nan, Acc=0.21875, AvgAcc=0.21586]25it [00:03,  8.24it/s, Loss=nan, AvgLoss=nan, Acc=0.21875, AvgAcc=0.21586]25it [00:03,  8.24it/s, Loss=nan, AvgLoss=nan, Acc=0.20703, AvgAcc=0.21552]26it [00:03,  7.76it/s, Loss=nan, AvgLoss=nan, Acc=0.20703, AvgAcc=0.21552]26it [00:03,  7.76it/s, Loss=nan, AvgLoss=nan, Acc=0.21680, AvgAcc=0.21557]27it [00:03,  6.40it/s, Loss=nan, AvgLoss=nan, Acc=0.21680, AvgAcc=0.21557]27it [00:03,  6.40it/s, Loss=nan, AvgLoss=nan, Acc=0.20898, AvgAcc=0.21533]28it [00:03,  6.79it/s, Loss=nan, AvgLoss=nan, Acc=0.20898, AvgAcc=0.21533]28it [00:03,  6.79it/s, Loss=nan, AvgLoss=nan, Acc=0.23242, AvgAcc=0.21592]29it [00:03,  7.00it/s, Loss=nan, AvgLoss=nan, Acc=0.23242, AvgAcc=0.21592]29it [00:04,  7.00it/s, Loss=nan, AvgLoss=nan, Acc=0.24805, AvgAcc=0.21699]30it [00:04,  7.11it/s, Loss=nan, AvgLoss=nan, Acc=0.24805, AvgAcc=0.21699]30it [00:04,  7.11it/s, Loss=nan, AvgLoss=nan, Acc=0.24023, AvgAcc=0.21774]31it [00:04,  7.40it/s, Loss=nan, AvgLoss=nan, Acc=0.24023, AvgAcc=0.21774]31it [00:04,  7.40it/s, Loss=nan, AvgLoss=nan, Acc=0.20703, AvgAcc=0.21741]32it [00:04,  7.62it/s, Loss=nan, AvgLoss=nan, Acc=0.20703, AvgAcc=0.21741]32it [00:04,  7.62it/s, Loss=nan, AvgLoss=nan, Acc=0.22461, AvgAcc=0.21763]33it [00:04,  7.80it/s, Loss=nan, AvgLoss=nan, Acc=0.22461, AvgAcc=0.21763]33it [00:04,  7.80it/s, Loss=nan, AvgLoss=nan, Acc=0.22852, AvgAcc=0.21795]34it [00:04,  8.15it/s, Loss=nan, AvgLoss=nan, Acc=0.22852, AvgAcc=0.21795]34it [00:04,  8.15it/s, Loss=nan, AvgLoss=nan, Acc=0.22852, AvgAcc=0.21825]35it [00:04,  8.18it/s, Loss=nan, AvgLoss=nan, Acc=0.22852, AvgAcc=0.21825]35it [00:04,  8.18it/s, Loss=nan, AvgLoss=nan, Acc=0.22070, AvgAcc=0.21832]36it [00:04,  7.64it/s, Loss=nan, AvgLoss=nan, Acc=0.22070, AvgAcc=0.21832]36it [00:05,  7.64it/s, Loss=nan, AvgLoss=nan, Acc=0.21289, AvgAcc=0.21817]37it [00:05,  5.64it/s, Loss=nan, AvgLoss=nan, Acc=0.21289, AvgAcc=0.21817]37it [00:05,  5.64it/s, Loss=nan, AvgLoss=nan, Acc=0.19727, AvgAcc=0.21762]37it [00:21,  5.64it/s, Loss=nan, AvgLoss=nan, Acc=0.22070, AvgAcc=0.21770]39it [00:21,  3.88s/it, Loss=nan, AvgLoss=nan, Acc=0.22070, AvgAcc=0.21770]39it [00:21,  3.88s/it, Loss=nan, AvgLoss=nan, Acc=0.20117, AvgAcc=0.21729]39it [00:21,  3.88s/it, Loss=nan, AvgLoss=nan, Acc=0.20703, AvgAcc=0.21704]41it [00:21,  2.37s/it, Loss=nan, AvgLoss=nan, Acc=0.20703, AvgAcc=0.21704]41it [00:21,  2.37s/it, Loss=nan, AvgLoss=nan, Acc=0.21680, AvgAcc=0.21703]41it [00:21,  2.37s/it, Loss=nan, AvgLoss=nan, Acc=0.21484, AvgAcc=0.21698]43it [00:21,  1.54s/it, Loss=nan, AvgLoss=nan, Acc=0.21484, AvgAcc=0.21698]43it [00:21,  1.54s/it, Loss=nan, AvgLoss=nan, Acc=0.21289, AvgAcc=0.21689]43it [00:21,  1.54s/it, Loss=nan, AvgLoss=nan, Acc=0.22461, AvgAcc=0.21706]45it [00:21,  1.04s/it, Loss=nan, AvgLoss=nan, Acc=0.22461, AvgAcc=0.21706]45it [00:22,  1.04s/it, Loss=nan, AvgLoss=nan, Acc=0.23047, AvgAcc=0.21735]45it [00:22,  1.04s/it, Loss=nan, AvgLoss=nan, Acc=0.22852, AvgAcc=0.21759]47it [00:22,  1.38it/s, Loss=nan, AvgLoss=nan, Acc=0.22852, AvgAcc=0.21759]47it [00:22,  1.38it/s, Loss=nan, AvgLoss=nan, Acc=0.23047, AvgAcc=0.21785]47it [00:22,  1.38it/s, Loss=nan, AvgLoss=nan, Acc=0.21484, AvgAcc=0.21779]49it [00:22,  1.91it/s, Loss=nan, AvgLoss=nan, Acc=0.21484, AvgAcc=0.21779]49it [00:22,  1.91it/s, Loss=nan, AvgLoss=nan, Acc=0.23242, AvgAcc=0.21809]49it [00:22,  1.91it/s, Loss=nan, AvgLoss=nan, Acc=0.22070, AvgAcc=0.21814]51it [00:22,  2.61it/s, Loss=nan, AvgLoss=nan, Acc=0.22070, AvgAcc=0.21814]51it [00:22,  2.61it/s, Loss=nan, AvgLoss=nan, Acc=0.21094, AvgAcc=0.21800]51it [00:22,  2.61it/s, Loss=nan, AvgLoss=nan, Acc=0.19727, AvgAcc=0.21761]53it [00:22,  3.49it/s, Loss=nan, AvgLoss=nan, Acc=0.19727, AvgAcc=0.21761]53it [00:22,  3.49it/s, Loss=nan, AvgLoss=nan, Acc=0.24023, AvgAcc=0.21803]53it [00:22,  3.49it/s, Loss=nan, AvgLoss=nan, Acc=0.24023, AvgAcc=0.21843]55it [00:22,  4.41it/s, Loss=nan, AvgLoss=nan, Acc=0.24023, AvgAcc=0.21843]55it [00:22,  4.41it/s, Loss=nan, AvgLoss=nan, Acc=0.18555, AvgAcc=0.21784]55it [00:22,  4.41it/s, Loss=nan, AvgLoss=nan, Acc=0.19141, AvgAcc=0.21738]57it [00:22,  5.56it/s, Loss=nan, AvgLoss=nan, Acc=0.19141, AvgAcc=0.21738]57it [00:23,  5.56it/s, Loss=nan, AvgLoss=nan, Acc=0.19922, AvgAcc=0.21707]57it [00:23,  5.56it/s, Loss=nan, AvgLoss=nan, Acc=0.21875, AvgAcc=0.21709]59it [00:23,  5.85it/s, Loss=nan, AvgLoss=nan, Acc=0.21875, AvgAcc=0.21709]59it [00:23,  5.85it/s, Loss=nan, AvgLoss=nan, Acc=0.24023, AvgAcc=0.21748]59it [00:23,  5.85it/s, Loss=nan, AvgLoss=nan, Acc=0.21875, AvgAcc=0.21750]61it [00:23,  6.80it/s, Loss=nan, AvgLoss=nan, Acc=0.21875, AvgAcc=0.21750]61it [00:23,  6.80it/s, Loss=nan, AvgLoss=nan, Acc=0.24609, AvgAcc=0.21796]61it [00:23,  6.80it/s, Loss=nan, AvgLoss=nan, Acc=0.23047, AvgAcc=0.21816]63it [00:23,  8.19it/s, Loss=nan, AvgLoss=nan, Acc=0.23047, AvgAcc=0.21816]63it [00:23,  8.19it/s, Loss=nan, AvgLoss=nan, Acc=0.21484, AvgAcc=0.21811]63it [00:23,  8.19it/s, Loss=nan, AvgLoss=nan, Acc=0.23633, AvgAcc=0.21839]65it [00:23,  9.04it/s, Loss=nan, AvgLoss=nan, Acc=0.23633, AvgAcc=0.21839]65it [00:23,  9.04it/s, Loss=nan, AvgLoss=nan, Acc=0.24805, AvgAcc=0.21884]65it [00:23,  9.04it/s, Loss=nan, AvgLoss=nan, Acc=0.20117, AvgAcc=0.21858]67it [00:23,  9.86it/s, Loss=nan, AvgLoss=nan, Acc=0.20117, AvgAcc=0.21858]67it [00:23,  9.86it/s, Loss=nan, AvgLoss=nan, Acc=0.22461, AvgAcc=0.21866]67it [00:24,  9.86it/s, Loss=nan, AvgLoss=nan, Acc=0.19141, AvgAcc=0.21827]69it [00:24, 10.58it/s, Loss=nan, AvgLoss=nan, Acc=0.19141, AvgAcc=0.21827]69it [00:24, 10.58it/s, Loss=nan, AvgLoss=nan, Acc=0.21094, AvgAcc=0.21816]69it [00:24, 10.58it/s, Loss=nan, AvgLoss=nan, Acc=0.18359, AvgAcc=0.21768]71it [00:24, 11.50it/s, Loss=nan, AvgLoss=nan, Acc=0.18359, AvgAcc=0.21768]71it [00:24, 11.50it/s, Loss=nan, AvgLoss=nan, Acc=0.19141, AvgAcc=0.21731]71it [00:24, 11.50it/s, Loss=nan, AvgLoss=nan, Acc=0.21289, AvgAcc=0.21725]73it [00:24, 11.78it/s, Loss=nan, AvgLoss=nan, Acc=0.21289, AvgAcc=0.21725]73it [00:24, 11.78it/s, Loss=nan, AvgLoss=nan, Acc=0.21094, AvgAcc=0.21717]73it [00:24, 11.78it/s, Loss=nan, AvgLoss=nan, Acc=0.20703, AvgAcc=0.21703]74it [00:24,  3.02it/s, Loss=nan, AvgLoss=nan, Acc=0.20703, AvgAcc=0.21703]
[2025-12-08 09:38:24,904] INFO: Processed 38400 entries in total (avg. speed 1567.4 entries/s)
[2025-12-08 09:38:24,904] INFO: Evaluation class distribution: 
    [(0, 8334), (1, 6623), (2, 23443)]
[2025-12-08 09:38:24,906] ERROR: Input contains NaN.
[2025-12-08 09:38:24,960] ERROR: Input contains NaN.
[2025-12-08 09:38:24,961] INFO: Evaluation metrics: 
    - roc_auc_score: 
None
    - roc_auc_score_matrix: 
None
    - confusion_matrix: 
[[1. 0. 0.]
 [1. 0. 0.]
 [1. 0. 0.]]
[2025-12-08 09:38:24,967] INFO: Pairwise ROC AUC:
[2025-12-08 09:38:24,967] INFO: [1mEpoch #1: Current validation metric: 0.21703 (best: 0.22268)[0m
[2025-12-08 09:38:24,967] INFO: --------------------------------------------------
[2025-12-08 09:38:24,967] INFO: Epoch #2 training
0it [00:00, ?it/s]/oscar/home/tgillin/files/weaver-core/weaver/utils/nn/tools.py:125: FutureWarning: `torch.cuda.amp.autocast(args...)` is deprecated. Please use `torch.amp.autocast('cuda', args...)` instead.
  with torch.cuda.amp.autocast(enabled=grad_scaler is not None):
/oscar/home/tgillin/files/weaver-core/weaver/nn/model/ParticleTransformer.py:549: FutureWarning: `torch.cuda.amp.autocast(args...)` is deprecated. Please use `torch.amp.autocast('cuda', args...)` instead.
  with torch.cuda.amp.autocast(enabled=self.use_amp):
/users/tgillin/miniconda3/envs/weaver/lib/python3.10/site-packages/torch/nn/functional.py:6041: UserWarning: Support for mismatched key_padding_mask and attn_mask is deprecated. Use same type for both instead.
  warnings.warn(
0it [00:00, ?it/s, lr=5.00e-03, Loss=nan, AvgLoss=nan, Acc=0.21094, AvgAcc=0.21094]1it [00:00,  4.33it/s, lr=5.00e-03, Loss=nan, AvgLoss=nan, Acc=0.21094, AvgAcc=0.21094]1it [00:00,  4.33it/s, lr=5.00e-03, Loss=nan, AvgLoss=nan, Acc=0.21484, AvgAcc=0.21289]2it [00:00,  4.51it/s, lr=5.00e-03, Loss=nan, AvgLoss=nan, Acc=0.21484, AvgAcc=0.21289]2it [00:00,  4.51it/s, lr=5.00e-03, Loss=nan, AvgLoss=nan, Acc=0.20898, AvgAcc=0.21159]3it [00:00,  3.50it/s, lr=5.00e-03, Loss=nan, AvgLoss=nan, Acc=0.20898, AvgAcc=0.21159]3it [00:01,  3.50it/s, lr=5.00e-03, Loss=nan, AvgLoss=nan, Acc=0.22070, AvgAcc=0.21387]4it [00:01,  3.92it/s, lr=5.00e-03, Loss=nan, AvgLoss=nan, Acc=0.22070, AvgAcc=0.21387]4it [00:01,  3.92it/s, lr=5.00e-03, Loss=nan, AvgLoss=nan, Acc=0.20508, AvgAcc=0.21211]5it [00:01,  4.27it/s, lr=5.00e-03, Loss=nan, AvgLoss=nan, Acc=0.20508, AvgAcc=0.21211]5it [00:01,  4.27it/s, lr=5.00e-03, Loss=nan, AvgLoss=nan, Acc=0.23438, AvgAcc=0.21582]6it [00:01,  4.41it/s, lr=5.00e-03, Loss=nan, AvgLoss=nan, Acc=0.23438, AvgAcc=0.21582]6it [00:01,  4.41it/s, lr=5.00e-03, Loss=nan, AvgLoss=nan, Acc=0.20312, AvgAcc=0.21401]7it [00:01,  4.43it/s, lr=5.00e-03, Loss=nan, AvgLoss=nan, Acc=0.20312, AvgAcc=0.21401]7it [00:02,  4.43it/s, lr=5.00e-03, Loss=nan, AvgLoss=nan, Acc=0.17969, AvgAcc=0.20972]8it [00:02,  3.59it/s, lr=5.00e-03, Loss=nan, AvgLoss=nan, Acc=0.17969, AvgAcc=0.20972]8it [00:02,  3.59it/s, lr=5.00e-03, Loss=nan, AvgLoss=nan, Acc=0.20898, AvgAcc=0.20964]9it [00:02,  3.51it/s, lr=5.00e-03, Loss=nan, AvgLoss=nan, Acc=0.20898, AvgAcc=0.20964]9it [00:02,  3.51it/s, lr=5.00e-03, Loss=nan, AvgLoss=nan, Acc=0.23047, AvgAcc=0.21172]10it [00:02,  3.50it/s, lr=5.00e-03, Loss=nan, AvgLoss=nan, Acc=0.23047, AvgAcc=0.21172]10it [00:03,  3.50it/s, lr=5.00e-03, Loss=nan, AvgLoss=nan, Acc=0.24414, AvgAcc=0.21467]11it [00:03,  3.04it/s, lr=5.00e-03, Loss=nan, AvgLoss=nan, Acc=0.24414, AvgAcc=0.21467]11it [00:03,  3.04it/s, lr=5.00e-03, Loss=nan, AvgLoss=nan, Acc=0.24609, AvgAcc=0.21729]12it [00:03,  3.12it/s, lr=5.00e-03, Loss=nan, AvgLoss=nan, Acc=0.24609, AvgAcc=0.21729]12it [00:03,  3.12it/s, lr=5.00e-03, Loss=nan, AvgLoss=nan, Acc=0.23242, AvgAcc=0.21845]13it [00:03,  3.13it/s, lr=5.00e-03, Loss=nan, AvgLoss=nan, Acc=0.23242, AvgAcc=0.21845]13it [00:04,  3.13it/s, lr=5.00e-03, Loss=nan, AvgLoss=nan, Acc=0.20508, AvgAcc=0.21749]14it [00:04,  2.80it/s, lr=5.00e-03, Loss=nan, AvgLoss=nan, Acc=0.20508, AvgAcc=0.21749]14it [00:04,  2.80it/s, lr=5.00e-03, Loss=nan, AvgLoss=nan, Acc=0.25000, AvgAcc=0.21966]15it [00:04,  2.98it/s, lr=5.00e-03, Loss=nan, AvgLoss=nan, Acc=0.25000, AvgAcc=0.21966]15it [00:04,  2.98it/s, lr=5.00e-03, Loss=nan, AvgLoss=nan, Acc=0.22656, AvgAcc=0.22009]16it [00:04,  3.10it/s, lr=5.00e-03, Loss=nan, AvgLoss=nan, Acc=0.22656, AvgAcc=0.22009]16it [00:04,  3.10it/s, lr=5.00e-03, Loss=nan, AvgLoss=nan, Acc=0.23047, AvgAcc=0.22070]17it [00:04,  3.16it/s, lr=5.00e-03, Loss=nan, AvgLoss=nan, Acc=0.23047, AvgAcc=0.22070]17it [00:05,  3.16it/s, lr=5.00e-03, Loss=nan, AvgLoss=nan, Acc=0.21875, AvgAcc=0.22059]18it [00:05,  2.70it/s, lr=5.00e-03, Loss=nan, AvgLoss=nan, Acc=0.21875, AvgAcc=0.22059]18it [00:05,  2.70it/s, lr=5.00e-03, Loss=nan, AvgLoss=nan, Acc=0.20898, AvgAcc=0.21998]19it [00:05,  2.92it/s, lr=5.00e-03, Loss=nan, AvgLoss=nan, Acc=0.20898, AvgAcc=0.21998]19it [00:06,  2.92it/s, lr=5.00e-03, Loss=nan, AvgLoss=nan, Acc=0.18164, AvgAcc=0.21807]20it [00:06,  3.02it/s, lr=5.00e-03, Loss=nan, AvgLoss=nan, Acc=0.18164, AvgAcc=0.21807]20it [00:06,  3.02it/s, lr=5.00e-03, Loss=nan, AvgLoss=nan, Acc=0.21680, AvgAcc=0.21801]21it [00:06,  2.83it/s, lr=5.00e-03, Loss=nan, AvgLoss=nan, Acc=0.21680, AvgAcc=0.21801]21it [00:06,  2.83it/s, lr=5.00e-03, Loss=nan, AvgLoss=nan, Acc=0.21875, AvgAcc=0.21804]22it [00:06,  2.97it/s, lr=5.00e-03, Loss=nan, AvgLoss=nan, Acc=0.21875, AvgAcc=0.21804]22it [00:07,  2.97it/s, lr=5.00e-03, Loss=nan, AvgLoss=nan, Acc=0.22070, AvgAcc=0.21816]23it [00:07,  3.07it/s, lr=5.00e-03, Loss=nan, AvgLoss=nan, Acc=0.22070, AvgAcc=0.21816]23it [00:07,  3.07it/s, lr=5.00e-03, Loss=nan, AvgLoss=nan, Acc=0.20508, AvgAcc=0.21761]24it [00:07,  2.68it/s, lr=5.00e-03, Loss=nan, AvgLoss=nan, Acc=0.20508, AvgAcc=0.21761]24it [00:07,  2.68it/s, lr=5.00e-03, Loss=nan, AvgLoss=nan, Acc=0.19922, AvgAcc=0.21688]25it [00:07,  2.88it/s, lr=5.00e-03, Loss=nan, AvgLoss=nan, Acc=0.19922, AvgAcc=0.21688]25it [00:08,  2.88it/s, lr=5.00e-03, Loss=nan, AvgLoss=nan, Acc=0.18945, AvgAcc=0.21582]26it [00:08,  3.02it/s, lr=5.00e-03, Loss=nan, AvgLoss=nan, Acc=0.18945, AvgAcc=0.21582]26it [00:08,  3.02it/s, lr=5.00e-03, Loss=nan, AvgLoss=nan, Acc=0.22461, AvgAcc=0.21615]27it [00:08,  2.79it/s, lr=5.00e-03, Loss=nan, AvgLoss=nan, Acc=0.22461, AvgAcc=0.21615]27it [00:08,  2.79it/s, lr=5.00e-03, Loss=nan, AvgLoss=nan, Acc=0.21484, AvgAcc=0.21610]28it [00:08,  2.95it/s, lr=5.00e-03, Loss=nan, AvgLoss=nan, Acc=0.21484, AvgAcc=0.21610]28it [00:09,  2.95it/s, lr=5.00e-03, Loss=nan, AvgLoss=nan, Acc=0.19336, AvgAcc=0.21532]29it [00:09,  3.08it/s, lr=5.00e-03, Loss=nan, AvgLoss=nan, Acc=0.19336, AvgAcc=0.21532]29it [00:09,  3.08it/s, lr=5.00e-03, Loss=nan, AvgLoss=nan, Acc=0.20703, AvgAcc=0.21504]30it [00:09,  3.12it/s, lr=5.00e-03, Loss=nan, AvgLoss=nan, Acc=0.20703, AvgAcc=0.21504]30it [00:09,  3.12it/s, lr=5.00e-03, Loss=nan, AvgLoss=nan, Acc=0.21875, AvgAcc=0.21516]31it [00:09,  2.85it/s, lr=5.00e-03, Loss=nan, AvgLoss=nan, Acc=0.21875, AvgAcc=0.21516]31it [00:10,  2.85it/s, lr=5.00e-03, Loss=nan, AvgLoss=nan, Acc=0.18945, AvgAcc=0.21436]32it [00:10,  2.99it/s, lr=5.00e-03, Loss=nan, AvgLoss=nan, Acc=0.18945, AvgAcc=0.21436]32it [00:10,  2.99it/s, lr=5.00e-03, Loss=nan, AvgLoss=nan, Acc=0.22656, AvgAcc=0.21473]33it [00:10,  3.09it/s, lr=5.00e-03, Loss=nan, AvgLoss=nan, Acc=0.22656, AvgAcc=0.21473]33it [00:10,  3.09it/s, lr=5.00e-03, Loss=nan, AvgLoss=nan, Acc=0.23438, AvgAcc=0.21530]34it [00:10,  2.81it/s, lr=5.00e-03, Loss=nan, AvgLoss=nan, Acc=0.23438, AvgAcc=0.21530]34it [00:11,  2.81it/s, lr=5.00e-03, Loss=nan, AvgLoss=nan, Acc=0.18945, AvgAcc=0.21456]35it [00:11,  2.96it/s, lr=5.00e-03, Loss=nan, AvgLoss=nan, Acc=0.18945, AvgAcc=0.21456]35it [00:11,  2.96it/s, lr=5.00e-03, Loss=nan, AvgLoss=nan, Acc=0.21875, AvgAcc=0.21468]36it [00:11,  3.07it/s, lr=5.00e-03, Loss=nan, AvgLoss=nan, Acc=0.21875, AvgAcc=0.21468]36it [00:11,  3.07it/s, lr=5.00e-03, Loss=nan, AvgLoss=nan, Acc=0.25391, AvgAcc=0.21574]37it [00:11,  3.13it/s, lr=5.00e-03, Loss=nan, AvgLoss=nan, Acc=0.25391, AvgAcc=0.21574]37it [00:12,  3.13it/s, lr=5.00e-03, Loss=nan, AvgLoss=nan, Acc=0.22656, AvgAcc=0.21603]38it [00:12,  2.72it/s, lr=5.00e-03, Loss=nan, AvgLoss=nan, Acc=0.22656, AvgAcc=0.21603]38it [00:12,  2.72it/s, lr=5.00e-03, Loss=nan, AvgLoss=nan, Acc=0.22461, AvgAcc=0.21625]39it [00:12,  2.90it/s, lr=5.00e-03, Loss=nan, AvgLoss=nan, Acc=0.22461, AvgAcc=0.21625]39it [00:12,  2.90it/s, lr=5.00e-03, Loss=nan, AvgLoss=nan, Acc=0.24805, AvgAcc=0.21704]40it [00:12,  3.07it/s, lr=5.00e-03, Loss=nan, AvgLoss=nan, Acc=0.24805, AvgAcc=0.21704]40it [00:13,  3.07it/s, lr=5.00e-03, Loss=nan, AvgLoss=nan, Acc=0.23828, AvgAcc=0.21756]41it [00:13,  2.77it/s, lr=5.00e-03, Loss=nan, AvgLoss=nan, Acc=0.23828, AvgAcc=0.21756]41it [00:13,  2.77it/s, lr=5.00e-03, Loss=nan, AvgLoss=nan, Acc=0.25391, AvgAcc=0.21842]42it [00:13,  2.88it/s, lr=5.00e-03, Loss=nan, AvgLoss=nan, Acc=0.25391, AvgAcc=0.21842]42it [00:13,  2.88it/s, lr=5.00e-03, Loss=nan, AvgLoss=nan, Acc=0.21289, AvgAcc=0.21830]43it [00:13,  3.11it/s, lr=5.00e-03, Loss=nan, AvgLoss=nan, Acc=0.21289, AvgAcc=0.21830]43it [00:14,  3.11it/s, lr=5.00e-03, Loss=nan, AvgLoss=nan, Acc=0.24023, AvgAcc=0.21879]44it [00:14,  3.27it/s, lr=5.00e-03, Loss=nan, AvgLoss=nan, Acc=0.24023, AvgAcc=0.21879]44it [00:14,  3.27it/s, lr=5.00e-03, Loss=nan, AvgLoss=nan, Acc=0.20898, AvgAcc=0.21858]45it [00:14,  2.78it/s, lr=5.00e-03, Loss=nan, AvgLoss=nan, Acc=0.20898, AvgAcc=0.21858]45it [00:27,  2.78it/s, lr=5.00e-03, Loss=nan, AvgLoss=nan, Acc=0.21484, AvgAcc=0.21850]46it [00:27,  4.20s/it, lr=5.00e-03, Loss=nan, AvgLoss=nan, Acc=0.21484, AvgAcc=0.21850]46it [00:28,  4.20s/it, lr=5.00e-03, Loss=nan, AvgLoss=nan, Acc=0.21875, AvgAcc=0.21850]47it [00:28,  3.07s/it, lr=5.00e-03, Loss=nan, AvgLoss=nan, Acc=0.21875, AvgAcc=0.21850]47it [00:28,  3.07s/it, lr=5.00e-03, Loss=nan, AvgLoss=nan, Acc=0.23438, AvgAcc=0.21883]48it [00:28,  2.21s/it, lr=5.00e-03, Loss=nan, AvgLoss=nan, Acc=0.23438, AvgAcc=0.21883]48it [00:28,  2.21s/it, lr=5.00e-03, Loss=nan, AvgLoss=nan, Acc=0.22070, AvgAcc=0.21887]49it [00:28,  1.62s/it, lr=5.00e-03, Loss=nan, AvgLoss=nan, Acc=0.22070, AvgAcc=0.21887]49it [00:28,  1.62s/it, lr=5.00e-03, Loss=nan, AvgLoss=nan, Acc=0.21289, AvgAcc=0.21875]50it [00:28,  1.19s/it, lr=5.00e-03, Loss=nan, AvgLoss=nan, Acc=0.21289, AvgAcc=0.21875]50it [00:29,  1.19s/it, lr=5.00e-03, Loss=nan, AvgLoss=nan, Acc=0.21875, AvgAcc=0.21875]51it [00:29,  1.07it/s, lr=5.00e-03, Loss=nan, AvgLoss=nan, Acc=0.21875, AvgAcc=0.21875]51it [00:29,  1.07it/s, lr=5.00e-03, Loss=nan, AvgLoss=nan, Acc=0.22461, AvgAcc=0.21886]52it [00:29,  1.39it/s, lr=5.00e-03, Loss=nan, AvgLoss=nan, Acc=0.22461, AvgAcc=0.21886]52it [00:29,  1.39it/s, lr=5.00e-03, Loss=nan, AvgLoss=nan, Acc=0.22070, AvgAcc=0.21890]53it [00:29,  1.76it/s, lr=5.00e-03, Loss=nan, AvgLoss=nan, Acc=0.22070, AvgAcc=0.21890]53it [00:29,  1.76it/s, lr=5.00e-03, Loss=nan, AvgLoss=nan, Acc=0.22266, AvgAcc=0.21897]54it [00:29,  2.13it/s, lr=5.00e-03, Loss=nan, AvgLoss=nan, Acc=0.22266, AvgAcc=0.21897]54it [00:30,  2.13it/s, lr=5.00e-03, Loss=nan, AvgLoss=nan, Acc=0.19531, AvgAcc=0.21854]55it [00:30,  2.54it/s, lr=5.00e-03, Loss=nan, AvgLoss=nan, Acc=0.19531, AvgAcc=0.21854]55it [00:30,  2.54it/s, lr=5.00e-03, Loss=nan, AvgLoss=nan, Acc=0.21680, AvgAcc=0.21851]56it [00:30,  2.70it/s, lr=5.00e-03, Loss=nan, AvgLoss=nan, Acc=0.21680, AvgAcc=0.21851]56it [00:30,  2.70it/s, lr=5.00e-03, Loss=nan, AvgLoss=nan, Acc=0.23047, AvgAcc=0.21872]57it [00:30,  3.02it/s, lr=5.00e-03, Loss=nan, AvgLoss=nan, Acc=0.23047, AvgAcc=0.21872]57it [00:30,  3.02it/s, lr=5.00e-03, Loss=nan, AvgLoss=nan, Acc=0.22070, AvgAcc=0.21875]58it [00:30,  3.34it/s, lr=5.00e-03, Loss=nan, AvgLoss=nan, Acc=0.22070, AvgAcc=0.21875]58it [00:31,  3.34it/s, lr=5.00e-03, Loss=nan, AvgLoss=nan, Acc=0.18750, AvgAcc=0.21822]59it [00:31,  3.67it/s, lr=5.00e-03, Loss=nan, AvgLoss=nan, Acc=0.18750, AvgAcc=0.21822]59it [00:31,  3.67it/s, lr=5.00e-03, Loss=nan, AvgLoss=nan, Acc=0.21289, AvgAcc=0.21813]60it [00:31,  3.26it/s, lr=5.00e-03, Loss=nan, AvgLoss=nan, Acc=0.21289, AvgAcc=0.21813]60it [00:31,  3.26it/s, lr=5.00e-03, Loss=nan, AvgLoss=nan, Acc=0.21875, AvgAcc=0.21814]61it [00:31,  3.60it/s, lr=5.00e-03, Loss=nan, AvgLoss=nan, Acc=0.21875, AvgAcc=0.21814]61it [00:31,  3.60it/s, lr=5.00e-03, Loss=nan, AvgLoss=nan, Acc=0.22266, AvgAcc=0.21821]62it [00:31,  3.88it/s, lr=5.00e-03, Loss=nan, AvgLoss=nan, Acc=0.22266, AvgAcc=0.21821]62it [00:32,  3.88it/s, lr=5.00e-03, Loss=nan, AvgLoss=nan, Acc=0.20703, AvgAcc=0.21804]63it [00:32,  4.06it/s, lr=5.00e-03, Loss=nan, AvgLoss=nan, Acc=0.20703, AvgAcc=0.21804]63it [00:32,  4.06it/s, lr=5.00e-03, Loss=nan, AvgLoss=nan, Acc=0.24219, AvgAcc=0.21841]64it [00:32,  4.29it/s, lr=5.00e-03, Loss=nan, AvgLoss=nan, Acc=0.24219, AvgAcc=0.21841]64it [00:32,  4.29it/s, lr=5.00e-03, Loss=nan, AvgLoss=nan, Acc=0.20898, AvgAcc=0.21827]65it [00:32,  3.63it/s, lr=5.00e-03, Loss=nan, AvgLoss=nan, Acc=0.20898, AvgAcc=0.21827]65it [00:32,  3.63it/s, lr=5.00e-03, Loss=nan, AvgLoss=nan, Acc=0.23828, AvgAcc=0.21857]66it [00:32,  3.84it/s, lr=5.00e-03, Loss=nan, AvgLoss=nan, Acc=0.23828, AvgAcc=0.21857]66it [00:33,  3.84it/s, lr=5.00e-03, Loss=nan, AvgLoss=nan, Acc=0.21289, AvgAcc=0.21849]67it [00:33,  3.94it/s, lr=5.00e-03, Loss=nan, AvgLoss=nan, Acc=0.21289, AvgAcc=0.21849]67it [00:33,  3.94it/s, lr=5.00e-03, Loss=nan, AvgLoss=nan, Acc=0.23047, AvgAcc=0.21866]68it [00:33,  4.15it/s, lr=5.00e-03, Loss=nan, AvgLoss=nan, Acc=0.23047, AvgAcc=0.21866]68it [00:33,  4.15it/s, lr=5.00e-03, Loss=nan, AvgLoss=nan, Acc=0.23633, AvgAcc=0.21892]69it [00:33,  3.65it/s, lr=5.00e-03, Loss=nan, AvgLoss=nan, Acc=0.23633, AvgAcc=0.21892]69it [00:33,  3.65it/s, lr=5.00e-03, Loss=nan, AvgLoss=nan, Acc=0.21289, AvgAcc=0.21883]70it [00:33,  3.97it/s, lr=5.00e-03, Loss=nan, AvgLoss=nan, Acc=0.21289, AvgAcc=0.21883]70it [00:34,  3.97it/s, lr=5.00e-03, Loss=nan, AvgLoss=nan, Acc=0.21289, AvgAcc=0.21875]71it [00:34,  4.14it/s, lr=5.00e-03, Loss=nan, AvgLoss=nan, Acc=0.21289, AvgAcc=0.21875]71it [00:34,  4.14it/s, lr=5.00e-03, Loss=nan, AvgLoss=nan, Acc=0.23633, AvgAcc=0.21899]72it [00:34,  4.24it/s, lr=5.00e-03, Loss=nan, AvgLoss=nan, Acc=0.23633, AvgAcc=0.21899]72it [00:34,  4.24it/s, lr=5.00e-03, Loss=nan, AvgLoss=nan, Acc=0.19922, AvgAcc=0.21872]73it [00:34,  3.52it/s, lr=5.00e-03, Loss=nan, AvgLoss=nan, Acc=0.19922, AvgAcc=0.21872]73it [00:34,  3.52it/s, lr=5.00e-03, Loss=nan, AvgLoss=nan, Acc=0.24414, AvgAcc=0.21907]74it [00:34,  3.86it/s, lr=5.00e-03, Loss=nan, AvgLoss=nan, Acc=0.24414, AvgAcc=0.21907]74it [00:35,  3.86it/s, lr=5.00e-03, Loss=nan, AvgLoss=nan, Acc=0.20508, AvgAcc=0.21888]75it [00:35,  4.04it/s, lr=5.00e-03, Loss=nan, AvgLoss=nan, Acc=0.20508, AvgAcc=0.21888]75it [00:35,  4.04it/s, lr=5.00e-03, Loss=nan, AvgLoss=nan, Acc=0.21484, AvgAcc=0.21883]76it [00:35,  4.12it/s, lr=5.00e-03, Loss=nan, AvgLoss=nan, Acc=0.21484, AvgAcc=0.21883]76it [00:35,  4.12it/s, lr=5.00e-03, Loss=nan, AvgLoss=nan, Acc=0.24805, AvgAcc=0.21921]77it [00:35,  4.32it/s, lr=5.00e-03, Loss=nan, AvgLoss=nan, Acc=0.24805, AvgAcc=0.21921]77it [00:35,  4.32it/s, lr=5.00e-03, Loss=nan, AvgLoss=nan, Acc=0.25781, AvgAcc=0.21970]78it [00:35,  3.68it/s, lr=5.00e-03, Loss=nan, AvgLoss=nan, Acc=0.25781, AvgAcc=0.21970]78it [00:36,  3.68it/s, lr=5.00e-03, Loss=nan, AvgLoss=nan, Acc=0.24219, AvgAcc=0.21999]79it [00:36,  3.91it/s, lr=5.00e-03, Loss=nan, AvgLoss=nan, Acc=0.24219, AvgAcc=0.21999]79it [00:36,  3.91it/s, lr=5.00e-03, Loss=nan, AvgLoss=nan, Acc=0.22852, AvgAcc=0.22009]80it [00:36,  4.10it/s, lr=5.00e-03, Loss=nan, AvgLoss=nan, Acc=0.22852, AvgAcc=0.22009]80it [00:36,  4.10it/s, lr=5.00e-03, Loss=nan, AvgLoss=nan, Acc=0.21094, AvgAcc=0.21998]81it [00:36,  4.30it/s, lr=5.00e-03, Loss=nan, AvgLoss=nan, Acc=0.21094, AvgAcc=0.21998]81it [00:36,  4.30it/s, lr=5.00e-03, Loss=nan, AvgLoss=nan, Acc=0.20898, AvgAcc=0.21985]82it [00:36,  3.87it/s, lr=5.00e-03, Loss=nan, AvgLoss=nan, Acc=0.20898, AvgAcc=0.21985]82it [00:37,  3.87it/s, lr=5.00e-03, Loss=nan, AvgLoss=nan, Acc=0.23633, AvgAcc=0.22004]83it [00:37,  4.04it/s, lr=5.00e-03, Loss=nan, AvgLoss=nan, Acc=0.23633, AvgAcc=0.22004]83it [00:43,  4.04it/s, lr=5.00e-03, Loss=nan, AvgLoss=nan, Acc=0.24609, AvgAcc=0.22035]84it [00:43,  2.03s/it, lr=5.00e-03, Loss=nan, AvgLoss=nan, Acc=0.24609, AvgAcc=0.22035]84it [00:43,  2.03s/it, lr=5.00e-03, Loss=nan, AvgLoss=nan, Acc=0.22656, AvgAcc=0.22043]85it [00:43,  1.49s/it, lr=5.00e-03, Loss=nan, AvgLoss=nan, Acc=0.22656, AvgAcc=0.22043]85it [00:43,  1.49s/it, lr=5.00e-03, Loss=nan, AvgLoss=nan, Acc=0.21484, AvgAcc=0.22036]86it [00:43,  1.10s/it, lr=5.00e-03, Loss=nan, AvgLoss=nan, Acc=0.21484, AvgAcc=0.22036]86it [00:43,  1.10s/it, lr=5.00e-03, Loss=nan, AvgLoss=nan, Acc=0.22852, AvgAcc=0.22046]87it [00:43,  1.20it/s, lr=5.00e-03, Loss=nan, AvgLoss=nan, Acc=0.22852, AvgAcc=0.22046]87it [00:44,  1.20it/s, lr=5.00e-03, Loss=nan, AvgLoss=nan, Acc=0.20703, AvgAcc=0.22030]88it [00:44,  1.47it/s, lr=5.00e-03, Loss=nan, AvgLoss=nan, Acc=0.20703, AvgAcc=0.22030]88it [00:44,  1.47it/s, lr=5.00e-03, Loss=nan, AvgLoss=nan, Acc=0.22656, AvgAcc=0.22037]89it [00:44,  1.85it/s, lr=5.00e-03, Loss=nan, AvgLoss=nan, Acc=0.22656, AvgAcc=0.22037]89it [00:44,  1.85it/s, lr=5.00e-03, Loss=nan, AvgLoss=nan, Acc=0.21484, AvgAcc=0.22031]90it [00:44,  2.21it/s, lr=5.00e-03, Loss=nan, AvgLoss=nan, Acc=0.21484, AvgAcc=0.22031]90it [00:45,  2.21it/s, lr=5.00e-03, Loss=nan, AvgLoss=nan, Acc=0.22070, AvgAcc=0.22032]91it [00:45,  2.54it/s, lr=5.00e-03, Loss=nan, AvgLoss=nan, Acc=0.22070, AvgAcc=0.22032]91it [00:45,  2.54it/s, lr=5.00e-03, Loss=nan, AvgLoss=nan, Acc=0.22656, AvgAcc=0.22038]92it [00:45,  2.60it/s, lr=5.00e-03, Loss=nan, AvgLoss=nan, Acc=0.22656, AvgAcc=0.22038]92it [00:45,  2.60it/s, lr=5.00e-03, Loss=nan, AvgLoss=nan, Acc=0.20508, AvgAcc=0.22022]93it [00:45,  3.07it/s, lr=5.00e-03, Loss=nan, AvgLoss=nan, Acc=0.20508, AvgAcc=0.22022]93it [00:45,  3.07it/s, lr=5.00e-03, Loss=nan, AvgLoss=nan, Acc=0.20312, AvgAcc=0.22004]94it [00:45,  3.39it/s, lr=5.00e-03, Loss=nan, AvgLoss=nan, Acc=0.20312, AvgAcc=0.22004]94it [00:45,  3.39it/s, lr=5.00e-03, Loss=nan, AvgLoss=nan, Acc=0.21484, AvgAcc=0.21998]95it [00:45,  3.75it/s, lr=5.00e-03, Loss=nan, AvgLoss=nan, Acc=0.21484, AvgAcc=0.21998]95it [00:46,  3.75it/s, lr=5.00e-03, Loss=nan, AvgLoss=nan, Acc=0.23047, AvgAcc=0.22009]96it [00:46,  4.03it/s, lr=5.00e-03, Loss=nan, AvgLoss=nan, Acc=0.23047, AvgAcc=0.22009]96it [00:46,  4.03it/s, lr=5.00e-03, Loss=nan, AvgLoss=nan, Acc=0.24609, AvgAcc=0.22036]97it [00:46,  3.50it/s, lr=5.00e-03, Loss=nan, AvgLoss=nan, Acc=0.24609, AvgAcc=0.22036]97it [00:46,  3.50it/s, lr=5.00e-03, Loss=nan, AvgLoss=nan, Acc=0.24219, AvgAcc=0.22058]98it [00:46,  3.82it/s, lr=5.00e-03, Loss=nan, AvgLoss=nan, Acc=0.24219, AvgAcc=0.22058]98it [00:46,  3.82it/s, lr=5.00e-03, Loss=nan, AvgLoss=nan, Acc=0.20898, AvgAcc=0.22047]99it [00:46,  4.03it/s, lr=5.00e-03, Loss=nan, AvgLoss=nan, Acc=0.20898, AvgAcc=0.22047]99it [00:47,  4.03it/s, lr=5.00e-03, Loss=nan, AvgLoss=nan, Acc=0.20117, AvgAcc=0.22027]100it [00:47,  4.26it/s, lr=5.00e-03, Loss=nan, AvgLoss=nan, Acc=0.20117, AvgAcc=0.22027]100it [00:47,  4.26it/s, lr=5.00e-03, Loss=nan, AvgLoss=nan, Acc=0.21289, AvgAcc=0.22020]101it [00:47,  4.45it/s, lr=5.00e-03, Loss=nan, AvgLoss=nan, Acc=0.21289, AvgAcc=0.22020]101it [00:47,  4.45it/s, lr=5.00e-03, Loss=nan, AvgLoss=nan, Acc=0.17969, AvgAcc=0.21980]102it [00:47,  3.76it/s, lr=5.00e-03, Loss=nan, AvgLoss=nan, Acc=0.17969, AvgAcc=0.21980]102it [00:47,  3.76it/s, lr=5.00e-03, Loss=nan, AvgLoss=nan, Acc=0.22266, AvgAcc=0.21983]103it [00:47,  4.05it/s, lr=5.00e-03, Loss=nan, AvgLoss=nan, Acc=0.22266, AvgAcc=0.21983]103it [00:48,  4.05it/s, lr=5.00e-03, Loss=nan, AvgLoss=nan, Acc=0.21680, AvgAcc=0.21980]104it [00:48,  4.24it/s, lr=5.00e-03, Loss=nan, AvgLoss=nan, Acc=0.21680, AvgAcc=0.21980]104it [00:48,  4.24it/s, lr=5.00e-03, Loss=nan, AvgLoss=nan, Acc=0.21094, AvgAcc=0.21972]105it [00:48,  4.52it/s, lr=5.00e-03, Loss=nan, AvgLoss=nan, Acc=0.21094, AvgAcc=0.21972]105it [00:48,  4.52it/s, lr=5.00e-03, Loss=nan, AvgLoss=nan, Acc=0.23242, AvgAcc=0.21984]106it [00:48,  4.70it/s, lr=5.00e-03, Loss=nan, AvgLoss=nan, Acc=0.23242, AvgAcc=0.21984]106it [00:48,  4.70it/s, lr=5.00e-03, Loss=nan, AvgLoss=nan, Acc=0.24219, AvgAcc=0.22005]107it [00:48,  3.87it/s, lr=5.00e-03, Loss=nan, AvgLoss=nan, Acc=0.24219, AvgAcc=0.22005]107it [00:49,  3.87it/s, lr=5.00e-03, Loss=nan, AvgLoss=nan, Acc=0.24805, AvgAcc=0.22031]108it [00:49,  3.96it/s, lr=5.00e-03, Loss=nan, AvgLoss=nan, Acc=0.24805, AvgAcc=0.22031]108it [00:49,  3.96it/s, lr=5.00e-03, Loss=nan, AvgLoss=nan, Acc=0.21680, AvgAcc=0.22027]109it [00:49,  4.12it/s, lr=5.00e-03, Loss=nan, AvgLoss=nan, Acc=0.21680, AvgAcc=0.22027]109it [00:49,  4.12it/s, lr=5.00e-03, Loss=nan, AvgLoss=nan, Acc=0.24023, AvgAcc=0.22045]110it [00:49,  4.31it/s, lr=5.00e-03, Loss=nan, AvgLoss=nan, Acc=0.24023, AvgAcc=0.22045]110it [00:49,  4.31it/s, lr=5.00e-03, Loss=nan, AvgLoss=nan, Acc=0.22461, AvgAcc=0.22049]111it [00:49,  3.89it/s, lr=5.00e-03, Loss=nan, AvgLoss=nan, Acc=0.22461, AvgAcc=0.22049]111it [00:50,  3.89it/s, lr=5.00e-03, Loss=nan, AvgLoss=nan, Acc=0.21289, AvgAcc=0.22042]112it [00:50,  4.05it/s, lr=5.00e-03, Loss=nan, AvgLoss=nan, Acc=0.21289, AvgAcc=0.22042]112it [00:50,  4.05it/s, lr=5.00e-03, Loss=nan, AvgLoss=nan, Acc=0.18945, AvgAcc=0.22015]113it [00:50,  4.22it/s, lr=5.00e-03, Loss=nan, AvgLoss=nan, Acc=0.18945, AvgAcc=0.22015]113it [00:50,  4.22it/s, lr=5.00e-03, Loss=nan, AvgLoss=nan, Acc=0.20898, AvgAcc=0.22005]114it [00:50,  4.39it/s, lr=5.00e-03, Loss=nan, AvgLoss=nan, Acc=0.20898, AvgAcc=0.22005]114it [00:50,  4.39it/s, lr=5.00e-03, Loss=nan, AvgLoss=nan, Acc=0.22070, AvgAcc=0.22006]115it [00:50,  3.87it/s, lr=5.00e-03, Loss=nan, AvgLoss=nan, Acc=0.22070, AvgAcc=0.22006]115it [00:51,  3.87it/s, lr=5.00e-03, Loss=nan, AvgLoss=nan, Acc=0.23242, AvgAcc=0.22016]116it [00:51,  4.03it/s, lr=5.00e-03, Loss=nan, AvgLoss=nan, Acc=0.23242, AvgAcc=0.22016]116it [00:51,  4.03it/s, lr=5.00e-03, Loss=nan, AvgLoss=nan, Acc=0.22461, AvgAcc=0.22020]117it [00:51,  4.23it/s, lr=5.00e-03, Loss=nan, AvgLoss=nan, Acc=0.22461, AvgAcc=0.22020]117it [00:51,  4.23it/s, lr=5.00e-03, Loss=nan, AvgLoss=nan, Acc=0.23438, AvgAcc=0.22032]118it [00:51,  4.42it/s, lr=5.00e-03, Loss=nan, AvgLoss=nan, Acc=0.23438, AvgAcc=0.22032]118it [00:51,  4.42it/s, lr=5.00e-03, Loss=nan, AvgLoss=nan, Acc=0.19531, AvgAcc=0.22011]119it [00:51,  4.46it/s, lr=5.00e-03, Loss=nan, AvgLoss=nan, Acc=0.19531, AvgAcc=0.22011]119it [00:52,  4.46it/s, lr=5.00e-03, Loss=nan, AvgLoss=nan, Acc=0.24023, AvgAcc=0.22028]120it [00:52,  3.75it/s, lr=5.00e-03, Loss=nan, AvgLoss=nan, Acc=0.24023, AvgAcc=0.22028]120it [00:52,  3.75it/s, lr=5.00e-03, Loss=nan, AvgLoss=nan, Acc=0.20312, AvgAcc=0.22014]121it [00:52,  3.93it/s, lr=5.00e-03, Loss=nan, AvgLoss=nan, Acc=0.20312, AvgAcc=0.22014]121it [00:58,  3.93it/s, lr=5.00e-03, Loss=nan, AvgLoss=nan, Acc=0.24219, AvgAcc=0.22032]122it [00:58,  2.09s/it, lr=5.00e-03, Loss=nan, AvgLoss=nan, Acc=0.24219, AvgAcc=0.22032]122it [00:58,  2.09s/it, lr=5.00e-03, Loss=nan, AvgLoss=nan, Acc=0.20703, AvgAcc=0.22021]123it [00:58,  1.53s/it, lr=5.00e-03, Loss=nan, AvgLoss=nan, Acc=0.20703, AvgAcc=0.22021]123it [00:59,  1.53s/it, lr=5.00e-03, Loss=nan, AvgLoss=nan, Acc=0.17578, AvgAcc=0.21985]124it [00:59,  1.17s/it, lr=5.00e-03, Loss=nan, AvgLoss=nan, Acc=0.17578, AvgAcc=0.21985]124it [00:59,  1.17s/it, lr=5.00e-03, Loss=nan, AvgLoss=nan, Acc=0.21094, AvgAcc=0.21978]125it [00:59,  1.13it/s, lr=5.00e-03, Loss=nan, AvgLoss=nan, Acc=0.21094, AvgAcc=0.21978]125it [00:59,  1.13it/s, lr=5.00e-03, Loss=nan, AvgLoss=nan, Acc=0.22266, AvgAcc=0.21980]126it [00:59,  1.45it/s, lr=5.00e-03, Loss=nan, AvgLoss=nan, Acc=0.22266, AvgAcc=0.21980]126it [00:59,  1.45it/s, lr=5.00e-03, Loss=nan, AvgLoss=nan, Acc=0.19141, AvgAcc=0.21958]127it [00:59,  1.81it/s, lr=5.00e-03, Loss=nan, AvgLoss=nan, Acc=0.19141, AvgAcc=0.21958]127it [01:00,  1.81it/s, lr=5.00e-03, Loss=nan, AvgLoss=nan, Acc=0.21484, AvgAcc=0.21954]128it [01:00,  2.23it/s, lr=5.00e-03, Loss=nan, AvgLoss=nan, Acc=0.21484, AvgAcc=0.21954]128it [01:00,  2.23it/s, lr=5.00e-03, Loss=nan, AvgLoss=nan, Acc=0.21484, AvgAcc=0.21951]129it [01:00,  2.38it/s, lr=5.00e-03, Loss=nan, AvgLoss=nan, Acc=0.21484, AvgAcc=0.21951]129it [01:00,  2.38it/s, lr=5.00e-03, Loss=nan, AvgLoss=nan, Acc=0.15820, AvgAcc=0.21904]130it [01:00,  2.79it/s, lr=5.00e-03, Loss=nan, AvgLoss=nan, Acc=0.15820, AvgAcc=0.21904]130it [01:00,  2.79it/s, lr=5.00e-03, Loss=nan, AvgLoss=nan, Acc=0.21484, AvgAcc=0.21900]131it [01:00,  3.17it/s, lr=5.00e-03, Loss=nan, AvgLoss=nan, Acc=0.21484, AvgAcc=0.21900]131it [01:01,  3.17it/s, lr=5.00e-03, Loss=nan, AvgLoss=nan, Acc=0.23242, AvgAcc=0.21911]132it [01:01,  3.51it/s, lr=5.00e-03, Loss=nan, AvgLoss=nan, Acc=0.23242, AvgAcc=0.21911]132it [01:01,  3.51it/s, lr=5.00e-03, Loss=nan, AvgLoss=nan, Acc=0.23242, AvgAcc=0.21921]133it [01:01,  3.15it/s, lr=5.00e-03, Loss=nan, AvgLoss=nan, Acc=0.23242, AvgAcc=0.21921]133it [01:01,  3.15it/s, lr=5.00e-03, Loss=nan, AvgLoss=nan, Acc=0.21094, AvgAcc=0.21914]134it [01:01,  3.59it/s, lr=5.00e-03, Loss=nan, AvgLoss=nan, Acc=0.21094, AvgAcc=0.21914]134it [01:01,  3.59it/s, lr=5.00e-03, Loss=nan, AvgLoss=nan, Acc=0.24805, AvgAcc=0.21936]135it [01:01,  3.89it/s, lr=5.00e-03, Loss=nan, AvgLoss=nan, Acc=0.24805, AvgAcc=0.21936]135it [01:02,  3.89it/s, lr=5.00e-03, Loss=nan, AvgLoss=nan, Acc=0.23438, AvgAcc=0.21947]136it [01:02,  4.14it/s, lr=5.00e-03, Loss=nan, AvgLoss=nan, Acc=0.23438, AvgAcc=0.21947]136it [01:02,  4.14it/s, lr=5.00e-03, Loss=nan, AvgLoss=nan, Acc=0.25000, AvgAcc=0.21969]137it [01:02,  4.28it/s, lr=5.00e-03, Loss=nan, AvgLoss=nan, Acc=0.25000, AvgAcc=0.21969]137it [01:02,  4.28it/s, lr=5.00e-03, Loss=nan, AvgLoss=nan, Acc=0.20508, AvgAcc=0.21959]138it [01:02,  3.61it/s, lr=5.00e-03, Loss=nan, AvgLoss=nan, Acc=0.20508, AvgAcc=0.21959]138it [01:02,  3.61it/s, lr=5.00e-03, Loss=nan, AvgLoss=nan, Acc=0.21875, AvgAcc=0.21958]139it [01:02,  3.91it/s, lr=5.00e-03, Loss=nan, AvgLoss=nan, Acc=0.21875, AvgAcc=0.21958]139it [01:03,  3.91it/s, lr=5.00e-03, Loss=nan, AvgLoss=nan, Acc=0.24414, AvgAcc=0.21975]140it [01:03,  4.10it/s, lr=5.00e-03, Loss=nan, AvgLoss=nan, Acc=0.24414, AvgAcc=0.21975]140it [01:03,  4.10it/s, lr=5.00e-03, Loss=nan, AvgLoss=nan, Acc=0.20898, AvgAcc=0.21968]141it [01:03,  4.32it/s, lr=5.00e-03, Loss=nan, AvgLoss=nan, Acc=0.20898, AvgAcc=0.21968]141it [01:03,  4.32it/s, lr=5.00e-03, Loss=nan, AvgLoss=nan, Acc=0.21484, AvgAcc=0.21964]142it [01:03,  3.57it/s, lr=5.00e-03, Loss=nan, AvgLoss=nan, Acc=0.21484, AvgAcc=0.21964]142it [01:03,  3.57it/s, lr=5.00e-03, Loss=nan, AvgLoss=nan, Acc=0.22656, AvgAcc=0.21969]143it [01:03,  3.77it/s, lr=5.00e-03, Loss=nan, AvgLoss=nan, Acc=0.22656, AvgAcc=0.21969]143it [01:04,  3.77it/s, lr=5.00e-03, Loss=nan, AvgLoss=nan, Acc=0.23047, AvgAcc=0.21977]144it [01:04,  4.02it/s, lr=5.00e-03, Loss=nan, AvgLoss=nan, Acc=0.23047, AvgAcc=0.21977]144it [01:04,  4.02it/s, lr=5.00e-03, Loss=nan, AvgLoss=nan, Acc=0.22070, AvgAcc=0.21977]145it [01:04,  4.18it/s, lr=5.00e-03, Loss=nan, AvgLoss=nan, Acc=0.22070, AvgAcc=0.21977]145it [01:04,  4.18it/s, lr=5.00e-03, Loss=nan, AvgLoss=nan, Acc=0.20898, AvgAcc=0.21970]146it [01:04,  3.73it/s, lr=5.00e-03, Loss=nan, AvgLoss=nan, Acc=0.20898, AvgAcc=0.21970]146it [01:04,  3.73it/s, lr=5.00e-03, Loss=nan, AvgLoss=nan, Acc=0.18359, AvgAcc=0.21945]147it [01:04,  3.92it/s, lr=5.00e-03, Loss=nan, AvgLoss=nan, Acc=0.18359, AvgAcc=0.21945]147it [01:05,  3.92it/s, lr=5.00e-03, Loss=nan, AvgLoss=nan, Acc=0.20898, AvgAcc=0.21938]148it [01:05,  4.22it/s, lr=5.00e-03, Loss=nan, AvgLoss=nan, Acc=0.20898, AvgAcc=0.21938]148it [01:05,  4.22it/s, lr=5.00e-03, Loss=nan, AvgLoss=nan, Acc=0.23047, AvgAcc=0.21946]149it [01:05,  4.32it/s, lr=5.00e-03, Loss=nan, AvgLoss=nan, Acc=0.23047, AvgAcc=0.21946]149it [01:05,  4.32it/s, lr=5.00e-03, Loss=nan, AvgLoss=nan, Acc=0.24805, AvgAcc=0.21965]150it [01:05,  4.44it/s, lr=5.00e-03, Loss=nan, AvgLoss=nan, Acc=0.24805, AvgAcc=0.21965]150it [01:05,  4.44it/s, lr=5.00e-03, Loss=nan, AvgLoss=nan, Acc=0.21680, AvgAcc=0.21963]151it [01:05,  3.88it/s, lr=5.00e-03, Loss=nan, AvgLoss=nan, Acc=0.21680, AvgAcc=0.21963]151it [01:06,  3.88it/s, lr=5.00e-03, Loss=nan, AvgLoss=nan, Acc=0.20898, AvgAcc=0.21956]152it [01:06,  4.15it/s, lr=5.00e-03, Loss=nan, AvgLoss=nan, Acc=0.20898, AvgAcc=0.21956]152it [01:06,  4.15it/s, lr=5.00e-03, Loss=nan, AvgLoss=nan, Acc=0.23047, AvgAcc=0.21963]153it [01:06,  4.26it/s, lr=5.00e-03, Loss=nan, AvgLoss=nan, Acc=0.23047, AvgAcc=0.21963]153it [01:06,  4.26it/s, lr=5.00e-03, Loss=nan, AvgLoss=nan, Acc=0.21094, AvgAcc=0.21957]154it [01:06,  4.52it/s, lr=5.00e-03, Loss=nan, AvgLoss=nan, Acc=0.21094, AvgAcc=0.21957]154it [01:06,  4.52it/s, lr=5.00e-03, Loss=nan, AvgLoss=nan, Acc=0.22266, AvgAcc=0.21959]155it [01:06,  4.64it/s, lr=5.00e-03, Loss=nan, AvgLoss=nan, Acc=0.22266, AvgAcc=0.21959]155it [01:07,  4.64it/s, lr=5.00e-03, Loss=nan, AvgLoss=nan, Acc=0.22266, AvgAcc=0.21961]156it [01:07,  3.77it/s, lr=5.00e-03, Loss=nan, AvgLoss=nan, Acc=0.22266, AvgAcc=0.21961]156it [01:07,  3.77it/s, lr=5.00e-03, Loss=nan, AvgLoss=nan, Acc=0.21875, AvgAcc=0.21961]157it [01:07,  3.87it/s, lr=5.00e-03, Loss=nan, AvgLoss=nan, Acc=0.21875, AvgAcc=0.21961]157it [01:07,  3.87it/s, lr=5.00e-03, Loss=nan, AvgLoss=nan, Acc=0.21094, AvgAcc=0.21955]158it [01:07,  4.17it/s, lr=5.00e-03, Loss=nan, AvgLoss=nan, Acc=0.21094, AvgAcc=0.21955]158it [01:07,  4.17it/s, lr=5.00e-03, Loss=nan, AvgLoss=nan, Acc=0.21875, AvgAcc=0.21955]159it [01:07,  4.34it/s, lr=5.00e-03, Loss=nan, AvgLoss=nan, Acc=0.21875, AvgAcc=0.21955]159it [01:07,  4.34it/s, lr=5.00e-03, Loss=nan, AvgLoss=nan, Acc=0.20898, AvgAcc=0.21948]160it [01:07,  4.44it/s, lr=5.00e-03, Loss=nan, AvgLoss=nan, Acc=0.20898, AvgAcc=0.21948]160it [01:14,  4.44it/s, lr=5.00e-03, Loss=nan, AvgLoss=nan, Acc=0.23438, AvgAcc=0.21957]161it [01:14,  2.07s/it, lr=5.00e-03, Loss=nan, AvgLoss=nan, Acc=0.23438, AvgAcc=0.21957]161it [01:14,  2.07s/it, lr=5.00e-03, Loss=nan, AvgLoss=nan, Acc=0.22656, AvgAcc=0.21962]162it [01:14,  1.51s/it, lr=5.00e-03, Loss=nan, AvgLoss=nan, Acc=0.22656, AvgAcc=0.21962]162it [01:14,  1.51s/it, lr=5.00e-03, Loss=nan, AvgLoss=nan, Acc=0.20117, AvgAcc=0.21950]163it [01:14,  1.12s/it, lr=5.00e-03, Loss=nan, AvgLoss=nan, Acc=0.20117, AvgAcc=0.21950]163it [01:14,  1.12s/it, lr=5.00e-03, Loss=nan, AvgLoss=nan, Acc=0.23828, AvgAcc=0.21962]164it [01:14,  1.18it/s, lr=5.00e-03, Loss=nan, AvgLoss=nan, Acc=0.23828, AvgAcc=0.21962]164it [01:15,  1.18it/s, lr=5.00e-03, Loss=nan, AvgLoss=nan, Acc=0.21875, AvgAcc=0.21961]165it [01:15,  1.44it/s, lr=5.00e-03, Loss=nan, AvgLoss=nan, Acc=0.21875, AvgAcc=0.21961]165it [01:15,  1.44it/s, lr=5.00e-03, Loss=nan, AvgLoss=nan, Acc=0.21484, AvgAcc=0.21959]166it [01:15,  1.83it/s, lr=5.00e-03, Loss=nan, AvgLoss=nan, Acc=0.21484, AvgAcc=0.21959]166it [01:15,  1.83it/s, lr=5.00e-03, Loss=nan, AvgLoss=nan, Acc=0.21875, AvgAcc=0.21958]167it [01:15,  2.24it/s, lr=5.00e-03, Loss=nan, AvgLoss=nan, Acc=0.21875, AvgAcc=0.21958]167it [01:15,  2.24it/s, lr=5.00e-03, Loss=nan, AvgLoss=nan, Acc=0.25195, AvgAcc=0.21977]168it [01:15,  2.66it/s, lr=5.00e-03, Loss=nan, AvgLoss=nan, Acc=0.25195, AvgAcc=0.21977]168it [01:16,  2.66it/s, lr=5.00e-03, Loss=nan, AvgLoss=nan, Acc=0.18945, AvgAcc=0.21959]169it [01:16,  3.00it/s, lr=5.00e-03, Loss=nan, AvgLoss=nan, Acc=0.18945, AvgAcc=0.21959]169it [01:16,  3.00it/s, lr=5.00e-03, Loss=nan, AvgLoss=nan, Acc=0.25195, AvgAcc=0.21978]170it [01:16,  2.89it/s, lr=5.00e-03, Loss=nan, AvgLoss=nan, Acc=0.25195, AvgAcc=0.21978]170it [01:16,  2.89it/s, lr=5.00e-03, Loss=nan, AvgLoss=nan, Acc=0.23242, AvgAcc=0.21986]171it [01:16,  3.28it/s, lr=5.00e-03, Loss=nan, AvgLoss=nan, Acc=0.23242, AvgAcc=0.21986]171it [01:16,  3.28it/s, lr=5.00e-03, Loss=nan, AvgLoss=nan, Acc=0.22461, AvgAcc=0.21989]172it [01:16,  3.67it/s, lr=5.00e-03, Loss=nan, AvgLoss=nan, Acc=0.22461, AvgAcc=0.21989]172it [01:17,  3.67it/s, lr=5.00e-03, Loss=nan, AvgLoss=nan, Acc=0.23438, AvgAcc=0.21997]173it [01:17,  3.94it/s, lr=5.00e-03, Loss=nan, AvgLoss=nan, Acc=0.23438, AvgAcc=0.21997]173it [01:17,  3.94it/s, lr=5.00e-03, Loss=nan, AvgLoss=nan, Acc=0.21484, AvgAcc=0.21994]174it [01:17,  3.53it/s, lr=5.00e-03, Loss=nan, AvgLoss=nan, Acc=0.21484, AvgAcc=0.21994]174it [01:17,  3.53it/s, lr=5.00e-03, Loss=nan, AvgLoss=nan, Acc=0.22656, AvgAcc=0.21998]175it [01:17,  3.88it/s, lr=5.00e-03, Loss=nan, AvgLoss=nan, Acc=0.22656, AvgAcc=0.21998]175it [01:17,  3.88it/s, lr=5.00e-03, Loss=nan, AvgLoss=nan, Acc=0.25586, AvgAcc=0.22018]176it [01:17,  4.16it/s, lr=5.00e-03, Loss=nan, AvgLoss=nan, Acc=0.25586, AvgAcc=0.22018]176it [01:18,  4.16it/s, lr=5.00e-03, Loss=nan, AvgLoss=nan, Acc=0.24219, AvgAcc=0.22031]177it [01:18,  4.33it/s, lr=5.00e-03, Loss=nan, AvgLoss=nan, Acc=0.24219, AvgAcc=0.22031]177it [01:18,  4.33it/s, lr=5.00e-03, Loss=nan, AvgLoss=nan, Acc=0.24805, AvgAcc=0.22046]178it [01:18,  4.40it/s, lr=5.00e-03, Loss=nan, AvgLoss=nan, Acc=0.24805, AvgAcc=0.22046]178it [01:18,  4.40it/s, lr=5.00e-03, Loss=nan, AvgLoss=nan, Acc=0.22656, AvgAcc=0.22050]179it [01:18,  3.82it/s, lr=5.00e-03, Loss=nan, AvgLoss=nan, Acc=0.22656, AvgAcc=0.22050]179it [01:18,  3.82it/s, lr=5.00e-03, Loss=nan, AvgLoss=nan, Acc=0.20117, AvgAcc=0.22039]180it [01:18,  4.12it/s, lr=5.00e-03, Loss=nan, AvgLoss=nan, Acc=0.20117, AvgAcc=0.22039]180it [01:19,  4.12it/s, lr=5.00e-03, Loss=nan, AvgLoss=nan, Acc=0.19531, AvgAcc=0.22025]181it [01:19,  4.27it/s, lr=5.00e-03, Loss=nan, AvgLoss=nan, Acc=0.19531, AvgAcc=0.22025]181it [01:19,  4.27it/s, lr=5.00e-03, Loss=nan, AvgLoss=nan, Acc=0.21484, AvgAcc=0.22022]182it [01:19,  4.28it/s, lr=5.00e-03, Loss=nan, AvgLoss=nan, Acc=0.21484, AvgAcc=0.22022]182it [01:19,  4.28it/s, lr=5.00e-03, Loss=nan, AvgLoss=nan, Acc=0.22656, AvgAcc=0.22025]183it [01:19,  4.39it/s, lr=5.00e-03, Loss=nan, AvgLoss=nan, Acc=0.22656, AvgAcc=0.22025]183it [01:19,  4.39it/s, lr=5.00e-03, Loss=nan, AvgLoss=nan, Acc=0.20312, AvgAcc=0.22016]184it [01:19,  3.97it/s, lr=5.00e-03, Loss=nan, AvgLoss=nan, Acc=0.20312, AvgAcc=0.22016]184it [01:20,  3.97it/s, lr=5.00e-03, Loss=nan, AvgLoss=nan, Acc=0.22656, AvgAcc=0.22020]185it [01:20,  4.06it/s, lr=5.00e-03, Loss=nan, AvgLoss=nan, Acc=0.22656, AvgAcc=0.22020]185it [01:20,  4.06it/s, lr=5.00e-03, Loss=nan, AvgLoss=nan, Acc=0.21289, AvgAcc=0.22016]186it [01:20,  4.21it/s, lr=5.00e-03, Loss=nan, AvgLoss=nan, Acc=0.21289, AvgAcc=0.22016]186it [01:20,  4.21it/s, lr=5.00e-03, Loss=nan, AvgLoss=nan, Acc=0.20312, AvgAcc=0.22007]187it [01:20,  4.33it/s, lr=5.00e-03, Loss=nan, AvgLoss=nan, Acc=0.20312, AvgAcc=0.22007]187it [01:20,  4.33it/s, lr=5.00e-03, Loss=nan, AvgLoss=nan, Acc=0.19531, AvgAcc=0.21993]188it [01:20,  4.40it/s, lr=5.00e-03, Loss=nan, AvgLoss=nan, Acc=0.19531, AvgAcc=0.21993]188it [01:21,  4.40it/s, lr=5.00e-03, Loss=nan, AvgLoss=nan, Acc=0.24805, AvgAcc=0.22008]189it [01:21,  3.83it/s, lr=5.00e-03, Loss=nan, AvgLoss=nan, Acc=0.24805, AvgAcc=0.22008]189it [01:21,  3.83it/s, lr=5.00e-03, Loss=nan, AvgLoss=nan, Acc=0.24023, AvgAcc=0.22019]190it [01:21,  4.07it/s, lr=5.00e-03, Loss=nan, AvgLoss=nan, Acc=0.24023, AvgAcc=0.22019]190it [01:21,  4.07it/s, lr=5.00e-03, Loss=nan, AvgLoss=nan, Acc=0.22070, AvgAcc=0.22019]191it [01:21,  4.31it/s, lr=5.00e-03, Loss=nan, AvgLoss=nan, Acc=0.22070, AvgAcc=0.22019]191it [01:21,  4.31it/s, lr=5.00e-03, Loss=nan, AvgLoss=nan, Acc=0.23438, AvgAcc=0.22027]192it [01:21,  4.33it/s, lr=5.00e-03, Loss=nan, AvgLoss=nan, Acc=0.23438, AvgAcc=0.22027]192it [01:22,  4.33it/s, lr=5.00e-03, Loss=nan, AvgLoss=nan, Acc=0.19531, AvgAcc=0.22014]193it [01:22,  3.72it/s, lr=5.00e-03, Loss=nan, AvgLoss=nan, Acc=0.19531, AvgAcc=0.22014]193it [01:22,  3.72it/s, lr=5.00e-03, Loss=nan, AvgLoss=nan, Acc=0.23047, AvgAcc=0.22019]194it [01:22,  4.00it/s, lr=5.00e-03, Loss=nan, AvgLoss=nan, Acc=0.23047, AvgAcc=0.22019]194it [01:22,  4.00it/s, lr=5.00e-03, Loss=nan, AvgLoss=nan, Acc=0.22852, AvgAcc=0.22023]195it [01:22,  4.25it/s, lr=5.00e-03, Loss=nan, AvgLoss=nan, Acc=0.22852, AvgAcc=0.22023]195it [01:22,  4.25it/s, lr=5.00e-03, Loss=nan, AvgLoss=nan, Acc=0.21875, AvgAcc=0.22022]196it [01:22,  4.46it/s, lr=5.00e-03, Loss=nan, AvgLoss=nan, Acc=0.21875, AvgAcc=0.22022]196it [01:22,  4.46it/s, lr=5.00e-03, Loss=nan, AvgLoss=nan, Acc=0.23828, AvgAcc=0.22032]197it [01:22,  4.49it/s, lr=5.00e-03, Loss=nan, AvgLoss=nan, Acc=0.23828, AvgAcc=0.22032]197it [01:29,  4.49it/s, lr=5.00e-03, Loss=nan, AvgLoss=nan, Acc=0.20312, AvgAcc=0.22023]198it [01:29,  2.16s/it, lr=5.00e-03, Loss=nan, AvgLoss=nan, Acc=0.20312, AvgAcc=0.22023]198it [01:29,  2.16s/it, lr=5.00e-03, Loss=nan, AvgLoss=nan, Acc=0.23633, AvgAcc=0.22031]199it [01:29,  1.57s/it, lr=5.00e-03, Loss=nan, AvgLoss=nan, Acc=0.23633, AvgAcc=0.22031]199it [01:29,  1.57s/it, lr=5.00e-03, Loss=nan, AvgLoss=nan, Acc=0.21680, AvgAcc=0.22029]200it [01:29,  1.16s/it, lr=5.00e-03, Loss=nan, AvgLoss=nan, Acc=0.21680, AvgAcc=0.22029]200it [01:30,  1.16s/it, lr=5.00e-03, Loss=nan, AvgLoss=nan, Acc=0.23242, AvgAcc=0.22035]201it [01:30,  1.14it/s, lr=5.00e-03, Loss=nan, AvgLoss=nan, Acc=0.23242, AvgAcc=0.22035]201it [01:30,  1.14it/s, lr=5.00e-03, Loss=nan, AvgLoss=nan, Acc=0.19531, AvgAcc=0.22023]202it [01:30,  1.38it/s, lr=5.00e-03, Loss=nan, AvgLoss=nan, Acc=0.19531, AvgAcc=0.22023]202it [01:30,  1.38it/s, lr=5.00e-03, Loss=nan, AvgLoss=nan, Acc=0.22852, AvgAcc=0.22027]203it [01:30,  1.76it/s, lr=5.00e-03, Loss=nan, AvgLoss=nan, Acc=0.22852, AvgAcc=0.22027]203it [01:30,  1.76it/s, lr=5.00e-03, Loss=nan, AvgLoss=nan, Acc=0.21484, AvgAcc=0.22024]204it [01:30,  2.15it/s, lr=5.00e-03, Loss=nan, AvgLoss=nan, Acc=0.21484, AvgAcc=0.22024]204it [01:31,  2.15it/s, lr=5.00e-03, Loss=nan, AvgLoss=nan, Acc=0.22070, AvgAcc=0.22025]205it [01:31,  2.58it/s, lr=5.00e-03, Loss=nan, AvgLoss=nan, Acc=0.22070, AvgAcc=0.22025]205it [01:31,  2.58it/s, lr=5.00e-03, Loss=nan, AvgLoss=nan, Acc=0.25391, AvgAcc=0.22041]206it [01:31,  2.65it/s, lr=5.00e-03, Loss=nan, AvgLoss=nan, Acc=0.25391, AvgAcc=0.22041]206it [01:31,  2.65it/s, lr=5.00e-03, Loss=nan, AvgLoss=nan, Acc=0.24219, AvgAcc=0.22051]207it [01:31,  3.04it/s, lr=5.00e-03, Loss=nan, AvgLoss=nan, Acc=0.24219, AvgAcc=0.22051]207it [01:31,  3.04it/s, lr=5.00e-03, Loss=nan, AvgLoss=nan, Acc=0.21094, AvgAcc=0.22047]208it [01:31,  3.43it/s, lr=5.00e-03, Loss=nan, AvgLoss=nan, Acc=0.21094, AvgAcc=0.22047]208it [01:32,  3.43it/s, lr=5.00e-03, Loss=nan, AvgLoss=nan, Acc=0.24805, AvgAcc=0.22060]209it [01:32,  3.72it/s, lr=5.00e-03, Loss=nan, AvgLoss=nan, Acc=0.24805, AvgAcc=0.22060]209it [01:32,  3.72it/s, lr=5.00e-03, Loss=nan, AvgLoss=nan, Acc=0.19727, AvgAcc=0.22049]210it [01:32,  3.37it/s, lr=5.00e-03, Loss=nan, AvgLoss=nan, Acc=0.19727, AvgAcc=0.22049]210it [01:32,  3.37it/s, lr=5.00e-03, Loss=nan, AvgLoss=nan, Acc=0.21094, AvgAcc=0.22044]211it [01:32,  3.65it/s, lr=5.00e-03, Loss=nan, AvgLoss=nan, Acc=0.21094, AvgAcc=0.22044]211it [01:32,  3.65it/s, lr=5.00e-03, Loss=nan, AvgLoss=nan, Acc=0.20508, AvgAcc=0.22037]212it [01:32,  3.88it/s, lr=5.00e-03, Loss=nan, AvgLoss=nan, Acc=0.20508, AvgAcc=0.22037]212it [01:33,  3.88it/s, lr=5.00e-03, Loss=nan, AvgLoss=nan, Acc=0.23828, AvgAcc=0.22046]213it [01:33,  4.15it/s, lr=5.00e-03, Loss=nan, AvgLoss=nan, Acc=0.23828, AvgAcc=0.22046]213it [01:33,  4.15it/s, lr=5.00e-03, Loss=nan, AvgLoss=nan, Acc=0.22461, AvgAcc=0.22047]214it [01:33,  4.36it/s, lr=5.00e-03, Loss=nan, AvgLoss=nan, Acc=0.22461, AvgAcc=0.22047]214it [01:33,  4.36it/s, lr=5.00e-03, Loss=nan, AvgLoss=nan, Acc=0.16992, AvgAcc=0.22024]215it [01:33,  3.68it/s, lr=5.00e-03, Loss=nan, AvgLoss=nan, Acc=0.16992, AvgAcc=0.22024]215it [01:33,  3.68it/s, lr=5.00e-03, Loss=nan, AvgLoss=nan, Acc=0.25977, AvgAcc=0.22042]216it [01:33,  3.90it/s, lr=5.00e-03, Loss=nan, AvgLoss=nan, Acc=0.25977, AvgAcc=0.22042]216it [01:34,  3.90it/s, lr=5.00e-03, Loss=nan, AvgLoss=nan, Acc=0.22852, AvgAcc=0.22046]217it [01:34,  3.97it/s, lr=5.00e-03, Loss=nan, AvgLoss=nan, Acc=0.22852, AvgAcc=0.22046]217it [01:34,  3.97it/s, lr=5.00e-03, Loss=nan, AvgLoss=nan, Acc=0.20312, AvgAcc=0.22038]218it [01:34,  4.16it/s, lr=5.00e-03, Loss=nan, AvgLoss=nan, Acc=0.20312, AvgAcc=0.22038]218it [01:34,  4.16it/s, lr=5.00e-03, Loss=nan, AvgLoss=nan, Acc=0.22070, AvgAcc=0.22038]219it [01:34,  3.79it/s, lr=5.00e-03, Loss=nan, AvgLoss=nan, Acc=0.22070, AvgAcc=0.22038]219it [01:34,  3.79it/s, lr=5.00e-03, Loss=nan, AvgLoss=nan, Acc=0.19531, AvgAcc=0.22027]220it [01:34,  4.11it/s, lr=5.00e-03, Loss=nan, AvgLoss=nan, Acc=0.19531, AvgAcc=0.22027]220it [01:35,  4.11it/s, lr=5.00e-03, Loss=nan, AvgLoss=nan, Acc=0.21875, AvgAcc=0.22026]221it [01:35,  4.38it/s, lr=5.00e-03, Loss=nan, AvgLoss=nan, Acc=0.21875, AvgAcc=0.22026]221it [01:35,  4.38it/s, lr=5.00e-03, Loss=nan, AvgLoss=nan, Acc=0.25195, AvgAcc=0.22040]222it [01:35,  4.49it/s, lr=5.00e-03, Loss=nan, AvgLoss=nan, Acc=0.25195, AvgAcc=0.22040]222it [01:35,  4.49it/s, lr=5.00e-03, Loss=nan, AvgLoss=nan, Acc=0.25586, AvgAcc=0.22056]223it [01:35,  4.45it/s, lr=5.00e-03, Loss=nan, AvgLoss=nan, Acc=0.25586, AvgAcc=0.22056]223it [01:35,  4.45it/s, lr=5.00e-03, Loss=nan, AvgLoss=nan, Acc=0.19336, AvgAcc=0.22044]224it [01:35,  3.91it/s, lr=5.00e-03, Loss=nan, AvgLoss=nan, Acc=0.19336, AvgAcc=0.22044]224it [01:36,  3.91it/s, lr=5.00e-03, Loss=nan, AvgLoss=nan, Acc=0.24609, AvgAcc=0.22056]225it [01:36,  4.18it/s, lr=5.00e-03, Loss=nan, AvgLoss=nan, Acc=0.24609, AvgAcc=0.22056]225it [01:36,  4.18it/s, lr=5.00e-03, Loss=nan, AvgLoss=nan, Acc=0.21484, AvgAcc=0.22053]226it [01:36,  4.26it/s, lr=5.00e-03, Loss=nan, AvgLoss=nan, Acc=0.21484, AvgAcc=0.22053]226it [01:36,  4.26it/s, lr=5.00e-03, Loss=nan, AvgLoss=nan, Acc=0.19336, AvgAcc=0.22041]227it [01:36,  4.44it/s, lr=5.00e-03, Loss=nan, AvgLoss=nan, Acc=0.19336, AvgAcc=0.22041]227it [01:36,  4.44it/s, lr=5.00e-03, Loss=nan, AvgLoss=nan, Acc=0.17578, AvgAcc=0.22021]228it [01:36,  3.94it/s, lr=5.00e-03, Loss=nan, AvgLoss=nan, Acc=0.17578, AvgAcc=0.22021]228it [01:37,  3.94it/s, lr=5.00e-03, Loss=nan, AvgLoss=nan, Acc=0.21289, AvgAcc=0.22018]229it [01:37,  3.96it/s, lr=5.00e-03, Loss=nan, AvgLoss=nan, Acc=0.21289, AvgAcc=0.22018]229it [01:37,  3.96it/s, lr=5.00e-03, Loss=nan, AvgLoss=nan, Acc=0.22656, AvgAcc=0.22021]230it [01:37,  4.20it/s, lr=5.00e-03, Loss=nan, AvgLoss=nan, Acc=0.22656, AvgAcc=0.22021]230it [01:37,  4.20it/s, lr=5.00e-03, Loss=nan, AvgLoss=nan, Acc=0.23828, AvgAcc=0.22029]231it [01:37,  4.39it/s, lr=5.00e-03, Loss=nan, AvgLoss=nan, Acc=0.23828, AvgAcc=0.22029]231it [01:37,  4.39it/s, lr=5.00e-03, Loss=nan, AvgLoss=nan, Acc=0.22070, AvgAcc=0.22029]232it [01:37,  4.45it/s, lr=5.00e-03, Loss=nan, AvgLoss=nan, Acc=0.22070, AvgAcc=0.22029]232it [01:38,  4.45it/s, lr=5.00e-03, Loss=nan, AvgLoss=nan, Acc=0.22266, AvgAcc=0.22030]233it [01:38,  3.83it/s, lr=5.00e-03, Loss=nan, AvgLoss=nan, Acc=0.22266, AvgAcc=0.22030]233it [01:38,  3.83it/s, lr=5.00e-03, Loss=nan, AvgLoss=nan, Acc=0.22852, AvgAcc=0.22034]234it [01:38,  4.01it/s, lr=5.00e-03, Loss=nan, AvgLoss=nan, Acc=0.22852, AvgAcc=0.22034]234it [01:38,  4.01it/s, lr=5.00e-03, Loss=nan, AvgLoss=nan, Acc=0.24023, AvgAcc=0.22042]235it [01:38,  4.25it/s, lr=5.00e-03, Loss=nan, AvgLoss=nan, Acc=0.24023, AvgAcc=0.22042]235it [01:44,  4.25it/s, lr=5.00e-03, Loss=nan, AvgLoss=nan, Acc=0.17383, AvgAcc=0.22022]236it [01:44,  2.08s/it, lr=5.00e-03, Loss=nan, AvgLoss=nan, Acc=0.17383, AvgAcc=0.22022]236it [01:45,  2.08s/it, lr=5.00e-03, Loss=nan, AvgLoss=nan, Acc=0.19727, AvgAcc=0.22013]237it [01:45,  1.57s/it, lr=5.00e-03, Loss=nan, AvgLoss=nan, Acc=0.19727, AvgAcc=0.22013]237it [01:45,  1.57s/it, lr=5.00e-03, Loss=nan, AvgLoss=nan, Acc=0.21875, AvgAcc=0.22012]238it [01:45,  1.16s/it, lr=5.00e-03, Loss=nan, AvgLoss=nan, Acc=0.21875, AvgAcc=0.22012]238it [01:45,  1.16s/it, lr=5.00e-03, Loss=nan, AvgLoss=nan, Acc=0.23242, AvgAcc=0.22017]239it [01:45,  1.14it/s, lr=5.00e-03, Loss=nan, AvgLoss=nan, Acc=0.23242, AvgAcc=0.22017]239it [01:45,  1.14it/s, lr=5.00e-03, Loss=nan, AvgLoss=nan, Acc=0.22656, AvgAcc=0.22020]240it [01:45,  1.49it/s, lr=5.00e-03, Loss=nan, AvgLoss=nan, Acc=0.22656, AvgAcc=0.22020]240it [01:46,  1.49it/s, lr=5.00e-03, Loss=nan, AvgLoss=nan, Acc=0.21680, AvgAcc=0.22018]241it [01:46,  1.88it/s, lr=5.00e-03, Loss=nan, AvgLoss=nan, Acc=0.21680, AvgAcc=0.22018]241it [01:46,  1.88it/s, lr=5.00e-03, Loss=nan, AvgLoss=nan, Acc=0.20898, AvgAcc=0.22014]242it [01:46,  2.12it/s, lr=5.00e-03, Loss=nan, AvgLoss=nan, Acc=0.20898, AvgAcc=0.22014]242it [01:46,  2.12it/s, lr=5.00e-03, Loss=nan, AvgLoss=nan, Acc=0.26172, AvgAcc=0.22031]243it [01:46,  2.53it/s, lr=5.00e-03, Loss=nan, AvgLoss=nan, Acc=0.26172, AvgAcc=0.22031]243it [01:46,  2.53it/s, lr=5.00e-03, Loss=nan, AvgLoss=nan, Acc=0.20508, AvgAcc=0.22025]244it [01:46,  2.99it/s, lr=5.00e-03, Loss=nan, AvgLoss=nan, Acc=0.20508, AvgAcc=0.22025]244it [01:47,  2.99it/s, lr=5.00e-03, Loss=nan, AvgLoss=nan, Acc=0.21094, AvgAcc=0.22021]245it [01:47,  3.33it/s, lr=5.00e-03, Loss=nan, AvgLoss=nan, Acc=0.21094, AvgAcc=0.22021]245it [01:47,  3.33it/s, lr=5.00e-03, Loss=nan, AvgLoss=nan, Acc=0.23242, AvgAcc=0.22026]246it [01:47,  3.57it/s, lr=5.00e-03, Loss=nan, AvgLoss=nan, Acc=0.23242, AvgAcc=0.22026]246it [01:47,  3.57it/s, lr=5.00e-03, Loss=nan, AvgLoss=nan, Acc=0.18945, AvgAcc=0.22013]247it [01:47,  3.39it/s, lr=5.00e-03, Loss=nan, AvgLoss=nan, Acc=0.18945, AvgAcc=0.22013]247it [01:47,  3.39it/s, lr=5.00e-03, Loss=nan, AvgLoss=nan, Acc=0.23047, AvgAcc=0.22018]248it [01:47,  3.78it/s, lr=5.00e-03, Loss=nan, AvgLoss=nan, Acc=0.23047, AvgAcc=0.22018]248it [01:47,  3.78it/s, lr=5.00e-03, Loss=nan, AvgLoss=nan, Acc=0.22656, AvgAcc=0.22020]249it [01:47,  4.12it/s, lr=5.00e-03, Loss=nan, AvgLoss=nan, Acc=0.22656, AvgAcc=0.22020]249it [01:48,  4.12it/s, lr=5.00e-03, Loss=nan, AvgLoss=nan, Acc=0.21094, AvgAcc=0.22016]250it [01:48,  4.29it/s, lr=5.00e-03, Loss=nan, AvgLoss=nan, Acc=0.21094, AvgAcc=0.22016]250it [01:48,  4.29it/s, lr=5.00e-03, Loss=nan, AvgLoss=nan, Acc=0.22266, AvgAcc=0.22017]251it [01:48,  4.41it/s, lr=5.00e-03, Loss=nan, AvgLoss=nan, Acc=0.22266, AvgAcc=0.22017]251it [01:48,  4.41it/s, lr=5.00e-03, Loss=nan, AvgLoss=nan, Acc=0.19922, AvgAcc=0.22009]252it [01:48,  3.74it/s, lr=5.00e-03, Loss=nan, AvgLoss=nan, Acc=0.19922, AvgAcc=0.22009]252it [01:48,  3.74it/s, lr=5.00e-03, Loss=nan, AvgLoss=nan, Acc=0.24414, AvgAcc=0.22019]253it [01:48,  3.99it/s, lr=5.00e-03, Loss=nan, AvgLoss=nan, Acc=0.24414, AvgAcc=0.22019]253it [01:49,  3.99it/s, lr=5.00e-03, Loss=nan, AvgLoss=nan, Acc=0.21289, AvgAcc=0.22016]254it [01:49,  4.09it/s, lr=5.00e-03, Loss=nan, AvgLoss=nan, Acc=0.21289, AvgAcc=0.22016]254it [01:49,  4.09it/s, lr=5.00e-03, Loss=nan, AvgLoss=nan, Acc=0.20703, AvgAcc=0.22011]255it [01:49,  4.29it/s, lr=5.00e-03, Loss=nan, AvgLoss=nan, Acc=0.20703, AvgAcc=0.22011]255it [01:49,  4.29it/s, lr=5.00e-03, Loss=nan, AvgLoss=nan, Acc=0.23438, AvgAcc=0.22016]256it [01:49,  3.51it/s, lr=5.00e-03, Loss=nan, AvgLoss=nan, Acc=0.23438, AvgAcc=0.22016]256it [01:50,  3.51it/s, lr=5.00e-03, Loss=nan, AvgLoss=nan, Acc=0.24023, AvgAcc=0.22024]257it [01:50,  3.85it/s, lr=5.00e-03, Loss=nan, AvgLoss=nan, Acc=0.24023, AvgAcc=0.22024]257it [01:50,  3.85it/s, lr=5.00e-03, Loss=nan, AvgLoss=nan, Acc=0.24023, AvgAcc=0.22032]258it [01:50,  4.09it/s, lr=5.00e-03, Loss=nan, AvgLoss=nan, Acc=0.24023, AvgAcc=0.22032]258it [01:50,  4.09it/s, lr=5.00e-03, Loss=nan, AvgLoss=nan, Acc=0.23438, AvgAcc=0.22037]259it [01:50,  4.22it/s, lr=5.00e-03, Loss=nan, AvgLoss=nan, Acc=0.23438, AvgAcc=0.22037]259it [01:50,  4.22it/s, lr=5.00e-03, Loss=nan, AvgLoss=nan, Acc=0.26367, AvgAcc=0.22054]260it [01:50,  3.65it/s, lr=5.00e-03, Loss=nan, AvgLoss=nan, Acc=0.26367, AvgAcc=0.22054]260it [01:51,  3.65it/s, lr=5.00e-03, Loss=nan, AvgLoss=nan, Acc=0.24219, AvgAcc=0.22062]261it [01:51,  3.86it/s, lr=5.00e-03, Loss=nan, AvgLoss=nan, Acc=0.24219, AvgAcc=0.22062]261it [01:51,  3.86it/s, lr=5.00e-03, Loss=nan, AvgLoss=nan, Acc=0.21680, AvgAcc=0.22061]262it [01:51,  4.09it/s, lr=5.00e-03, Loss=nan, AvgLoss=nan, Acc=0.21680, AvgAcc=0.22061]262it [01:51,  4.09it/s, lr=5.00e-03, Loss=nan, AvgLoss=nan, Acc=0.20898, AvgAcc=0.22056]263it [01:51,  4.26it/s, lr=5.00e-03, Loss=nan, AvgLoss=nan, Acc=0.20898, AvgAcc=0.22056]263it [01:51,  4.26it/s, lr=5.00e-03, Loss=nan, AvgLoss=nan, Acc=0.22852, AvgAcc=0.22059]264it [01:51,  3.74it/s, lr=5.00e-03, Loss=nan, AvgLoss=nan, Acc=0.22852, AvgAcc=0.22059]264it [01:52,  3.74it/s, lr=5.00e-03, Loss=nan, AvgLoss=nan, Acc=0.23047, AvgAcc=0.22063]265it [01:52,  3.96it/s, lr=5.00e-03, Loss=nan, AvgLoss=nan, Acc=0.23047, AvgAcc=0.22063]265it [01:52,  3.96it/s, lr=5.00e-03, Loss=nan, AvgLoss=nan, Acc=0.22070, AvgAcc=0.22063]266it [01:52,  4.13it/s, lr=5.00e-03, Loss=nan, AvgLoss=nan, Acc=0.22070, AvgAcc=0.22063]266it [01:52,  4.13it/s, lr=5.00e-03, Loss=nan, AvgLoss=nan, Acc=0.22266, AvgAcc=0.22064]267it [01:52,  4.27it/s, lr=5.00e-03, Loss=nan, AvgLoss=nan, Acc=0.22266, AvgAcc=0.22064]267it [01:52,  4.27it/s, lr=5.00e-03, Loss=nan, AvgLoss=nan, Acc=0.23242, AvgAcc=0.22068]268it [01:52,  4.44it/s, lr=5.00e-03, Loss=nan, AvgLoss=nan, Acc=0.23242, AvgAcc=0.22068]268it [01:52,  4.44it/s, lr=5.00e-03, Loss=nan, AvgLoss=nan, Acc=0.21484, AvgAcc=0.22066]269it [01:52,  4.62it/s, lr=5.00e-03, Loss=nan, AvgLoss=nan, Acc=0.21484, AvgAcc=0.22066]269it [01:53,  4.62it/s, lr=5.00e-03, Loss=nan, AvgLoss=nan, Acc=0.22070, AvgAcc=0.22066]270it [01:53,  3.74it/s, lr=5.00e-03, Loss=nan, AvgLoss=nan, Acc=0.22070, AvgAcc=0.22066]270it [01:53,  3.74it/s, lr=5.00e-03, Loss=nan, AvgLoss=nan, Acc=0.24023, AvgAcc=0.22073]271it [01:53,  4.05it/s, lr=5.00e-03, Loss=nan, AvgLoss=nan, Acc=0.24023, AvgAcc=0.22073]271it [01:53,  4.05it/s, lr=5.00e-03, Loss=nan, AvgLoss=nan, Acc=0.19727, AvgAcc=0.22065]272it [01:53,  4.21it/s, lr=5.00e-03, Loss=nan, AvgLoss=nan, Acc=0.19727, AvgAcc=0.22065]272it [01:53,  4.21it/s, lr=5.00e-03, Loss=nan, AvgLoss=nan, Acc=0.19727, AvgAcc=0.22056]273it [01:53,  4.44it/s, lr=5.00e-03, Loss=nan, AvgLoss=nan, Acc=0.19727, AvgAcc=0.22056]273it [02:00,  4.44it/s, lr=5.00e-03, Loss=nan, AvgLoss=nan, Acc=0.21484, AvgAcc=0.22054]274it [02:00,  2.10s/it, lr=5.00e-03, Loss=nan, AvgLoss=nan, Acc=0.21484, AvgAcc=0.22054]274it [02:00,  2.10s/it, lr=5.00e-03, Loss=nan, AvgLoss=nan, Acc=0.24219, AvgAcc=0.22062]275it [02:00,  1.54s/it, lr=5.00e-03, Loss=nan, AvgLoss=nan, Acc=0.24219, AvgAcc=0.22062]275it [02:00,  1.54s/it, lr=5.00e-03, Loss=nan, AvgLoss=nan, Acc=0.23047, AvgAcc=0.22065]276it [02:00,  1.14s/it, lr=5.00e-03, Loss=nan, AvgLoss=nan, Acc=0.23047, AvgAcc=0.22065]276it [02:01,  1.14s/it, lr=5.00e-03, Loss=nan, AvgLoss=nan, Acc=0.22070, AvgAcc=0.22065]277it [02:01,  1.14it/s, lr=5.00e-03, Loss=nan, AvgLoss=nan, Acc=0.22070, AvgAcc=0.22065]277it [02:01,  1.14it/s, lr=5.00e-03, Loss=nan, AvgLoss=nan, Acc=0.21289, AvgAcc=0.22063]278it [02:01,  1.38it/s, lr=5.00e-03, Loss=nan, AvgLoss=nan, Acc=0.21289, AvgAcc=0.22063]278it [02:01,  1.38it/s, lr=5.00e-03, Loss=nan, AvgLoss=nan, Acc=0.23828, AvgAcc=0.22069]279it [02:01,  1.76it/s, lr=5.00e-03, Loss=nan, AvgLoss=nan, Acc=0.23828, AvgAcc=0.22069]279it [02:01,  1.76it/s, lr=5.00e-03, Loss=nan, AvgLoss=nan, Acc=0.22461, AvgAcc=0.22070]280it [02:01,  2.18it/s, lr=5.00e-03, Loss=nan, AvgLoss=nan, Acc=0.22461, AvgAcc=0.22070]280it [02:02,  2.18it/s, lr=5.00e-03, Loss=nan, AvgLoss=nan, Acc=0.23047, AvgAcc=0.22074]281it [02:02,  2.59it/s, lr=5.00e-03, Loss=nan, AvgLoss=nan, Acc=0.23047, AvgAcc=0.22074]281it [02:02,  2.59it/s, lr=5.00e-03, Loss=nan, AvgLoss=nan, Acc=0.23242, AvgAcc=0.22078]282it [02:02,  2.60it/s, lr=5.00e-03, Loss=nan, AvgLoss=nan, Acc=0.23242, AvgAcc=0.22078]282it [02:02,  2.60it/s, lr=5.00e-03, Loss=nan, AvgLoss=nan, Acc=0.25586, AvgAcc=0.22090]283it [02:02,  3.00it/s, lr=5.00e-03, Loss=nan, AvgLoss=nan, Acc=0.25586, AvgAcc=0.22090]283it [02:02,  3.00it/s, lr=5.00e-03, Loss=nan, AvgLoss=nan, Acc=0.22070, AvgAcc=0.22090]284it [02:02,  3.34it/s, lr=5.00e-03, Loss=nan, AvgLoss=nan, Acc=0.22070, AvgAcc=0.22090]284it [02:03,  3.34it/s, lr=5.00e-03, Loss=nan, AvgLoss=nan, Acc=0.20898, AvgAcc=0.22086]285it [02:03,  3.57it/s, lr=5.00e-03, Loss=nan, AvgLoss=nan, Acc=0.20898, AvgAcc=0.22086]285it [02:03,  3.57it/s, lr=5.00e-03, Loss=nan, AvgLoss=nan, Acc=0.22656, AvgAcc=0.22088]286it [02:03,  3.33it/s, lr=5.00e-03, Loss=nan, AvgLoss=nan, Acc=0.22656, AvgAcc=0.22088]286it [02:03,  3.33it/s, lr=5.00e-03, Loss=nan, AvgLoss=nan, Acc=0.24805, AvgAcc=0.22098]287it [02:03,  3.58it/s, lr=5.00e-03, Loss=nan, AvgLoss=nan, Acc=0.24805, AvgAcc=0.22098]287it [02:03,  3.58it/s, lr=5.00e-03, Loss=nan, AvgLoss=nan, Acc=0.21094, AvgAcc=0.22094]288it [02:03,  3.86it/s, lr=5.00e-03, Loss=nan, AvgLoss=nan, Acc=0.21094, AvgAcc=0.22094]288it [02:04,  3.86it/s, lr=5.00e-03, Loss=nan, AvgLoss=nan, Acc=0.22852, AvgAcc=0.22097]289it [02:04,  4.05it/s, lr=5.00e-03, Loss=nan, AvgLoss=nan, Acc=0.22852, AvgAcc=0.22097]289it [02:04,  4.05it/s, lr=5.00e-03, Loss=nan, AvgLoss=nan, Acc=0.21680, AvgAcc=0.22095]290it [02:04,  4.14it/s, lr=5.00e-03, Loss=nan, AvgLoss=nan, Acc=0.21680, AvgAcc=0.22095]290it [02:04,  4.14it/s, lr=5.00e-03, Loss=nan, AvgLoss=nan, Acc=0.22656, AvgAcc=0.22097]291it [02:04,  3.69it/s, lr=5.00e-03, Loss=nan, AvgLoss=nan, Acc=0.22656, AvgAcc=0.22097]291it [02:04,  3.69it/s, lr=5.00e-03, Loss=nan, AvgLoss=nan, Acc=0.21875, AvgAcc=0.22096]292it [02:04,  3.86it/s, lr=5.00e-03, Loss=nan, AvgLoss=nan, Acc=0.21875, AvgAcc=0.22096]292it [02:05,  3.86it/s, lr=5.00e-03, Loss=nan, AvgLoss=nan, Acc=0.21875, AvgAcc=0.22096]293it [02:05,  4.10it/s, lr=5.00e-03, Loss=nan, AvgLoss=nan, Acc=0.21875, AvgAcc=0.22096]293it [02:05,  4.10it/s, lr=5.00e-03, Loss=nan, AvgLoss=nan, Acc=0.22656, AvgAcc=0.22098]294it [02:05,  4.26it/s, lr=5.00e-03, Loss=nan, AvgLoss=nan, Acc=0.22656, AvgAcc=0.22098]294it [02:05,  4.26it/s, lr=5.00e-03, Loss=nan, AvgLoss=nan, Acc=0.26172, AvgAcc=0.22111]295it [02:05,  3.65it/s, lr=5.00e-03, Loss=nan, AvgLoss=nan, Acc=0.26172, AvgAcc=0.22111]295it [02:05,  3.65it/s, lr=5.00e-03, Loss=nan, AvgLoss=nan, Acc=0.21289, AvgAcc=0.22109]296it [02:05,  3.93it/s, lr=5.00e-03, Loss=nan, AvgLoss=nan, Acc=0.21289, AvgAcc=0.22109]296it [02:06,  3.93it/s, lr=5.00e-03, Loss=nan, AvgLoss=nan, Acc=0.23047, AvgAcc=0.22112]297it [02:06,  4.21it/s, lr=5.00e-03, Loss=nan, AvgLoss=nan, Acc=0.23047, AvgAcc=0.22112]297it [02:06,  4.21it/s, lr=5.00e-03, Loss=nan, AvgLoss=nan, Acc=0.24805, AvgAcc=0.22121]298it [02:06,  4.32it/s, lr=5.00e-03, Loss=nan, AvgLoss=nan, Acc=0.24805, AvgAcc=0.22121]298it [02:06,  4.32it/s, lr=5.00e-03, Loss=nan, AvgLoss=nan, Acc=0.22852, AvgAcc=0.22123]299it [02:06,  4.51it/s, lr=5.00e-03, Loss=nan, AvgLoss=nan, Acc=0.22852, AvgAcc=0.22123]299it [02:06,  4.51it/s, lr=5.00e-03, Loss=nan, AvgLoss=nan, Acc=0.21289, AvgAcc=0.22120]299it [02:06,  2.36it/s, lr=5.00e-03, Loss=nan, AvgLoss=nan, Acc=0.21289, AvgAcc=0.22120]
[2025-12-08 09:40:31,784] INFO: Processed 153600 entries in total (avg. speed 1211.2 entries/s)
[2025-12-08 09:40:31,784] INFO: Train AvgLoss: nan, AvgAcc: 0.22120
[2025-12-08 09:40:31,784] INFO: Train class distribution: 
    [(0, 33977), (1, 26145), (2, 93478)]
[2025-12-08 09:40:32,013] INFO: Epoch #2 validating
0it [00:00, ?it/s]0it [00:00, ?it/s, Loss=nan, AvgLoss=nan, Acc=0.19141, AvgAcc=0.19141]0it [00:00, ?it/s, Loss=nan, AvgLoss=nan, Acc=0.24414, AvgAcc=0.21777]2it [00:00, 12.31it/s, Loss=nan, AvgLoss=nan, Acc=0.24414, AvgAcc=0.21777]2it [00:00, 12.31it/s, Loss=nan, AvgLoss=nan, Acc=0.21680, AvgAcc=0.21745]2it [00:00, 12.31it/s, Loss=nan, AvgLoss=nan, Acc=0.19727, AvgAcc=0.21240]4it [00:00,  9.71it/s, Loss=nan, AvgLoss=nan, Acc=0.19727, AvgAcc=0.21240]4it [00:00,  9.71it/s, Loss=nan, AvgLoss=nan, Acc=0.22656, AvgAcc=0.21523]4it [00:00,  9.71it/s, Loss=nan, AvgLoss=nan, Acc=0.21094, AvgAcc=0.21452]6it [00:00,  8.44it/s, Loss=nan, AvgLoss=nan, Acc=0.21094, AvgAcc=0.21452]6it [00:00,  8.44it/s, Loss=nan, AvgLoss=nan, Acc=0.23828, AvgAcc=0.21791]7it [00:00,  8.06it/s, Loss=nan, AvgLoss=nan, Acc=0.23828, AvgAcc=0.21791]7it [00:00,  8.06it/s, Loss=nan, AvgLoss=nan, Acc=0.25000, AvgAcc=0.22192]8it [00:00,  8.08it/s, Loss=nan, AvgLoss=nan, Acc=0.25000, AvgAcc=0.22192]8it [00:01,  8.08it/s, Loss=nan, AvgLoss=nan, Acc=0.20898, AvgAcc=0.22049]9it [00:01,  6.49it/s, Loss=nan, AvgLoss=nan, Acc=0.20898, AvgAcc=0.22049]9it [00:01,  6.49it/s, Loss=nan, AvgLoss=nan, Acc=0.22461, AvgAcc=0.22090]10it [00:01,  6.96it/s, Loss=nan, AvgLoss=nan, Acc=0.22461, AvgAcc=0.22090]10it [00:01,  6.96it/s, Loss=nan, AvgLoss=nan, Acc=0.23633, AvgAcc=0.22230]11it [00:01,  7.06it/s, Loss=nan, AvgLoss=nan, Acc=0.23633, AvgAcc=0.22230]11it [00:01,  7.06it/s, Loss=nan, AvgLoss=nan, Acc=0.24414, AvgAcc=0.22412]12it [00:01,  7.57it/s, Loss=nan, AvgLoss=nan, Acc=0.24414, AvgAcc=0.22412]12it [00:01,  7.57it/s, Loss=nan, AvgLoss=nan, Acc=0.22852, AvgAcc=0.22446]13it [00:01,  7.37it/s, Loss=nan, AvgLoss=nan, Acc=0.22852, AvgAcc=0.22446]13it [00:01,  7.37it/s, Loss=nan, AvgLoss=nan, Acc=0.20898, AvgAcc=0.22335]14it [00:01,  7.52it/s, Loss=nan, AvgLoss=nan, Acc=0.20898, AvgAcc=0.22335]14it [00:01,  7.52it/s, Loss=nan, AvgLoss=nan, Acc=0.23828, AvgAcc=0.22435]15it [00:01,  7.63it/s, Loss=nan, AvgLoss=nan, Acc=0.23828, AvgAcc=0.22435]15it [00:02,  7.63it/s, Loss=nan, AvgLoss=nan, Acc=0.20898, AvgAcc=0.22339]16it [00:02,  7.67it/s, Loss=nan, AvgLoss=nan, Acc=0.20898, AvgAcc=0.22339]16it [00:02,  7.67it/s, Loss=nan, AvgLoss=nan, Acc=0.22070, AvgAcc=0.22323]17it [00:02,  7.42it/s, Loss=nan, AvgLoss=nan, Acc=0.22070, AvgAcc=0.22323]17it [00:02,  7.42it/s, Loss=nan, AvgLoss=nan, Acc=0.21484, AvgAcc=0.22276]18it [00:02,  7.45it/s, Loss=nan, AvgLoss=nan, Acc=0.21484, AvgAcc=0.22276]18it [00:02,  7.45it/s, Loss=nan, AvgLoss=nan, Acc=0.21094, AvgAcc=0.22214]19it [00:02,  5.35it/s, Loss=nan, AvgLoss=nan, Acc=0.21094, AvgAcc=0.22214]19it [00:02,  5.35it/s, Loss=nan, AvgLoss=nan, Acc=0.21680, AvgAcc=0.22187]20it [00:02,  6.01it/s, Loss=nan, AvgLoss=nan, Acc=0.21680, AvgAcc=0.22187]20it [00:02,  6.01it/s, Loss=nan, AvgLoss=nan, Acc=0.21680, AvgAcc=0.22163]21it [00:02,  6.33it/s, Loss=nan, AvgLoss=nan, Acc=0.21680, AvgAcc=0.22163]21it [00:03,  6.33it/s, Loss=nan, AvgLoss=nan, Acc=0.21680, AvgAcc=0.22141]22it [00:03,  6.92it/s, Loss=nan, AvgLoss=nan, Acc=0.21680, AvgAcc=0.22141]22it [00:03,  6.92it/s, Loss=nan, AvgLoss=nan, Acc=0.23047, AvgAcc=0.22181]22it [00:03,  6.92it/s, Loss=nan, AvgLoss=nan, Acc=0.21289, AvgAcc=0.22144]24it [00:03,  8.17it/s, Loss=nan, AvgLoss=nan, Acc=0.21289, AvgAcc=0.22144]24it [00:03,  8.17it/s, Loss=nan, AvgLoss=nan, Acc=0.21875, AvgAcc=0.22133]25it [00:03,  8.00it/s, Loss=nan, AvgLoss=nan, Acc=0.21875, AvgAcc=0.22133]25it [00:03,  8.00it/s, Loss=nan, AvgLoss=nan, Acc=0.20898, AvgAcc=0.22085]25it [00:03,  8.00it/s, Loss=nan, AvgLoss=nan, Acc=0.24023, AvgAcc=0.22157]27it [00:03,  9.02it/s, Loss=nan, AvgLoss=nan, Acc=0.24023, AvgAcc=0.22157]27it [00:03,  9.02it/s, Loss=nan, AvgLoss=nan, Acc=0.22266, AvgAcc=0.22161]28it [00:03,  8.59it/s, Loss=nan, AvgLoss=nan, Acc=0.22266, AvgAcc=0.22161]28it [00:03,  8.59it/s, Loss=nan, AvgLoss=nan, Acc=0.21875, AvgAcc=0.22151]29it [00:03,  6.47it/s, Loss=nan, AvgLoss=nan, Acc=0.21875, AvgAcc=0.22151]29it [00:04,  6.47it/s, Loss=nan, AvgLoss=nan, Acc=0.24609, AvgAcc=0.22233]30it [00:04,  6.73it/s, Loss=nan, AvgLoss=nan, Acc=0.24609, AvgAcc=0.22233]30it [00:04,  6.73it/s, Loss=nan, AvgLoss=nan, Acc=0.21680, AvgAcc=0.22215]31it [00:04,  6.97it/s, Loss=nan, AvgLoss=nan, Acc=0.21680, AvgAcc=0.22215]31it [00:04,  6.97it/s, Loss=nan, AvgLoss=nan, Acc=0.22656, AvgAcc=0.22229]32it [00:04,  7.40it/s, Loss=nan, AvgLoss=nan, Acc=0.22656, AvgAcc=0.22229]32it [00:04,  7.40it/s, Loss=nan, AvgLoss=nan, Acc=0.17188, AvgAcc=0.22076]32it [00:04,  7.40it/s, Loss=nan, AvgLoss=nan, Acc=0.25391, AvgAcc=0.22174]34it [00:04,  8.10it/s, Loss=nan, AvgLoss=nan, Acc=0.25391, AvgAcc=0.22174]34it [00:04,  8.10it/s, Loss=nan, AvgLoss=nan, Acc=0.21680, AvgAcc=0.22160]35it [00:04,  7.90it/s, Loss=nan, AvgLoss=nan, Acc=0.21680, AvgAcc=0.22160]35it [00:04,  7.90it/s, Loss=nan, AvgLoss=nan, Acc=0.23633, AvgAcc=0.22201]36it [00:04,  7.88it/s, Loss=nan, AvgLoss=nan, Acc=0.23633, AvgAcc=0.22201]36it [00:04,  7.88it/s, Loss=nan, AvgLoss=nan, Acc=0.21094, AvgAcc=0.22171]37it [00:04,  7.98it/s, Loss=nan, AvgLoss=nan, Acc=0.21094, AvgAcc=0.22171]37it [00:05,  7.98it/s, Loss=nan, AvgLoss=nan, Acc=0.23633, AvgAcc=0.22209]38it [00:05,  8.08it/s, Loss=nan, AvgLoss=nan, Acc=0.23633, AvgAcc=0.22209]38it [00:05,  8.08it/s, Loss=nan, AvgLoss=nan, Acc=0.21875, AvgAcc=0.22201]39it [00:05,  6.11it/s, Loss=nan, AvgLoss=nan, Acc=0.21875, AvgAcc=0.22201]39it [00:05,  6.11it/s, Loss=nan, AvgLoss=nan, Acc=0.22656, AvgAcc=0.22212]40it [00:05,  6.72it/s, Loss=nan, AvgLoss=nan, Acc=0.22656, AvgAcc=0.22212]40it [00:22,  6.72it/s, Loss=nan, AvgLoss=nan, Acc=0.22266, AvgAcc=0.22213]41it [00:22,  4.95s/it, Loss=nan, AvgLoss=nan, Acc=0.22266, AvgAcc=0.22213]41it [00:22,  4.95s/it, Loss=nan, AvgLoss=nan, Acc=0.21875, AvgAcc=0.22205]41it [00:22,  4.95s/it, Loss=nan, AvgLoss=nan, Acc=0.21289, AvgAcc=0.22184]43it [00:22,  2.73s/it, Loss=nan, AvgLoss=nan, Acc=0.21289, AvgAcc=0.22184]43it [00:22,  2.73s/it, Loss=nan, AvgLoss=nan, Acc=0.20312, AvgAcc=0.22141]44it [00:22,  2.12s/it, Loss=nan, AvgLoss=nan, Acc=0.20312, AvgAcc=0.22141]44it [00:22,  2.12s/it, Loss=nan, AvgLoss=nan, Acc=0.20898, AvgAcc=0.22114]44it [00:22,  2.12s/it, Loss=nan, AvgLoss=nan, Acc=0.23242, AvgAcc=0.22138]46it [00:22,  1.28s/it, Loss=nan, AvgLoss=nan, Acc=0.23242, AvgAcc=0.22138]46it [00:22,  1.28s/it, Loss=nan, AvgLoss=nan, Acc=0.20508, AvgAcc=0.22104]46it [00:22,  1.28s/it, Loss=nan, AvgLoss=nan, Acc=0.21289, AvgAcc=0.22087]48it [00:22,  1.20it/s, Loss=nan, AvgLoss=nan, Acc=0.21289, AvgAcc=0.22087]48it [00:22,  1.20it/s, Loss=nan, AvgLoss=nan, Acc=0.21875, AvgAcc=0.22082]48it [00:22,  1.20it/s, Loss=nan, AvgLoss=nan, Acc=0.20508, AvgAcc=0.22051]50it [00:22,  1.75it/s, Loss=nan, AvgLoss=nan, Acc=0.20508, AvgAcc=0.22051]50it [00:22,  1.75it/s, Loss=nan, AvgLoss=nan, Acc=0.19531, AvgAcc=0.22001]50it [00:23,  1.75it/s, Loss=nan, AvgLoss=nan, Acc=0.19531, AvgAcc=0.21954]52it [00:23,  2.44it/s, Loss=nan, AvgLoss=nan, Acc=0.19531, AvgAcc=0.21954]52it [00:23,  2.44it/s, Loss=nan, AvgLoss=nan, Acc=0.22656, AvgAcc=0.21967]52it [00:23,  2.44it/s, Loss=nan, AvgLoss=nan, Acc=0.21289, AvgAcc=0.21955]54it [00:23,  3.34it/s, Loss=nan, AvgLoss=nan, Acc=0.21289, AvgAcc=0.21955]54it [00:23,  3.34it/s, Loss=nan, AvgLoss=nan, Acc=0.22070, AvgAcc=0.21957]54it [00:23,  3.34it/s, Loss=nan, AvgLoss=nan, Acc=0.22656, AvgAcc=0.21969]56it [00:23,  4.35it/s, Loss=nan, AvgLoss=nan, Acc=0.22656, AvgAcc=0.21969]56it [00:23,  4.35it/s, Loss=nan, AvgLoss=nan, Acc=0.21094, AvgAcc=0.21954]56it [00:23,  4.35it/s, Loss=nan, AvgLoss=nan, Acc=0.23633, AvgAcc=0.21983]58it [00:23,  5.39it/s, Loss=nan, AvgLoss=nan, Acc=0.23633, AvgAcc=0.21983]58it [00:23,  5.39it/s, Loss=nan, AvgLoss=nan, Acc=0.17188, AvgAcc=0.21901]58it [00:23,  5.39it/s, Loss=nan, AvgLoss=nan, Acc=0.21094, AvgAcc=0.21888]60it [00:23,  6.60it/s, Loss=nan, AvgLoss=nan, Acc=0.21094, AvgAcc=0.21888]60it [00:23,  6.60it/s, Loss=nan, AvgLoss=nan, Acc=0.24219, AvgAcc=0.21926]60it [00:23,  6.60it/s, Loss=nan, AvgLoss=nan, Acc=0.20508, AvgAcc=0.21903]62it [00:23,  7.68it/s, Loss=nan, AvgLoss=nan, Acc=0.20508, AvgAcc=0.21903]62it [00:23,  7.68it/s, Loss=nan, AvgLoss=nan, Acc=0.19141, AvgAcc=0.21859]62it [00:23,  7.68it/s, Loss=nan, AvgLoss=nan, Acc=0.25000, AvgAcc=0.21909]64it [00:23,  8.80it/s, Loss=nan, AvgLoss=nan, Acc=0.25000, AvgAcc=0.21909]64it [00:24,  8.80it/s, Loss=nan, AvgLoss=nan, Acc=0.17773, AvgAcc=0.21845]64it [00:24,  8.80it/s, Loss=nan, AvgLoss=nan, Acc=0.22070, AvgAcc=0.21848]66it [00:24,  9.35it/s, Loss=nan, AvgLoss=nan, Acc=0.22070, AvgAcc=0.21848]66it [00:24,  9.35it/s, Loss=nan, AvgLoss=nan, Acc=0.18164, AvgAcc=0.21793]66it [00:24,  9.35it/s, Loss=nan, AvgLoss=nan, Acc=0.18750, AvgAcc=0.21749]68it [00:24,  8.67it/s, Loss=nan, AvgLoss=nan, Acc=0.18750, AvgAcc=0.21749]68it [00:24,  8.67it/s, Loss=nan, AvgLoss=nan, Acc=0.22266, AvgAcc=0.21756]68it [00:24,  8.67it/s, Loss=nan, AvgLoss=nan, Acc=0.22656, AvgAcc=0.21769]70it [00:24,  9.60it/s, Loss=nan, AvgLoss=nan, Acc=0.22656, AvgAcc=0.21769]70it [00:24,  9.60it/s, Loss=nan, AvgLoss=nan, Acc=0.21484, AvgAcc=0.21765]70it [00:24,  9.60it/s, Loss=nan, AvgLoss=nan, Acc=0.20508, AvgAcc=0.21748]72it [00:24, 10.06it/s, Loss=nan, AvgLoss=nan, Acc=0.20508, AvgAcc=0.21748]72it [00:24, 10.06it/s, Loss=nan, AvgLoss=nan, Acc=0.20898, AvgAcc=0.21736]72it [00:24, 10.06it/s, Loss=nan, AvgLoss=nan, Acc=0.24609, AvgAcc=0.21775]74it [00:24, 11.17it/s, Loss=nan, AvgLoss=nan, Acc=0.24609, AvgAcc=0.21775]74it [00:24, 11.17it/s, Loss=nan, AvgLoss=nan, Acc=0.18359, AvgAcc=0.21729]74it [00:24,  2.96it/s, Loss=nan, AvgLoss=nan, Acc=0.18359, AvgAcc=0.21729]
[2025-12-08 09:40:57,001] INFO: Processed 38400 entries in total (avg. speed 1536.8 entries/s)
[2025-12-08 09:40:57,001] INFO: Evaluation class distribution: 
    [(0, 8344), (1, 6554), (2, 23502)]
[2025-12-08 09:40:57,002] ERROR: Input contains NaN.
[2025-12-08 09:40:57,076] ERROR: Input contains NaN.
[2025-12-08 09:40:57,078] INFO: Evaluation metrics: 
    - roc_auc_score: 
None
    - roc_auc_score_matrix: 
None
    - confusion_matrix: 
[[1. 0. 0.]
 [1. 0. 0.]
 [1. 0. 0.]]
[2025-12-08 09:40:57,085] INFO: Pairwise ROC AUC:
[2025-12-08 09:40:57,085] INFO: [1mEpoch #2: Current validation metric: 0.21729 (best: 0.22268)[0m
[2025-12-08 09:40:57,085] INFO: --------------------------------------------------
[2025-12-08 09:40:57,085] INFO: Epoch #3 training
0it [00:00, ?it/s]/oscar/home/tgillin/files/weaver-core/weaver/utils/nn/tools.py:125: FutureWarning: `torch.cuda.amp.autocast(args...)` is deprecated. Please use `torch.amp.autocast('cuda', args...)` instead.
  with torch.cuda.amp.autocast(enabled=grad_scaler is not None):
/oscar/home/tgillin/files/weaver-core/weaver/nn/model/ParticleTransformer.py:549: FutureWarning: `torch.cuda.amp.autocast(args...)` is deprecated. Please use `torch.amp.autocast('cuda', args...)` instead.
  with torch.cuda.amp.autocast(enabled=self.use_amp):
/users/tgillin/miniconda3/envs/weaver/lib/python3.10/site-packages/torch/nn/functional.py:6041: UserWarning: Support for mismatched key_padding_mask and attn_mask is deprecated. Use same type for both instead.
  warnings.warn(
0it [00:00, ?it/s, lr=5.00e-03, Loss=nan, AvgLoss=nan, Acc=0.21875, AvgAcc=0.21875]1it [00:00,  4.27it/s, lr=5.00e-03, Loss=nan, AvgLoss=nan, Acc=0.21875, AvgAcc=0.21875]1it [00:00,  4.27it/s, lr=5.00e-03, Loss=nan, AvgLoss=nan, Acc=0.20312, AvgAcc=0.21094]2it [00:00,  4.56it/s, lr=5.00e-03, Loss=nan, AvgLoss=nan, Acc=0.20312, AvgAcc=0.21094]2it [00:00,  4.56it/s, lr=5.00e-03, Loss=nan, AvgLoss=nan, Acc=0.20703, AvgAcc=0.20964]3it [00:00,  4.69it/s, lr=5.00e-03, Loss=nan, AvgLoss=nan, Acc=0.20703, AvgAcc=0.20964]3it [00:01,  4.69it/s, lr=5.00e-03, Loss=nan, AvgLoss=nan, Acc=0.24219, AvgAcc=0.21777]4it [00:01,  3.72it/s, lr=5.00e-03, Loss=nan, AvgLoss=nan, Acc=0.24219, AvgAcc=0.21777]4it [00:01,  3.72it/s, lr=5.00e-03, Loss=nan, AvgLoss=nan, Acc=0.23242, AvgAcc=0.22070]5it [00:01,  4.01it/s, lr=5.00e-03, Loss=nan, AvgLoss=nan, Acc=0.23242, AvgAcc=0.22070]5it [00:01,  4.01it/s, lr=5.00e-03, Loss=nan, AvgLoss=nan, Acc=0.22266, AvgAcc=0.22103]6it [00:01,  4.21it/s, lr=5.00e-03, Loss=nan, AvgLoss=nan, Acc=0.22266, AvgAcc=0.22103]6it [00:01,  4.21it/s, lr=5.00e-03, Loss=nan, AvgLoss=nan, Acc=0.23633, AvgAcc=0.22321]7it [00:01,  4.29it/s, lr=5.00e-03, Loss=nan, AvgLoss=nan, Acc=0.23633, AvgAcc=0.22321]7it [00:01,  4.29it/s, lr=5.00e-03, Loss=nan, AvgLoss=nan, Acc=0.24805, AvgAcc=0.22632]8it [00:01,  3.76it/s, lr=5.00e-03, Loss=nan, AvgLoss=nan, Acc=0.24805, AvgAcc=0.22632]8it [00:02,  3.76it/s, lr=5.00e-03, Loss=nan, AvgLoss=nan, Acc=0.26172, AvgAcc=0.23025]9it [00:02,  4.01it/s, lr=5.00e-03, Loss=nan, AvgLoss=nan, Acc=0.26172, AvgAcc=0.23025]9it [00:02,  4.01it/s, lr=5.00e-03, Loss=nan, AvgLoss=nan, Acc=0.24609, AvgAcc=0.23184]10it [00:02,  4.25it/s, lr=5.00e-03, Loss=nan, AvgLoss=nan, Acc=0.24609, AvgAcc=0.23184]10it [00:02,  4.25it/s, lr=5.00e-03, Loss=nan, AvgLoss=nan, Acc=0.19922, AvgAcc=0.22887]11it [00:02,  4.38it/s, lr=5.00e-03, Loss=nan, AvgLoss=nan, Acc=0.19922, AvgAcc=0.22887]11it [00:02,  4.38it/s, lr=5.00e-03, Loss=nan, AvgLoss=nan, Acc=0.22852, AvgAcc=0.22884]12it [00:02,  4.21it/s, lr=5.00e-03, Loss=nan, AvgLoss=nan, Acc=0.22852, AvgAcc=0.22884]12it [00:03,  4.21it/s, lr=5.00e-03, Loss=nan, AvgLoss=nan, Acc=0.20312, AvgAcc=0.22686]13it [00:03,  3.25it/s, lr=5.00e-03, Loss=nan, AvgLoss=nan, Acc=0.20312, AvgAcc=0.22686]13it [00:03,  3.25it/s, lr=5.00e-03, Loss=nan, AvgLoss=nan, Acc=0.21875, AvgAcc=0.22628]14it [00:03,  3.26it/s, lr=5.00e-03, Loss=nan, AvgLoss=nan, Acc=0.21875, AvgAcc=0.22628]14it [00:03,  3.26it/s, lr=5.00e-03, Loss=nan, AvgLoss=nan, Acc=0.25977, AvgAcc=0.22852]15it [00:03,  3.34it/s, lr=5.00e-03, Loss=nan, AvgLoss=nan, Acc=0.25977, AvgAcc=0.22852]15it [00:04,  3.34it/s, lr=5.00e-03, Loss=nan, AvgLoss=nan, Acc=0.21484, AvgAcc=0.22766]16it [00:04,  2.91it/s, lr=5.00e-03, Loss=nan, AvgLoss=nan, Acc=0.21484, AvgAcc=0.22766]16it [00:04,  2.91it/s, lr=5.00e-03, Loss=nan, AvgLoss=nan, Acc=0.22070, AvgAcc=0.22725]17it [00:04,  3.09it/s, lr=5.00e-03, Loss=nan, AvgLoss=nan, Acc=0.22070, AvgAcc=0.22725]17it [00:05,  3.09it/s, lr=5.00e-03, Loss=nan, AvgLoss=nan, Acc=0.20508, AvgAcc=0.22602]18it [00:05,  2.99it/s, lr=5.00e-03, Loss=nan, AvgLoss=nan, Acc=0.20508, AvgAcc=0.22602]18it [00:05,  2.99it/s, lr=5.00e-03, Loss=nan, AvgLoss=nan, Acc=0.21680, AvgAcc=0.22553]19it [00:05,  3.15it/s, lr=5.00e-03, Loss=nan, AvgLoss=nan, Acc=0.21680, AvgAcc=0.22553]19it [00:05,  3.15it/s, lr=5.00e-03, Loss=nan, AvgLoss=nan, Acc=0.23438, AvgAcc=0.22598]20it [00:05,  2.76it/s, lr=5.00e-03, Loss=nan, AvgLoss=nan, Acc=0.23438, AvgAcc=0.22598]20it [00:06,  2.76it/s, lr=5.00e-03, Loss=nan, AvgLoss=nan, Acc=0.21094, AvgAcc=0.22526]21it [00:06,  2.91it/s, lr=5.00e-03, Loss=nan, AvgLoss=nan, Acc=0.21094, AvgAcc=0.22526]21it [00:06,  2.91it/s, lr=5.00e-03, Loss=nan, AvgLoss=nan, Acc=0.24023, AvgAcc=0.22594]22it [00:06,  3.02it/s, lr=5.00e-03, Loss=nan, AvgLoss=nan, Acc=0.24023, AvgAcc=0.22594]22it [00:06,  3.02it/s, lr=5.00e-03, Loss=nan, AvgLoss=nan, Acc=0.23828, AvgAcc=0.22648]23it [00:06,  2.70it/s, lr=5.00e-03, Loss=nan, AvgLoss=nan, Acc=0.23828, AvgAcc=0.22648]23it [00:07,  2.70it/s, lr=5.00e-03, Loss=nan, AvgLoss=nan, Acc=0.22070, AvgAcc=0.22624]24it [00:07,  2.85it/s, lr=5.00e-03, Loss=nan, AvgLoss=nan, Acc=0.22070, AvgAcc=0.22624]24it [00:07,  2.85it/s, lr=5.00e-03, Loss=nan, AvgLoss=nan, Acc=0.27539, AvgAcc=0.22820]25it [00:07,  2.94it/s, lr=5.00e-03, Loss=nan, AvgLoss=nan, Acc=0.27539, AvgAcc=0.22820]25it [00:07,  2.94it/s, lr=5.00e-03, Loss=nan, AvgLoss=nan, Acc=0.22461, AvgAcc=0.22806]26it [00:07,  2.72it/s, lr=5.00e-03, Loss=nan, AvgLoss=nan, Acc=0.22461, AvgAcc=0.22806]26it [00:08,  2.72it/s, lr=5.00e-03, Loss=nan, AvgLoss=nan, Acc=0.21680, AvgAcc=0.22765]27it [00:08,  2.87it/s, lr=5.00e-03, Loss=nan, AvgLoss=nan, Acc=0.21680, AvgAcc=0.22765]27it [00:08,  2.87it/s, lr=5.00e-03, Loss=nan, AvgLoss=nan, Acc=0.23633, AvgAcc=0.22796]28it [00:08,  3.07it/s, lr=5.00e-03, Loss=nan, AvgLoss=nan, Acc=0.23633, AvgAcc=0.22796]28it [00:08,  3.07it/s, lr=5.00e-03, Loss=nan, AvgLoss=nan, Acc=0.20508, AvgAcc=0.22717]29it [00:08,  2.76it/s, lr=5.00e-03, Loss=nan, AvgLoss=nan, Acc=0.20508, AvgAcc=0.22717]29it [00:09,  2.76it/s, lr=5.00e-03, Loss=nan, AvgLoss=nan, Acc=0.22656, AvgAcc=0.22715]30it [00:09,  2.91it/s, lr=5.00e-03, Loss=nan, AvgLoss=nan, Acc=0.22656, AvgAcc=0.22715]30it [00:09,  2.91it/s, lr=5.00e-03, Loss=nan, AvgLoss=nan, Acc=0.22656, AvgAcc=0.22713]31it [00:09,  3.07it/s, lr=5.00e-03, Loss=nan, AvgLoss=nan, Acc=0.22656, AvgAcc=0.22713]31it [00:09,  3.07it/s, lr=5.00e-03, Loss=nan, AvgLoss=nan, Acc=0.24805, AvgAcc=0.22778]32it [00:09,  3.19it/s, lr=5.00e-03, Loss=nan, AvgLoss=nan, Acc=0.24805, AvgAcc=0.22778]32it [00:10,  3.19it/s, lr=5.00e-03, Loss=nan, AvgLoss=nan, Acc=0.23438, AvgAcc=0.22798]33it [00:10,  2.91it/s, lr=5.00e-03, Loss=nan, AvgLoss=nan, Acc=0.23438, AvgAcc=0.22798]33it [00:10,  2.91it/s, lr=5.00e-03, Loss=nan, AvgLoss=nan, Acc=0.23047, AvgAcc=0.22806]34it [00:10,  3.02it/s, lr=5.00e-03, Loss=nan, AvgLoss=nan, Acc=0.23047, AvgAcc=0.22806]34it [00:10,  3.02it/s, lr=5.00e-03, Loss=nan, AvgLoss=nan, Acc=0.18750, AvgAcc=0.22690]35it [00:10,  3.19it/s, lr=5.00e-03, Loss=nan, AvgLoss=nan, Acc=0.18750, AvgAcc=0.22690]35it [00:11,  3.19it/s, lr=5.00e-03, Loss=nan, AvgLoss=nan, Acc=0.21094, AvgAcc=0.22645]36it [00:11,  2.80it/s, lr=5.00e-03, Loss=nan, AvgLoss=nan, Acc=0.21094, AvgAcc=0.22645]36it [00:11,  2.80it/s, lr=5.00e-03, Loss=nan, AvgLoss=nan, Acc=0.23047, AvgAcc=0.22656]37it [00:11,  2.93it/s, lr=5.00e-03, Loss=nan, AvgLoss=nan, Acc=0.23047, AvgAcc=0.22656]37it [00:11,  2.93it/s, lr=5.00e-03, Loss=nan, AvgLoss=nan, Acc=0.24805, AvgAcc=0.22713]38it [00:11,  3.05it/s, lr=5.00e-03, Loss=nan, AvgLoss=nan, Acc=0.24805, AvgAcc=0.22713]38it [00:12,  3.05it/s, lr=5.00e-03, Loss=nan, AvgLoss=nan, Acc=0.25586, AvgAcc=0.22786]39it [00:12,  3.20it/s, lr=5.00e-03, Loss=nan, AvgLoss=nan, Acc=0.25586, AvgAcc=0.22786]39it [00:12,  3.20it/s, lr=5.00e-03, Loss=nan, AvgLoss=nan, Acc=0.23438, AvgAcc=0.22803]40it [00:12,  2.76it/s, lr=5.00e-03, Loss=nan, AvgLoss=nan, Acc=0.23438, AvgAcc=0.22803]40it [00:12,  2.76it/s, lr=5.00e-03, Loss=nan, AvgLoss=nan, Acc=0.22656, AvgAcc=0.22799]41it [00:12,  2.97it/s, lr=5.00e-03, Loss=nan, AvgLoss=nan, Acc=0.22656, AvgAcc=0.22799]41it [00:13,  2.97it/s, lr=5.00e-03, Loss=nan, AvgLoss=nan, Acc=0.22852, AvgAcc=0.22800]42it [00:13,  3.03it/s, lr=5.00e-03, Loss=nan, AvgLoss=nan, Acc=0.22852, AvgAcc=0.22800]42it [00:13,  3.03it/s, lr=5.00e-03, Loss=nan, AvgLoss=nan, Acc=0.23438, AvgAcc=0.22815]43it [00:13,  3.19it/s, lr=5.00e-03, Loss=nan, AvgLoss=nan, Acc=0.23438, AvgAcc=0.22815]43it [00:13,  3.19it/s, lr=5.00e-03, Loss=nan, AvgLoss=nan, Acc=0.20312, AvgAcc=0.22758]44it [00:13,  2.69it/s, lr=5.00e-03, Loss=nan, AvgLoss=nan, Acc=0.20312, AvgAcc=0.22758]44it [00:14,  2.69it/s, lr=5.00e-03, Loss=nan, AvgLoss=nan, Acc=0.20508, AvgAcc=0.22708]45it [00:14,  2.88it/s, lr=5.00e-03, Loss=nan, AvgLoss=nan, Acc=0.20508, AvgAcc=0.22708]45it [00:14,  2.88it/s, lr=5.00e-03, Loss=nan, AvgLoss=nan, Acc=0.22266, AvgAcc=0.22699]46it [00:14,  2.60it/s, lr=5.00e-03, Loss=nan, AvgLoss=nan, Acc=0.22266, AvgAcc=0.22699]46it [00:14,  2.60it/s, lr=5.00e-03, Loss=nan, AvgLoss=nan, Acc=0.23633, AvgAcc=0.22719]47it [00:14,  2.82it/s, lr=5.00e-03, Loss=nan, AvgLoss=nan, Acc=0.23633, AvgAcc=0.22719]47it [00:15,  2.82it/s, lr=5.00e-03, Loss=nan, AvgLoss=nan, Acc=0.20508, AvgAcc=0.22673]48it [00:15,  2.93it/s, lr=5.00e-03, Loss=nan, AvgLoss=nan, Acc=0.20508, AvgAcc=0.22673]48it [00:15,  2.93it/s, lr=5.00e-03, Loss=nan, AvgLoss=nan, Acc=0.22461, AvgAcc=0.22668]49it [00:15,  3.10it/s, lr=5.00e-03, Loss=nan, AvgLoss=nan, Acc=0.22461, AvgAcc=0.22668]49it [00:16,  3.10it/s, lr=5.00e-03, Loss=nan, AvgLoss=nan, Acc=0.24414, AvgAcc=0.22703]50it [00:16,  2.67it/s, lr=5.00e-03, Loss=nan, AvgLoss=nan, Acc=0.24414, AvgAcc=0.22703]50it [00:28,  2.67it/s, lr=5.00e-03, Loss=nan, AvgLoss=nan, Acc=0.21484, AvgAcc=0.22679]51it [00:28,  3.95s/it, lr=5.00e-03, Loss=nan, AvgLoss=nan, Acc=0.21484, AvgAcc=0.22679]51it [00:28,  3.95s/it, lr=5.00e-03, Loss=nan, AvgLoss=nan, Acc=0.22070, AvgAcc=0.22668]52it [00:28,  2.84s/it, lr=5.00e-03, Loss=nan, AvgLoss=nan, Acc=0.22070, AvgAcc=0.22668]52it [00:28,  2.84s/it, lr=5.00e-03, Loss=nan, AvgLoss=nan, Acc=0.22266, AvgAcc=0.22660]53it [00:28,  2.05s/it, lr=5.00e-03, Loss=nan, AvgLoss=nan, Acc=0.22266, AvgAcc=0.22660]53it [00:29,  2.05s/it, lr=5.00e-03, Loss=nan, AvgLoss=nan, Acc=0.21484, AvgAcc=0.22638]54it [00:29,  1.50s/it, lr=5.00e-03, Loss=nan, AvgLoss=nan, Acc=0.21484, AvgAcc=0.22638]54it [00:29,  1.50s/it, lr=5.00e-03, Loss=nan, AvgLoss=nan, Acc=0.23633, AvgAcc=0.22656]55it [00:29,  1.11s/it, lr=5.00e-03, Loss=nan, AvgLoss=nan, Acc=0.23633, AvgAcc=0.22656]55it [00:29,  1.11s/it, lr=5.00e-03, Loss=nan, AvgLoss=nan, Acc=0.19922, AvgAcc=0.22607]56it [00:29,  1.13it/s, lr=5.00e-03, Loss=nan, AvgLoss=nan, Acc=0.19922, AvgAcc=0.22607]56it [00:29,  1.13it/s, lr=5.00e-03, Loss=nan, AvgLoss=nan, Acc=0.18945, AvgAcc=0.22543]57it [00:29,  1.46it/s, lr=5.00e-03, Loss=nan, AvgLoss=nan, Acc=0.18945, AvgAcc=0.22543]57it [00:30,  1.46it/s, lr=5.00e-03, Loss=nan, AvgLoss=nan, Acc=0.21875, AvgAcc=0.22532]58it [00:30,  1.84it/s, lr=5.00e-03, Loss=nan, AvgLoss=nan, Acc=0.21875, AvgAcc=0.22532]58it [00:30,  1.84it/s, lr=5.00e-03, Loss=nan, AvgLoss=nan, Acc=0.19922, AvgAcc=0.22487]59it [00:30,  2.27it/s, lr=5.00e-03, Loss=nan, AvgLoss=nan, Acc=0.19922, AvgAcc=0.22487]59it [00:30,  2.27it/s, lr=5.00e-03, Loss=nan, AvgLoss=nan, Acc=0.21289, AvgAcc=0.22467]60it [00:30,  2.74it/s, lr=5.00e-03, Loss=nan, AvgLoss=nan, Acc=0.21289, AvgAcc=0.22467]60it [00:30,  2.74it/s, lr=5.00e-03, Loss=nan, AvgLoss=nan, Acc=0.17383, AvgAcc=0.22384]61it [00:30,  2.68it/s, lr=5.00e-03, Loss=nan, AvgLoss=nan, Acc=0.17383, AvgAcc=0.22384]61it [00:31,  2.68it/s, lr=5.00e-03, Loss=nan, AvgLoss=nan, Acc=0.23242, AvgAcc=0.22398]62it [00:31,  3.11it/s, lr=5.00e-03, Loss=nan, AvgLoss=nan, Acc=0.23242, AvgAcc=0.22398]62it [00:31,  3.11it/s, lr=5.00e-03, Loss=nan, AvgLoss=nan, Acc=0.23633, AvgAcc=0.22418]63it [00:31,  3.55it/s, lr=5.00e-03, Loss=nan, AvgLoss=nan, Acc=0.23633, AvgAcc=0.22418]63it [00:31,  3.55it/s, lr=5.00e-03, Loss=nan, AvgLoss=nan, Acc=0.22852, AvgAcc=0.22424]64it [00:31,  3.93it/s, lr=5.00e-03, Loss=nan, AvgLoss=nan, Acc=0.22852, AvgAcc=0.22424]64it [00:31,  3.93it/s, lr=5.00e-03, Loss=nan, AvgLoss=nan, Acc=0.21875, AvgAcc=0.22416]65it [00:31,  3.57it/s, lr=5.00e-03, Loss=nan, AvgLoss=nan, Acc=0.21875, AvgAcc=0.22416]65it [00:31,  3.57it/s, lr=5.00e-03, Loss=nan, AvgLoss=nan, Acc=0.20312, AvgAcc=0.22384]66it [00:31,  3.86it/s, lr=5.00e-03, Loss=nan, AvgLoss=nan, Acc=0.20312, AvgAcc=0.22384]66it [00:32,  3.86it/s, lr=5.00e-03, Loss=nan, AvgLoss=nan, Acc=0.19141, AvgAcc=0.22336]67it [00:32,  4.15it/s, lr=5.00e-03, Loss=nan, AvgLoss=nan, Acc=0.19141, AvgAcc=0.22336]67it [00:32,  4.15it/s, lr=5.00e-03, Loss=nan, AvgLoss=nan, Acc=0.19336, AvgAcc=0.22291]68it [00:32,  4.24it/s, lr=5.00e-03, Loss=nan, AvgLoss=nan, Acc=0.19336, AvgAcc=0.22291]68it [00:32,  4.24it/s, lr=5.00e-03, Loss=nan, AvgLoss=nan, Acc=0.22070, AvgAcc=0.22288]69it [00:32,  4.39it/s, lr=5.00e-03, Loss=nan, AvgLoss=nan, Acc=0.22070, AvgAcc=0.22288]69it [00:32,  4.39it/s, lr=5.00e-03, Loss=nan, AvgLoss=nan, Acc=0.19727, AvgAcc=0.22252]70it [00:32,  3.91it/s, lr=5.00e-03, Loss=nan, AvgLoss=nan, Acc=0.19727, AvgAcc=0.22252]70it [00:33,  3.91it/s, lr=5.00e-03, Loss=nan, AvgLoss=nan, Acc=0.18359, AvgAcc=0.22197]71it [00:33,  4.03it/s, lr=5.00e-03, Loss=nan, AvgLoss=nan, Acc=0.18359, AvgAcc=0.22197]71it [00:33,  4.03it/s, lr=5.00e-03, Loss=nan, AvgLoss=nan, Acc=0.24414, AvgAcc=0.22228]72it [00:33,  4.23it/s, lr=5.00e-03, Loss=nan, AvgLoss=nan, Acc=0.24414, AvgAcc=0.22228]72it [00:33,  4.23it/s, lr=5.00e-03, Loss=nan, AvgLoss=nan, Acc=0.19141, AvgAcc=0.22185]73it [00:33,  4.22it/s, lr=5.00e-03, Loss=nan, AvgLoss=nan, Acc=0.19141, AvgAcc=0.22185]73it [00:33,  4.22it/s, lr=5.00e-03, Loss=nan, AvgLoss=nan, Acc=0.18945, AvgAcc=0.22142]74it [00:33,  3.82it/s, lr=5.00e-03, Loss=nan, AvgLoss=nan, Acc=0.18945, AvgAcc=0.22142]74it [00:34,  3.82it/s, lr=5.00e-03, Loss=nan, AvgLoss=nan, Acc=0.20117, AvgAcc=0.22115]75it [00:34,  4.05it/s, lr=5.00e-03, Loss=nan, AvgLoss=nan, Acc=0.20117, AvgAcc=0.22115]75it [00:34,  4.05it/s, lr=5.00e-03, Loss=nan, AvgLoss=nan, Acc=0.21094, AvgAcc=0.22101]76it [00:34,  4.03it/s, lr=5.00e-03, Loss=nan, AvgLoss=nan, Acc=0.21094, AvgAcc=0.22101]76it [00:34,  4.03it/s, lr=5.00e-03, Loss=nan, AvgLoss=nan, Acc=0.18945, AvgAcc=0.22060]77it [00:34,  4.15it/s, lr=5.00e-03, Loss=nan, AvgLoss=nan, Acc=0.18945, AvgAcc=0.22060]77it [00:34,  4.15it/s, lr=5.00e-03, Loss=nan, AvgLoss=nan, Acc=0.19141, AvgAcc=0.22023]78it [00:34,  4.38it/s, lr=5.00e-03, Loss=nan, AvgLoss=nan, Acc=0.19141, AvgAcc=0.22023]78it [00:35,  4.38it/s, lr=5.00e-03, Loss=nan, AvgLoss=nan, Acc=0.21680, AvgAcc=0.22018]79it [00:35,  3.72it/s, lr=5.00e-03, Loss=nan, AvgLoss=nan, Acc=0.21680, AvgAcc=0.22018]79it [00:35,  3.72it/s, lr=5.00e-03, Loss=nan, AvgLoss=nan, Acc=0.20898, AvgAcc=0.22004]80it [00:35,  3.91it/s, lr=5.00e-03, Loss=nan, AvgLoss=nan, Acc=0.20898, AvgAcc=0.22004]80it [00:35,  3.91it/s, lr=5.00e-03, Loss=nan, AvgLoss=nan, Acc=0.22656, AvgAcc=0.22012]81it [00:35,  4.08it/s, lr=5.00e-03, Loss=nan, AvgLoss=nan, Acc=0.22656, AvgAcc=0.22012]81it [00:35,  4.08it/s, lr=5.00e-03, Loss=nan, AvgLoss=nan, Acc=0.22070, AvgAcc=0.22013]82it [00:35,  4.25it/s, lr=5.00e-03, Loss=nan, AvgLoss=nan, Acc=0.22070, AvgAcc=0.22013]82it [00:36,  4.25it/s, lr=5.00e-03, Loss=nan, AvgLoss=nan, Acc=0.22266, AvgAcc=0.22016]83it [00:36,  4.32it/s, lr=5.00e-03, Loss=nan, AvgLoss=nan, Acc=0.22266, AvgAcc=0.22016]83it [00:36,  4.32it/s, lr=5.00e-03, Loss=nan, AvgLoss=nan, Acc=0.20898, AvgAcc=0.22003]84it [00:36,  3.65it/s, lr=5.00e-03, Loss=nan, AvgLoss=nan, Acc=0.20898, AvgAcc=0.22003]84it [00:36,  3.65it/s, lr=5.00e-03, Loss=nan, AvgLoss=nan, Acc=0.21875, AvgAcc=0.22001]85it [00:36,  3.81it/s, lr=5.00e-03, Loss=nan, AvgLoss=nan, Acc=0.21875, AvgAcc=0.22001]85it [00:36,  3.81it/s, lr=5.00e-03, Loss=nan, AvgLoss=nan, Acc=0.21680, AvgAcc=0.21998]86it [00:36,  4.07it/s, lr=5.00e-03, Loss=nan, AvgLoss=nan, Acc=0.21680, AvgAcc=0.21998]86it [00:37,  4.07it/s, lr=5.00e-03, Loss=nan, AvgLoss=nan, Acc=0.21875, AvgAcc=0.21996]87it [00:37,  4.29it/s, lr=5.00e-03, Loss=nan, AvgLoss=nan, Acc=0.21875, AvgAcc=0.21996]87it [00:37,  4.29it/s, lr=5.00e-03, Loss=nan, AvgLoss=nan, Acc=0.21289, AvgAcc=0.21988]88it [00:37,  4.51it/s, lr=5.00e-03, Loss=nan, AvgLoss=nan, Acc=0.21289, AvgAcc=0.21988]88it [00:44,  4.51it/s, lr=5.00e-03, Loss=nan, AvgLoss=nan, Acc=0.23633, AvgAcc=0.22007]89it [00:44,  2.23s/it, lr=5.00e-03, Loss=nan, AvgLoss=nan, Acc=0.23633, AvgAcc=0.22007]89it [00:44,  2.23s/it, lr=5.00e-03, Loss=nan, AvgLoss=nan, Acc=0.21094, AvgAcc=0.21997]90it [00:44,  1.67s/it, lr=5.00e-03, Loss=nan, AvgLoss=nan, Acc=0.21094, AvgAcc=0.21997]90it [00:44,  1.67s/it, lr=5.00e-03, Loss=nan, AvgLoss=nan, Acc=0.20703, AvgAcc=0.21982]91it [00:44,  1.23s/it, lr=5.00e-03, Loss=nan, AvgLoss=nan, Acc=0.20703, AvgAcc=0.21982]91it [00:44,  1.23s/it, lr=5.00e-03, Loss=nan, AvgLoss=nan, Acc=0.18555, AvgAcc=0.21945]92it [00:44,  1.07it/s, lr=5.00e-03, Loss=nan, AvgLoss=nan, Acc=0.18555, AvgAcc=0.21945]92it [00:45,  1.07it/s, lr=5.00e-03, Loss=nan, AvgLoss=nan, Acc=0.22461, AvgAcc=0.21951]93it [00:45,  1.41it/s, lr=5.00e-03, Loss=nan, AvgLoss=nan, Acc=0.22461, AvgAcc=0.21951]93it [00:45,  1.41it/s, lr=5.00e-03, Loss=nan, AvgLoss=nan, Acc=0.23438, AvgAcc=0.21966]94it [00:45,  1.79it/s, lr=5.00e-03, Loss=nan, AvgLoss=nan, Acc=0.23438, AvgAcc=0.21966]94it [00:45,  1.79it/s, lr=5.00e-03, Loss=nan, AvgLoss=nan, Acc=0.21484, AvgAcc=0.21961]95it [00:45,  2.01it/s, lr=5.00e-03, Loss=nan, AvgLoss=nan, Acc=0.21484, AvgAcc=0.21961]95it [00:45,  2.01it/s, lr=5.00e-03, Loss=nan, AvgLoss=nan, Acc=0.25586, AvgAcc=0.21999]96it [00:45,  2.44it/s, lr=5.00e-03, Loss=nan, AvgLoss=nan, Acc=0.25586, AvgAcc=0.21999]96it [00:46,  2.44it/s, lr=5.00e-03, Loss=nan, AvgLoss=nan, Acc=0.25391, AvgAcc=0.22034]97it [00:46,  2.86it/s, lr=5.00e-03, Loss=nan, AvgLoss=nan, Acc=0.25391, AvgAcc=0.22034]97it [00:46,  2.86it/s, lr=5.00e-03, Loss=nan, AvgLoss=nan, Acc=0.20898, AvgAcc=0.22022]98it [00:46,  3.21it/s, lr=5.00e-03, Loss=nan, AvgLoss=nan, Acc=0.20898, AvgAcc=0.22022]98it [00:46,  3.21it/s, lr=5.00e-03, Loss=nan, AvgLoss=nan, Acc=0.22461, AvgAcc=0.22027]99it [00:46,  3.62it/s, lr=5.00e-03, Loss=nan, AvgLoss=nan, Acc=0.22461, AvgAcc=0.22027]99it [00:46,  3.62it/s, lr=5.00e-03, Loss=nan, AvgLoss=nan, Acc=0.20898, AvgAcc=0.22016]100it [00:46,  3.45it/s, lr=5.00e-03, Loss=nan, AvgLoss=nan, Acc=0.20898, AvgAcc=0.22016]100it [00:47,  3.45it/s, lr=5.00e-03, Loss=nan, AvgLoss=nan, Acc=0.22266, AvgAcc=0.22018]101it [00:47,  3.67it/s, lr=5.00e-03, Loss=nan, AvgLoss=nan, Acc=0.22266, AvgAcc=0.22018]101it [00:47,  3.67it/s, lr=5.00e-03, Loss=nan, AvgLoss=nan, Acc=0.22656, AvgAcc=0.22024]102it [00:47,  3.95it/s, lr=5.00e-03, Loss=nan, AvgLoss=nan, Acc=0.22656, AvgAcc=0.22024]102it [00:47,  3.95it/s, lr=5.00e-03, Loss=nan, AvgLoss=nan, Acc=0.20898, AvgAcc=0.22013]103it [00:47,  4.20it/s, lr=5.00e-03, Loss=nan, AvgLoss=nan, Acc=0.20898, AvgAcc=0.22013]103it [00:47,  4.20it/s, lr=5.00e-03, Loss=nan, AvgLoss=nan, Acc=0.23242, AvgAcc=0.22025]104it [00:47,  4.42it/s, lr=5.00e-03, Loss=nan, AvgLoss=nan, Acc=0.23242, AvgAcc=0.22025]104it [00:47,  4.42it/s, lr=5.00e-03, Loss=nan, AvgLoss=nan, Acc=0.22070, AvgAcc=0.22026]105it [00:47,  4.47it/s, lr=5.00e-03, Loss=nan, AvgLoss=nan, Acc=0.22070, AvgAcc=0.22026]105it [00:48,  4.47it/s, lr=5.00e-03, Loss=nan, AvgLoss=nan, Acc=0.24414, AvgAcc=0.22048]106it [00:48,  3.83it/s, lr=5.00e-03, Loss=nan, AvgLoss=nan, Acc=0.24414, AvgAcc=0.22048]106it [00:48,  3.83it/s, lr=5.00e-03, Loss=nan, AvgLoss=nan, Acc=0.21289, AvgAcc=0.22041]107it [00:48,  4.00it/s, lr=5.00e-03, Loss=nan, AvgLoss=nan, Acc=0.21289, AvgAcc=0.22041]107it [00:48,  4.00it/s, lr=5.00e-03, Loss=nan, AvgLoss=nan, Acc=0.23828, AvgAcc=0.22058]108it [00:48,  4.05it/s, lr=5.00e-03, Loss=nan, AvgLoss=nan, Acc=0.23828, AvgAcc=0.22058]108it [00:48,  4.05it/s, lr=5.00e-03, Loss=nan, AvgLoss=nan, Acc=0.21875, AvgAcc=0.22056]109it [00:48,  4.20it/s, lr=5.00e-03, Loss=nan, AvgLoss=nan, Acc=0.21875, AvgAcc=0.22056]109it [00:49,  4.20it/s, lr=5.00e-03, Loss=nan, AvgLoss=nan, Acc=0.21875, AvgAcc=0.22054]110it [00:49,  3.81it/s, lr=5.00e-03, Loss=nan, AvgLoss=nan, Acc=0.21875, AvgAcc=0.22054]110it [00:49,  3.81it/s, lr=5.00e-03, Loss=nan, AvgLoss=nan, Acc=0.22070, AvgAcc=0.22054]111it [00:49,  4.10it/s, lr=5.00e-03, Loss=nan, AvgLoss=nan, Acc=0.22070, AvgAcc=0.22054]111it [00:49,  4.10it/s, lr=5.00e-03, Loss=nan, AvgLoss=nan, Acc=0.22461, AvgAcc=0.22058]112it [00:49,  4.28it/s, lr=5.00e-03, Loss=nan, AvgLoss=nan, Acc=0.22461, AvgAcc=0.22058]112it [00:49,  4.28it/s, lr=5.00e-03, Loss=nan, AvgLoss=nan, Acc=0.24414, AvgAcc=0.22079]113it [00:49,  4.45it/s, lr=5.00e-03, Loss=nan, AvgLoss=nan, Acc=0.24414, AvgAcc=0.22079]113it [00:50,  4.45it/s, lr=5.00e-03, Loss=nan, AvgLoss=nan, Acc=0.21484, AvgAcc=0.22074]114it [00:50,  4.39it/s, lr=5.00e-03, Loss=nan, AvgLoss=nan, Acc=0.21484, AvgAcc=0.22074]114it [00:50,  4.39it/s, lr=5.00e-03, Loss=nan, AvgLoss=nan, Acc=0.20703, AvgAcc=0.22062]115it [00:50,  3.85it/s, lr=5.00e-03, Loss=nan, AvgLoss=nan, Acc=0.20703, AvgAcc=0.22062]115it [00:50,  3.85it/s, lr=5.00e-03, Loss=nan, AvgLoss=nan, Acc=0.23633, AvgAcc=0.22075]116it [00:50,  3.98it/s, lr=5.00e-03, Loss=nan, AvgLoss=nan, Acc=0.23633, AvgAcc=0.22075]116it [00:50,  3.98it/s, lr=5.00e-03, Loss=nan, AvgLoss=nan, Acc=0.21094, AvgAcc=0.22067]117it [00:50,  4.17it/s, lr=5.00e-03, Loss=nan, AvgLoss=nan, Acc=0.21094, AvgAcc=0.22067]117it [00:51,  4.17it/s, lr=5.00e-03, Loss=nan, AvgLoss=nan, Acc=0.20117, AvgAcc=0.22050]118it [00:51,  4.45it/s, lr=5.00e-03, Loss=nan, AvgLoss=nan, Acc=0.20117, AvgAcc=0.22050]118it [00:51,  4.45it/s, lr=5.00e-03, Loss=nan, AvgLoss=nan, Acc=0.20508, AvgAcc=0.22037]119it [00:51,  4.60it/s, lr=5.00e-03, Loss=nan, AvgLoss=nan, Acc=0.20508, AvgAcc=0.22037]119it [00:51,  4.60it/s, lr=5.00e-03, Loss=nan, AvgLoss=nan, Acc=0.20312, AvgAcc=0.22023]120it [00:51,  4.73it/s, lr=5.00e-03, Loss=nan, AvgLoss=nan, Acc=0.20312, AvgAcc=0.22023]120it [00:51,  4.73it/s, lr=5.00e-03, Loss=nan, AvgLoss=nan, Acc=0.23828, AvgAcc=0.22038]121it [00:51,  3.89it/s, lr=5.00e-03, Loss=nan, AvgLoss=nan, Acc=0.23828, AvgAcc=0.22038]121it [00:52,  3.89it/s, lr=5.00e-03, Loss=nan, AvgLoss=nan, Acc=0.23828, AvgAcc=0.22053]122it [00:52,  4.15it/s, lr=5.00e-03, Loss=nan, AvgLoss=nan, Acc=0.23828, AvgAcc=0.22053]122it [00:52,  4.15it/s, lr=5.00e-03, Loss=nan, AvgLoss=nan, Acc=0.22070, AvgAcc=0.22053]123it [00:52,  4.34it/s, lr=5.00e-03, Loss=nan, AvgLoss=nan, Acc=0.22070, AvgAcc=0.22053]123it [00:52,  4.34it/s, lr=5.00e-03, Loss=nan, AvgLoss=nan, Acc=0.24219, AvgAcc=0.22070]124it [00:52,  4.57it/s, lr=5.00e-03, Loss=nan, AvgLoss=nan, Acc=0.24219, AvgAcc=0.22070]124it [00:52,  4.57it/s, lr=5.00e-03, Loss=nan, AvgLoss=nan, Acc=0.23242, AvgAcc=0.22080]125it [00:52,  4.65it/s, lr=5.00e-03, Loss=nan, AvgLoss=nan, Acc=0.23242, AvgAcc=0.22080]125it [00:53,  4.65it/s, lr=5.00e-03, Loss=nan, AvgLoss=nan, Acc=0.19531, AvgAcc=0.22059]126it [00:53,  3.81it/s, lr=5.00e-03, Loss=nan, AvgLoss=nan, Acc=0.19531, AvgAcc=0.22059]126it [01:00,  3.81it/s, lr=5.00e-03, Loss=nan, AvgLoss=nan, Acc=0.22461, AvgAcc=0.22063]127it [01:00,  2.33s/it, lr=5.00e-03, Loss=nan, AvgLoss=nan, Acc=0.22461, AvgAcc=0.22063]127it [01:00,  2.33s/it, lr=5.00e-03, Loss=nan, AvgLoss=nan, Acc=0.23242, AvgAcc=0.22072]128it [01:00,  1.69s/it, lr=5.00e-03, Loss=nan, AvgLoss=nan, Acc=0.23242, AvgAcc=0.22072]128it [01:00,  1.69s/it, lr=5.00e-03, Loss=nan, AvgLoss=nan, Acc=0.22656, AvgAcc=0.22076]129it [01:00,  1.25s/it, lr=5.00e-03, Loss=nan, AvgLoss=nan, Acc=0.22656, AvgAcc=0.22076]129it [01:00,  1.25s/it, lr=5.00e-03, Loss=nan, AvgLoss=nan, Acc=0.24414, AvgAcc=0.22094]130it [01:00,  1.06it/s, lr=5.00e-03, Loss=nan, AvgLoss=nan, Acc=0.24414, AvgAcc=0.22094]130it [01:01,  1.06it/s, lr=5.00e-03, Loss=nan, AvgLoss=nan, Acc=0.22070, AvgAcc=0.22094]131it [01:01,  1.30it/s, lr=5.00e-03, Loss=nan, AvgLoss=nan, Acc=0.22070, AvgAcc=0.22094]131it [01:01,  1.30it/s, lr=5.00e-03, Loss=nan, AvgLoss=nan, Acc=0.21484, AvgAcc=0.22090]132it [01:01,  1.64it/s, lr=5.00e-03, Loss=nan, AvgLoss=nan, Acc=0.21484, AvgAcc=0.22090]132it [01:01,  1.64it/s, lr=5.00e-03, Loss=nan, AvgLoss=nan, Acc=0.25391, AvgAcc=0.22114]133it [01:01,  2.04it/s, lr=5.00e-03, Loss=nan, AvgLoss=nan, Acc=0.25391, AvgAcc=0.22114]133it [01:01,  2.04it/s, lr=5.00e-03, Loss=nan, AvgLoss=nan, Acc=0.23242, AvgAcc=0.22123]134it [01:01,  2.48it/s, lr=5.00e-03, Loss=nan, AvgLoss=nan, Acc=0.23242, AvgAcc=0.22123]134it [01:02,  2.48it/s, lr=5.00e-03, Loss=nan, AvgLoss=nan, Acc=0.19727, AvgAcc=0.22105]135it [01:02,  2.95it/s, lr=5.00e-03, Loss=nan, AvgLoss=nan, Acc=0.19727, AvgAcc=0.22105]135it [01:02,  2.95it/s, lr=5.00e-03, Loss=nan, AvgLoss=nan, Acc=0.21875, AvgAcc=0.22103]136it [01:02,  2.88it/s, lr=5.00e-03, Loss=nan, AvgLoss=nan, Acc=0.21875, AvgAcc=0.22103]136it [01:02,  2.88it/s, lr=5.00e-03, Loss=nan, AvgLoss=nan, Acc=0.23633, AvgAcc=0.22115]137it [01:02,  3.28it/s, lr=5.00e-03, Loss=nan, AvgLoss=nan, Acc=0.23633, AvgAcc=0.22115]137it [01:02,  3.28it/s, lr=5.00e-03, Loss=nan, AvgLoss=nan, Acc=0.18945, AvgAcc=0.22092]138it [01:02,  3.60it/s, lr=5.00e-03, Loss=nan, AvgLoss=nan, Acc=0.18945, AvgAcc=0.22092]138it [01:03,  3.60it/s, lr=5.00e-03, Loss=nan, AvgLoss=nan, Acc=0.21289, AvgAcc=0.22086]139it [01:03,  3.94it/s, lr=5.00e-03, Loss=nan, AvgLoss=nan, Acc=0.21289, AvgAcc=0.22086]139it [01:03,  3.94it/s, lr=5.00e-03, Loss=nan, AvgLoss=nan, Acc=0.21875, AvgAcc=0.22084]140it [01:03,  4.25it/s, lr=5.00e-03, Loss=nan, AvgLoss=nan, Acc=0.21875, AvgAcc=0.22084]140it [01:03,  4.25it/s, lr=5.00e-03, Loss=nan, AvgLoss=nan, Acc=0.22070, AvgAcc=0.22084]141it [01:03,  3.74it/s, lr=5.00e-03, Loss=nan, AvgLoss=nan, Acc=0.22070, AvgAcc=0.22084]141it [01:03,  3.74it/s, lr=5.00e-03, Loss=nan, AvgLoss=nan, Acc=0.19922, AvgAcc=0.22069]142it [01:03,  3.95it/s, lr=5.00e-03, Loss=nan, AvgLoss=nan, Acc=0.19922, AvgAcc=0.22069]142it [01:03,  3.95it/s, lr=5.00e-03, Loss=nan, AvgLoss=nan, Acc=0.25000, AvgAcc=0.22089]143it [01:03,  4.22it/s, lr=5.00e-03, Loss=nan, AvgLoss=nan, Acc=0.25000, AvgAcc=0.22089]143it [01:04,  4.22it/s, lr=5.00e-03, Loss=nan, AvgLoss=nan, Acc=0.23047, AvgAcc=0.22096]144it [01:04,  4.31it/s, lr=5.00e-03, Loss=nan, AvgLoss=nan, Acc=0.23047, AvgAcc=0.22096]144it [01:04,  4.31it/s, lr=5.00e-03, Loss=nan, AvgLoss=nan, Acc=0.24219, AvgAcc=0.22111]145it [01:04,  4.48it/s, lr=5.00e-03, Loss=nan, AvgLoss=nan, Acc=0.24219, AvgAcc=0.22111]145it [01:04,  4.48it/s, lr=5.00e-03, Loss=nan, AvgLoss=nan, Acc=0.23242, AvgAcc=0.22118]146it [01:04,  4.00it/s, lr=5.00e-03, Loss=nan, AvgLoss=nan, Acc=0.23242, AvgAcc=0.22118]146it [01:04,  4.00it/s, lr=5.00e-03, Loss=nan, AvgLoss=nan, Acc=0.23828, AvgAcc=0.22130]147it [01:04,  4.21it/s, lr=5.00e-03, Loss=nan, AvgLoss=nan, Acc=0.23828, AvgAcc=0.22130]147it [01:05,  4.21it/s, lr=5.00e-03, Loss=nan, AvgLoss=nan, Acc=0.21484, AvgAcc=0.22126]148it [01:05,  4.27it/s, lr=5.00e-03, Loss=nan, AvgLoss=nan, Acc=0.21484, AvgAcc=0.22126]148it [01:05,  4.27it/s, lr=5.00e-03, Loss=nan, AvgLoss=nan, Acc=0.18750, AvgAcc=0.22103]149it [01:05,  4.49it/s, lr=5.00e-03, Loss=nan, AvgLoss=nan, Acc=0.18750, AvgAcc=0.22103]149it [01:05,  4.49it/s, lr=5.00e-03, Loss=nan, AvgLoss=nan, Acc=0.21484, AvgAcc=0.22099]150it [01:05,  3.89it/s, lr=5.00e-03, Loss=nan, AvgLoss=nan, Acc=0.21484, AvgAcc=0.22099]150it [01:05,  3.89it/s, lr=5.00e-03, Loss=nan, AvgLoss=nan, Acc=0.26953, AvgAcc=0.22131]151it [01:05,  4.06it/s, lr=5.00e-03, Loss=nan, AvgLoss=nan, Acc=0.26953, AvgAcc=0.22131]151it [01:06,  4.06it/s, lr=5.00e-03, Loss=nan, AvgLoss=nan, Acc=0.17578, AvgAcc=0.22101]152it [01:06,  4.13it/s, lr=5.00e-03, Loss=nan, AvgLoss=nan, Acc=0.17578, AvgAcc=0.22101]152it [01:06,  4.13it/s, lr=5.00e-03, Loss=nan, AvgLoss=nan, Acc=0.25977, AvgAcc=0.22126]153it [01:06,  4.26it/s, lr=5.00e-03, Loss=nan, AvgLoss=nan, Acc=0.25977, AvgAcc=0.22126]153it [01:06,  4.26it/s, lr=5.00e-03, Loss=nan, AvgLoss=nan, Acc=0.20508, AvgAcc=0.22116]154it [01:06,  4.48it/s, lr=5.00e-03, Loss=nan, AvgLoss=nan, Acc=0.20508, AvgAcc=0.22116]154it [01:06,  4.48it/s, lr=5.00e-03, Loss=nan, AvgLoss=nan, Acc=0.26562, AvgAcc=0.22145]155it [01:06,  3.86it/s, lr=5.00e-03, Loss=nan, AvgLoss=nan, Acc=0.26562, AvgAcc=0.22145]155it [01:07,  3.86it/s, lr=5.00e-03, Loss=nan, AvgLoss=nan, Acc=0.20898, AvgAcc=0.22137]156it [01:07,  3.92it/s, lr=5.00e-03, Loss=nan, AvgLoss=nan, Acc=0.20898, AvgAcc=0.22137]156it [01:07,  3.92it/s, lr=5.00e-03, Loss=nan, AvgLoss=nan, Acc=0.21289, AvgAcc=0.22131]157it [01:07,  4.11it/s, lr=5.00e-03, Loss=nan, AvgLoss=nan, Acc=0.21289, AvgAcc=0.22131]157it [01:07,  4.11it/s, lr=5.00e-03, Loss=nan, AvgLoss=nan, Acc=0.23633, AvgAcc=0.22141]158it [01:07,  4.28it/s, lr=5.00e-03, Loss=nan, AvgLoss=nan, Acc=0.23633, AvgAcc=0.22141]158it [01:07,  4.28it/s, lr=5.00e-03, Loss=nan, AvgLoss=nan, Acc=0.19141, AvgAcc=0.22122]159it [01:07,  4.46it/s, lr=5.00e-03, Loss=nan, AvgLoss=nan, Acc=0.19141, AvgAcc=0.22122]159it [01:08,  4.46it/s, lr=5.00e-03, Loss=nan, AvgLoss=nan, Acc=0.22266, AvgAcc=0.22123]160it [01:08,  3.90it/s, lr=5.00e-03, Loss=nan, AvgLoss=nan, Acc=0.22266, AvgAcc=0.22123]160it [01:08,  3.90it/s, lr=5.00e-03, Loss=nan, AvgLoss=nan, Acc=0.20898, AvgAcc=0.22115]161it [01:08,  4.10it/s, lr=5.00e-03, Loss=nan, AvgLoss=nan, Acc=0.20898, AvgAcc=0.22115]161it [01:08,  4.10it/s, lr=5.00e-03, Loss=nan, AvgLoss=nan, Acc=0.19531, AvgAcc=0.22099]162it [01:08,  4.20it/s, lr=5.00e-03, Loss=nan, AvgLoss=nan, Acc=0.19531, AvgAcc=0.22099]162it [01:08,  4.20it/s, lr=5.00e-03, Loss=nan, AvgLoss=nan, Acc=0.22461, AvgAcc=0.22101]163it [01:08,  4.26it/s, lr=5.00e-03, Loss=nan, AvgLoss=nan, Acc=0.22461, AvgAcc=0.22101]163it [01:08,  4.26it/s, lr=5.00e-03, Loss=nan, AvgLoss=nan, Acc=0.22070, AvgAcc=0.22101]164it [01:08,  4.42it/s, lr=5.00e-03, Loss=nan, AvgLoss=nan, Acc=0.22070, AvgAcc=0.22101]164it [01:15,  4.42it/s, lr=5.00e-03, Loss=nan, AvgLoss=nan, Acc=0.19141, AvgAcc=0.22083]165it [01:15,  2.26s/it, lr=5.00e-03, Loss=nan, AvgLoss=nan, Acc=0.19141, AvgAcc=0.22083]165it [01:16,  2.26s/it, lr=5.00e-03, Loss=nan, AvgLoss=nan, Acc=0.20117, AvgAcc=0.22071]166it [01:16,  1.69s/it, lr=5.00e-03, Loss=nan, AvgLoss=nan, Acc=0.20117, AvgAcc=0.22071]166it [01:16,  1.69s/it, lr=5.00e-03, Loss=nan, AvgLoss=nan, Acc=0.19531, AvgAcc=0.22056]167it [01:16,  1.24s/it, lr=5.00e-03, Loss=nan, AvgLoss=nan, Acc=0.19531, AvgAcc=0.22056]167it [01:16,  1.24s/it, lr=5.00e-03, Loss=nan, AvgLoss=nan, Acc=0.19922, AvgAcc=0.22044]168it [01:16,  1.06it/s, lr=5.00e-03, Loss=nan, AvgLoss=nan, Acc=0.19922, AvgAcc=0.22044]168it [01:16,  1.06it/s, lr=5.00e-03, Loss=nan, AvgLoss=nan, Acc=0.23242, AvgAcc=0.22051]169it [01:16,  1.39it/s, lr=5.00e-03, Loss=nan, AvgLoss=nan, Acc=0.23242, AvgAcc=0.22051]169it [01:17,  1.39it/s, lr=5.00e-03, Loss=nan, AvgLoss=nan, Acc=0.23047, AvgAcc=0.22057]170it [01:17,  1.75it/s, lr=5.00e-03, Loss=nan, AvgLoss=nan, Acc=0.23047, AvgAcc=0.22057]170it [01:17,  1.75it/s, lr=5.00e-03, Loss=nan, AvgLoss=nan, Acc=0.21094, AvgAcc=0.22051]171it [01:17,  1.95it/s, lr=5.00e-03, Loss=nan, AvgLoss=nan, Acc=0.21094, AvgAcc=0.22051]171it [01:17,  1.95it/s, lr=5.00e-03, Loss=nan, AvgLoss=nan, Acc=0.21094, AvgAcc=0.22045]172it [01:17,  2.36it/s, lr=5.00e-03, Loss=nan, AvgLoss=nan, Acc=0.21094, AvgAcc=0.22045]172it [01:18,  2.36it/s, lr=5.00e-03, Loss=nan, AvgLoss=nan, Acc=0.21680, AvgAcc=0.22043]173it [01:18,  2.76it/s, lr=5.00e-03, Loss=nan, AvgLoss=nan, Acc=0.21680, AvgAcc=0.22043]173it [01:18,  2.76it/s, lr=5.00e-03, Loss=nan, AvgLoss=nan, Acc=0.21484, AvgAcc=0.22040]174it [01:18,  3.12it/s, lr=5.00e-03, Loss=nan, AvgLoss=nan, Acc=0.21484, AvgAcc=0.22040]174it [01:18,  3.12it/s, lr=5.00e-03, Loss=nan, AvgLoss=nan, Acc=0.20508, AvgAcc=0.22031]175it [01:18,  3.43it/s, lr=5.00e-03, Loss=nan, AvgLoss=nan, Acc=0.20508, AvgAcc=0.22031]175it [01:18,  3.43it/s, lr=5.00e-03, Loss=nan, AvgLoss=nan, Acc=0.21680, AvgAcc=0.22029]176it [01:18,  3.33it/s, lr=5.00e-03, Loss=nan, AvgLoss=nan, Acc=0.21680, AvgAcc=0.22029]176it [01:18,  3.33it/s, lr=5.00e-03, Loss=nan, AvgLoss=nan, Acc=0.17969, AvgAcc=0.22006]177it [01:18,  3.73it/s, lr=5.00e-03, Loss=nan, AvgLoss=nan, Acc=0.17969, AvgAcc=0.22006]177it [01:19,  3.73it/s, lr=5.00e-03, Loss=nan, AvgLoss=nan, Acc=0.19141, AvgAcc=0.21990]178it [01:19,  3.96it/s, lr=5.00e-03, Loss=nan, AvgLoss=nan, Acc=0.19141, AvgAcc=0.21990]178it [01:19,  3.96it/s, lr=5.00e-03, Loss=nan, AvgLoss=nan, Acc=0.21094, AvgAcc=0.21985]179it [01:19,  4.14it/s, lr=5.00e-03, Loss=nan, AvgLoss=nan, Acc=0.21094, AvgAcc=0.21985]179it [01:19,  4.14it/s, lr=5.00e-03, Loss=nan, AvgLoss=nan, Acc=0.24023, AvgAcc=0.21997]180it [01:19,  4.24it/s, lr=5.00e-03, Loss=nan, AvgLoss=nan, Acc=0.24023, AvgAcc=0.21997]180it [01:19,  4.24it/s, lr=5.00e-03, Loss=nan, AvgLoss=nan, Acc=0.23828, AvgAcc=0.22007]181it [01:19,  3.80it/s, lr=5.00e-03, Loss=nan, AvgLoss=nan, Acc=0.23828, AvgAcc=0.22007]181it [01:20,  3.80it/s, lr=5.00e-03, Loss=nan, AvgLoss=nan, Acc=0.20703, AvgAcc=0.21999]182it [01:20,  3.98it/s, lr=5.00e-03, Loss=nan, AvgLoss=nan, Acc=0.20703, AvgAcc=0.21999]182it [01:20,  3.98it/s, lr=5.00e-03, Loss=nan, AvgLoss=nan, Acc=0.20898, AvgAcc=0.21993]183it [01:20,  4.15it/s, lr=5.00e-03, Loss=nan, AvgLoss=nan, Acc=0.20898, AvgAcc=0.21993]183it [01:20,  4.15it/s, lr=5.00e-03, Loss=nan, AvgLoss=nan, Acc=0.22266, AvgAcc=0.21995]184it [01:20,  4.44it/s, lr=5.00e-03, Loss=nan, AvgLoss=nan, Acc=0.22266, AvgAcc=0.21995]184it [01:20,  4.44it/s, lr=5.00e-03, Loss=nan, AvgLoss=nan, Acc=0.23047, AvgAcc=0.22001]185it [01:20,  4.00it/s, lr=5.00e-03, Loss=nan, AvgLoss=nan, Acc=0.23047, AvgAcc=0.22001]185it [01:21,  4.00it/s, lr=5.00e-03, Loss=nan, AvgLoss=nan, Acc=0.23633, AvgAcc=0.22009]186it [01:21,  4.22it/s, lr=5.00e-03, Loss=nan, AvgLoss=nan, Acc=0.23633, AvgAcc=0.22009]186it [01:21,  4.22it/s, lr=5.00e-03, Loss=nan, AvgLoss=nan, Acc=0.22266, AvgAcc=0.22011]187it [01:21,  4.33it/s, lr=5.00e-03, Loss=nan, AvgLoss=nan, Acc=0.22266, AvgAcc=0.22011]187it [01:21,  4.33it/s, lr=5.00e-03, Loss=nan, AvgLoss=nan, Acc=0.22266, AvgAcc=0.22012]188it [01:21,  4.27it/s, lr=5.00e-03, Loss=nan, AvgLoss=nan, Acc=0.22266, AvgAcc=0.22012]188it [01:21,  4.27it/s, lr=5.00e-03, Loss=nan, AvgLoss=nan, Acc=0.22461, AvgAcc=0.22015]189it [01:21,  4.31it/s, lr=5.00e-03, Loss=nan, AvgLoss=nan, Acc=0.22461, AvgAcc=0.22015]189it [01:22,  4.31it/s, lr=5.00e-03, Loss=nan, AvgLoss=nan, Acc=0.23047, AvgAcc=0.22020]190it [01:22,  3.62it/s, lr=5.00e-03, Loss=nan, AvgLoss=nan, Acc=0.23047, AvgAcc=0.22020]190it [01:22,  3.62it/s, lr=5.00e-03, Loss=nan, AvgLoss=nan, Acc=0.25977, AvgAcc=0.22041]191it [01:22,  3.87it/s, lr=5.00e-03, Loss=nan, AvgLoss=nan, Acc=0.25977, AvgAcc=0.22041]191it [01:22,  3.87it/s, lr=5.00e-03, Loss=nan, AvgLoss=nan, Acc=0.20703, AvgAcc=0.22034]192it [01:22,  3.89it/s, lr=5.00e-03, Loss=nan, AvgLoss=nan, Acc=0.20703, AvgAcc=0.22034]192it [01:22,  3.89it/s, lr=5.00e-03, Loss=nan, AvgLoss=nan, Acc=0.20703, AvgAcc=0.22027]193it [01:22,  4.22it/s, lr=5.00e-03, Loss=nan, AvgLoss=nan, Acc=0.20703, AvgAcc=0.22027]193it [01:23,  4.22it/s, lr=5.00e-03, Loss=nan, AvgLoss=nan, Acc=0.22266, AvgAcc=0.22028]194it [01:23,  4.25it/s, lr=5.00e-03, Loss=nan, AvgLoss=nan, Acc=0.22266, AvgAcc=0.22028]194it [01:23,  4.25it/s, lr=5.00e-03, Loss=nan, AvgLoss=nan, Acc=0.20898, AvgAcc=0.22022]195it [01:23,  3.69it/s, lr=5.00e-03, Loss=nan, AvgLoss=nan, Acc=0.20898, AvgAcc=0.22022]195it [01:23,  3.69it/s, lr=5.00e-03, Loss=nan, AvgLoss=nan, Acc=0.22070, AvgAcc=0.22022]196it [01:23,  3.84it/s, lr=5.00e-03, Loss=nan, AvgLoss=nan, Acc=0.22070, AvgAcc=0.22022]196it [01:23,  3.84it/s, lr=5.00e-03, Loss=nan, AvgLoss=nan, Acc=0.21094, AvgAcc=0.22018]197it [01:23,  4.12it/s, lr=5.00e-03, Loss=nan, AvgLoss=nan, Acc=0.21094, AvgAcc=0.22018]197it [01:24,  4.12it/s, lr=5.00e-03, Loss=nan, AvgLoss=nan, Acc=0.24609, AvgAcc=0.22031]198it [01:24,  4.31it/s, lr=5.00e-03, Loss=nan, AvgLoss=nan, Acc=0.24609, AvgAcc=0.22031]198it [01:24,  4.31it/s, lr=5.00e-03, Loss=nan, AvgLoss=nan, Acc=0.26562, AvgAcc=0.22054]199it [01:24,  4.50it/s, lr=5.00e-03, Loss=nan, AvgLoss=nan, Acc=0.26562, AvgAcc=0.22054]199it [01:24,  4.50it/s, lr=5.00e-03, Loss=nan, AvgLoss=nan, Acc=0.20703, AvgAcc=0.22047]200it [01:24,  3.95it/s, lr=5.00e-03, Loss=nan, AvgLoss=nan, Acc=0.20703, AvgAcc=0.22047]200it [01:24,  3.95it/s, lr=5.00e-03, Loss=nan, AvgLoss=nan, Acc=0.18359, AvgAcc=0.22029]201it [01:24,  4.28it/s, lr=5.00e-03, Loss=nan, AvgLoss=nan, Acc=0.18359, AvgAcc=0.22029]201it [01:24,  4.28it/s, lr=5.00e-03, Loss=nan, AvgLoss=nan, Acc=0.20898, AvgAcc=0.22023]202it [01:24,  4.43it/s, lr=5.00e-03, Loss=nan, AvgLoss=nan, Acc=0.20898, AvgAcc=0.22023]202it [01:32,  4.43it/s, lr=5.00e-03, Loss=nan, AvgLoss=nan, Acc=0.22656, AvgAcc=0.22026]203it [01:32,  2.33s/it, lr=5.00e-03, Loss=nan, AvgLoss=nan, Acc=0.22656, AvgAcc=0.22026]203it [01:32,  2.33s/it, lr=5.00e-03, Loss=nan, AvgLoss=nan, Acc=0.19922, AvgAcc=0.22016]204it [01:32,  1.69s/it, lr=5.00e-03, Loss=nan, AvgLoss=nan, Acc=0.19922, AvgAcc=0.22016]204it [01:32,  1.69s/it, lr=5.00e-03, Loss=nan, AvgLoss=nan, Acc=0.23047, AvgAcc=0.22021]205it [01:32,  1.25s/it, lr=5.00e-03, Loss=nan, AvgLoss=nan, Acc=0.23047, AvgAcc=0.22021]205it [01:32,  1.25s/it, lr=5.00e-03, Loss=nan, AvgLoss=nan, Acc=0.22461, AvgAcc=0.22023]206it [01:32,  1.02it/s, lr=5.00e-03, Loss=nan, AvgLoss=nan, Acc=0.22461, AvgAcc=0.22023]206it [01:33,  1.02it/s, lr=5.00e-03, Loss=nan, AvgLoss=nan, Acc=0.20312, AvgAcc=0.22015]207it [01:33,  1.33it/s, lr=5.00e-03, Loss=nan, AvgLoss=nan, Acc=0.20312, AvgAcc=0.22015]207it [01:33,  1.33it/s, lr=5.00e-03, Loss=nan, AvgLoss=nan, Acc=0.22656, AvgAcc=0.22018]208it [01:33,  1.70it/s, lr=5.00e-03, Loss=nan, AvgLoss=nan, Acc=0.22656, AvgAcc=0.22018]208it [01:33,  1.70it/s, lr=5.00e-03, Loss=nan, AvgLoss=nan, Acc=0.24414, AvgAcc=0.22029]209it [01:33,  2.10it/s, lr=5.00e-03, Loss=nan, AvgLoss=nan, Acc=0.24414, AvgAcc=0.22029]209it [01:33,  2.10it/s, lr=5.00e-03, Loss=nan, AvgLoss=nan, Acc=0.23828, AvgAcc=0.22038]210it [01:33,  2.52it/s, lr=5.00e-03, Loss=nan, AvgLoss=nan, Acc=0.23828, AvgAcc=0.22038]210it [01:34,  2.52it/s, lr=5.00e-03, Loss=nan, AvgLoss=nan, Acc=0.19922, AvgAcc=0.22028]211it [01:34,  2.58it/s, lr=5.00e-03, Loss=nan, AvgLoss=nan, Acc=0.19922, AvgAcc=0.22028]211it [01:34,  2.58it/s, lr=5.00e-03, Loss=nan, AvgLoss=nan, Acc=0.21680, AvgAcc=0.22026]212it [01:34,  2.95it/s, lr=5.00e-03, Loss=nan, AvgLoss=nan, Acc=0.21680, AvgAcc=0.22026]212it [01:34,  2.95it/s, lr=5.00e-03, Loss=nan, AvgLoss=nan, Acc=0.22070, AvgAcc=0.22026]213it [01:34,  3.32it/s, lr=5.00e-03, Loss=nan, AvgLoss=nan, Acc=0.22070, AvgAcc=0.22026]213it [01:34,  3.32it/s, lr=5.00e-03, Loss=nan, AvgLoss=nan, Acc=0.24609, AvgAcc=0.22038]214it [01:34,  3.58it/s, lr=5.00e-03, Loss=nan, AvgLoss=nan, Acc=0.24609, AvgAcc=0.22038]214it [01:35,  3.58it/s, lr=5.00e-03, Loss=nan, AvgLoss=nan, Acc=0.24414, AvgAcc=0.22049]215it [01:35,  3.87it/s, lr=5.00e-03, Loss=nan, AvgLoss=nan, Acc=0.24414, AvgAcc=0.22049]215it [01:35,  3.87it/s, lr=5.00e-03, Loss=nan, AvgLoss=nan, Acc=0.24805, AvgAcc=0.22062]216it [01:35,  3.58it/s, lr=5.00e-03, Loss=nan, AvgLoss=nan, Acc=0.24805, AvgAcc=0.22062]216it [01:35,  3.58it/s, lr=5.00e-03, Loss=nan, AvgLoss=nan, Acc=0.18164, AvgAcc=0.22044]217it [01:35,  3.83it/s, lr=5.00e-03, Loss=nan, AvgLoss=nan, Acc=0.18164, AvgAcc=0.22044]217it [01:35,  3.83it/s, lr=5.00e-03, Loss=nan, AvgLoss=nan, Acc=0.21680, AvgAcc=0.22043]218it [01:35,  4.01it/s, lr=5.00e-03, Loss=nan, AvgLoss=nan, Acc=0.21680, AvgAcc=0.22043]218it [01:36,  4.01it/s, lr=5.00e-03, Loss=nan, AvgLoss=nan, Acc=0.20508, AvgAcc=0.22036]219it [01:36,  4.21it/s, lr=5.00e-03, Loss=nan, AvgLoss=nan, Acc=0.20508, AvgAcc=0.22036]219it [01:36,  4.21it/s, lr=5.00e-03, Loss=nan, AvgLoss=nan, Acc=0.21484, AvgAcc=0.22033]220it [01:36,  4.35it/s, lr=5.00e-03, Loss=nan, AvgLoss=nan, Acc=0.21484, AvgAcc=0.22033]220it [01:36,  4.35it/s, lr=5.00e-03, Loss=nan, AvgLoss=nan, Acc=0.23242, AvgAcc=0.22038]221it [01:36,  3.76it/s, lr=5.00e-03, Loss=nan, AvgLoss=nan, Acc=0.23242, AvgAcc=0.22038]221it [01:36,  3.76it/s, lr=5.00e-03, Loss=nan, AvgLoss=nan, Acc=0.23438, AvgAcc=0.22045]222it [01:36,  3.92it/s, lr=5.00e-03, Loss=nan, AvgLoss=nan, Acc=0.23438, AvgAcc=0.22045]222it [01:37,  3.92it/s, lr=5.00e-03, Loss=nan, AvgLoss=nan, Acc=0.24805, AvgAcc=0.22057]223it [01:37,  4.19it/s, lr=5.00e-03, Loss=nan, AvgLoss=nan, Acc=0.24805, AvgAcc=0.22057]223it [01:37,  4.19it/s, lr=5.00e-03, Loss=nan, AvgLoss=nan, Acc=0.19922, AvgAcc=0.22048]224it [01:37,  4.42it/s, lr=5.00e-03, Loss=nan, AvgLoss=nan, Acc=0.19922, AvgAcc=0.22048]224it [01:37,  4.42it/s, lr=5.00e-03, Loss=nan, AvgLoss=nan, Acc=0.22852, AvgAcc=0.22051]225it [01:37,  4.55it/s, lr=5.00e-03, Loss=nan, AvgLoss=nan, Acc=0.22852, AvgAcc=0.22051]225it [01:37,  4.55it/s, lr=5.00e-03, Loss=nan, AvgLoss=nan, Acc=0.23242, AvgAcc=0.22056]226it [01:37,  3.93it/s, lr=5.00e-03, Loss=nan, AvgLoss=nan, Acc=0.23242, AvgAcc=0.22056]226it [01:38,  3.93it/s, lr=5.00e-03, Loss=nan, AvgLoss=nan, Acc=0.22070, AvgAcc=0.22057]227it [01:38,  3.99it/s, lr=5.00e-03, Loss=nan, AvgLoss=nan, Acc=0.22070, AvgAcc=0.22057]227it [01:38,  3.99it/s, lr=5.00e-03, Loss=nan, AvgLoss=nan, Acc=0.22266, AvgAcc=0.22057]228it [01:38,  4.05it/s, lr=5.00e-03, Loss=nan, AvgLoss=nan, Acc=0.22266, AvgAcc=0.22057]228it [01:38,  4.05it/s, lr=5.00e-03, Loss=nan, AvgLoss=nan, Acc=0.20898, AvgAcc=0.22052]229it [01:38,  4.26it/s, lr=5.00e-03, Loss=nan, AvgLoss=nan, Acc=0.20898, AvgAcc=0.22052]229it [01:38,  4.26it/s, lr=5.00e-03, Loss=nan, AvgLoss=nan, Acc=0.20312, AvgAcc=0.22045]230it [01:38,  4.44it/s, lr=5.00e-03, Loss=nan, AvgLoss=nan, Acc=0.20312, AvgAcc=0.22045]230it [01:38,  4.44it/s, lr=5.00e-03, Loss=nan, AvgLoss=nan, Acc=0.25781, AvgAcc=0.22061]231it [01:38,  3.88it/s, lr=5.00e-03, Loss=nan, AvgLoss=nan, Acc=0.25781, AvgAcc=0.22061]231it [01:39,  3.88it/s, lr=5.00e-03, Loss=nan, AvgLoss=nan, Acc=0.23242, AvgAcc=0.22066]232it [01:39,  4.01it/s, lr=5.00e-03, Loss=nan, AvgLoss=nan, Acc=0.23242, AvgAcc=0.22066]232it [01:39,  4.01it/s, lr=5.00e-03, Loss=nan, AvgLoss=nan, Acc=0.21289, AvgAcc=0.22063]233it [01:39,  4.09it/s, lr=5.00e-03, Loss=nan, AvgLoss=nan, Acc=0.21289, AvgAcc=0.22063]233it [01:39,  4.09it/s, lr=5.00e-03, Loss=nan, AvgLoss=nan, Acc=0.23438, AvgAcc=0.22069]234it [01:39,  4.24it/s, lr=5.00e-03, Loss=nan, AvgLoss=nan, Acc=0.23438, AvgAcc=0.22069]234it [01:39,  4.24it/s, lr=5.00e-03, Loss=nan, AvgLoss=nan, Acc=0.21289, AvgAcc=0.22065]235it [01:39,  4.32it/s, lr=5.00e-03, Loss=nan, AvgLoss=nan, Acc=0.21289, AvgAcc=0.22065]235it [01:40,  4.32it/s, lr=5.00e-03, Loss=nan, AvgLoss=nan, Acc=0.21875, AvgAcc=0.22065]236it [01:40,  4.42it/s, lr=5.00e-03, Loss=nan, AvgLoss=nan, Acc=0.21875, AvgAcc=0.22065]236it [01:40,  4.42it/s, lr=5.00e-03, Loss=nan, AvgLoss=nan, Acc=0.20117, AvgAcc=0.22056]237it [01:40,  3.86it/s, lr=5.00e-03, Loss=nan, AvgLoss=nan, Acc=0.20117, AvgAcc=0.22056]237it [01:40,  3.86it/s, lr=5.00e-03, Loss=nan, AvgLoss=nan, Acc=0.23633, AvgAcc=0.22063]238it [01:40,  4.16it/s, lr=5.00e-03, Loss=nan, AvgLoss=nan, Acc=0.23633, AvgAcc=0.22063]238it [01:40,  4.16it/s, lr=5.00e-03, Loss=nan, AvgLoss=nan, Acc=0.19141, AvgAcc=0.22051]239it [01:40,  4.45it/s, lr=5.00e-03, Loss=nan, AvgLoss=nan, Acc=0.19141, AvgAcc=0.22051]239it [01:41,  4.45it/s, lr=5.00e-03, Loss=nan, AvgLoss=nan, Acc=0.19336, AvgAcc=0.22039]240it [01:41,  4.47it/s, lr=5.00e-03, Loss=nan, AvgLoss=nan, Acc=0.19336, AvgAcc=0.22039]240it [01:48,  4.47it/s, lr=5.00e-03, Loss=nan, AvgLoss=nan, Acc=0.24805, AvgAcc=0.22051]241it [01:48,  2.33s/it, lr=5.00e-03, Loss=nan, AvgLoss=nan, Acc=0.24805, AvgAcc=0.22051]241it [01:48,  2.33s/it, lr=5.00e-03, Loss=nan, AvgLoss=nan, Acc=0.20117, AvgAcc=0.22043]242it [01:48,  1.74s/it, lr=5.00e-03, Loss=nan, AvgLoss=nan, Acc=0.20117, AvgAcc=0.22043]242it [01:48,  1.74s/it, lr=5.00e-03, Loss=nan, AvgLoss=nan, Acc=0.21875, AvgAcc=0.22042]243it [01:48,  1.28s/it, lr=5.00e-03, Loss=nan, AvgLoss=nan, Acc=0.21875, AvgAcc=0.22042]243it [01:49,  1.28s/it, lr=5.00e-03, Loss=nan, AvgLoss=nan, Acc=0.19531, AvgAcc=0.22032]244it [01:49,  1.04it/s, lr=5.00e-03, Loss=nan, AvgLoss=nan, Acc=0.19531, AvgAcc=0.22032]244it [01:49,  1.04it/s, lr=5.00e-03, Loss=nan, AvgLoss=nan, Acc=0.20312, AvgAcc=0.22025]245it [01:49,  1.35it/s, lr=5.00e-03, Loss=nan, AvgLoss=nan, Acc=0.20312, AvgAcc=0.22025]245it [01:49,  1.35it/s, lr=5.00e-03, Loss=nan, AvgLoss=nan, Acc=0.24609, AvgAcc=0.22035]246it [01:49,  1.71it/s, lr=5.00e-03, Loss=nan, AvgLoss=nan, Acc=0.24609, AvgAcc=0.22035]246it [01:49,  1.71it/s, lr=5.00e-03, Loss=nan, AvgLoss=nan, Acc=0.21289, AvgAcc=0.22032]247it [01:49,  1.93it/s, lr=5.00e-03, Loss=nan, AvgLoss=nan, Acc=0.21289, AvgAcc=0.22032]247it [01:50,  1.93it/s, lr=5.00e-03, Loss=nan, AvgLoss=nan, Acc=0.22266, AvgAcc=0.22033]248it [01:50,  2.33it/s, lr=5.00e-03, Loss=nan, AvgLoss=nan, Acc=0.22266, AvgAcc=0.22033]248it [01:50,  2.33it/s, lr=5.00e-03, Loss=nan, AvgLoss=nan, Acc=0.20508, AvgAcc=0.22027]249it [01:50,  2.75it/s, lr=5.00e-03, Loss=nan, AvgLoss=nan, Acc=0.20508, AvgAcc=0.22027]249it [01:50,  2.75it/s, lr=5.00e-03, Loss=nan, AvgLoss=nan, Acc=0.18750, AvgAcc=0.22014]250it [01:50,  3.04it/s, lr=5.00e-03, Loss=nan, AvgLoss=nan, Acc=0.18750, AvgAcc=0.22014]250it [01:50,  3.04it/s, lr=5.00e-03, Loss=nan, AvgLoss=nan, Acc=0.22461, AvgAcc=0.22016]251it [01:50,  3.42it/s, lr=5.00e-03, Loss=nan, AvgLoss=nan, Acc=0.22461, AvgAcc=0.22016]251it [01:51,  3.42it/s, lr=5.00e-03, Loss=nan, AvgLoss=nan, Acc=0.21875, AvgAcc=0.22015]252it [01:51,  3.26it/s, lr=5.00e-03, Loss=nan, AvgLoss=nan, Acc=0.21875, AvgAcc=0.22015]252it [01:51,  3.26it/s, lr=5.00e-03, Loss=nan, AvgLoss=nan, Acc=0.25000, AvgAcc=0.22027]253it [01:51,  3.59it/s, lr=5.00e-03, Loss=nan, AvgLoss=nan, Acc=0.25000, AvgAcc=0.22027]253it [01:51,  3.59it/s, lr=5.00e-03, Loss=nan, AvgLoss=nan, Acc=0.19531, AvgAcc=0.22017]254it [01:51,  3.82it/s, lr=5.00e-03, Loss=nan, AvgLoss=nan, Acc=0.19531, AvgAcc=0.22017]254it [01:51,  3.82it/s, lr=5.00e-03, Loss=nan, AvgLoss=nan, Acc=0.20117, AvgAcc=0.22010]255it [01:51,  3.99it/s, lr=5.00e-03, Loss=nan, AvgLoss=nan, Acc=0.20117, AvgAcc=0.22010]255it [01:52,  3.99it/s, lr=5.00e-03, Loss=nan, AvgLoss=nan, Acc=0.19141, AvgAcc=0.21999]256it [01:52,  3.66it/s, lr=5.00e-03, Loss=nan, AvgLoss=nan, Acc=0.19141, AvgAcc=0.21999]256it [01:52,  3.66it/s, lr=5.00e-03, Loss=nan, AvgLoss=nan, Acc=0.22852, AvgAcc=0.22002]257it [01:52,  3.92it/s, lr=5.00e-03, Loss=nan, AvgLoss=nan, Acc=0.22852, AvgAcc=0.22002]257it [01:52,  3.92it/s, lr=5.00e-03, Loss=nan, AvgLoss=nan, Acc=0.20508, AvgAcc=0.21996]258it [01:52,  4.15it/s, lr=5.00e-03, Loss=nan, AvgLoss=nan, Acc=0.20508, AvgAcc=0.21996]258it [01:52,  4.15it/s, lr=5.00e-03, Loss=nan, AvgLoss=nan, Acc=0.21484, AvgAcc=0.21994]259it [01:52,  4.29it/s, lr=5.00e-03, Loss=nan, AvgLoss=nan, Acc=0.21484, AvgAcc=0.21994]259it [01:52,  4.29it/s, lr=5.00e-03, Loss=nan, AvgLoss=nan, Acc=0.21484, AvgAcc=0.21992]260it [01:52,  4.46it/s, lr=5.00e-03, Loss=nan, AvgLoss=nan, Acc=0.21484, AvgAcc=0.21992]260it [01:53,  4.46it/s, lr=5.00e-03, Loss=nan, AvgLoss=nan, Acc=0.24805, AvgAcc=0.22003]261it [01:53,  3.87it/s, lr=5.00e-03, Loss=nan, AvgLoss=nan, Acc=0.24805, AvgAcc=0.22003]261it [01:53,  3.87it/s, lr=5.00e-03, Loss=nan, AvgLoss=nan, Acc=0.18750, AvgAcc=0.21991]262it [01:53,  3.94it/s, lr=5.00e-03, Loss=nan, AvgLoss=nan, Acc=0.18750, AvgAcc=0.21991]262it [01:53,  3.94it/s, lr=5.00e-03, Loss=nan, AvgLoss=nan, Acc=0.21484, AvgAcc=0.21989]263it [01:53,  4.05it/s, lr=5.00e-03, Loss=nan, AvgLoss=nan, Acc=0.21484, AvgAcc=0.21989]263it [01:53,  4.05it/s, lr=5.00e-03, Loss=nan, AvgLoss=nan, Acc=0.21289, AvgAcc=0.21986]264it [01:53,  4.25it/s, lr=5.00e-03, Loss=nan, AvgLoss=nan, Acc=0.21289, AvgAcc=0.21986]264it [01:54,  4.25it/s, lr=5.00e-03, Loss=nan, AvgLoss=nan, Acc=0.21680, AvgAcc=0.21985]265it [01:54,  4.43it/s, lr=5.00e-03, Loss=nan, AvgLoss=nan, Acc=0.21680, AvgAcc=0.21985]265it [01:54,  4.43it/s, lr=5.00e-03, Loss=nan, AvgLoss=nan, Acc=0.21875, AvgAcc=0.21984]266it [01:54,  3.97it/s, lr=5.00e-03, Loss=nan, AvgLoss=nan, Acc=0.21875, AvgAcc=0.21984]266it [01:54,  3.97it/s, lr=5.00e-03, Loss=nan, AvgLoss=nan, Acc=0.21094, AvgAcc=0.21981]267it [01:54,  4.26it/s, lr=5.00e-03, Loss=nan, AvgLoss=nan, Acc=0.21094, AvgAcc=0.21981]267it [01:54,  4.26it/s, lr=5.00e-03, Loss=nan, AvgLoss=nan, Acc=0.24609, AvgAcc=0.21991]268it [01:54,  4.48it/s, lr=5.00e-03, Loss=nan, AvgLoss=nan, Acc=0.24609, AvgAcc=0.21991]268it [01:55,  4.48it/s, lr=5.00e-03, Loss=nan, AvgLoss=nan, Acc=0.21094, AvgAcc=0.21988]269it [01:55,  4.62it/s, lr=5.00e-03, Loss=nan, AvgLoss=nan, Acc=0.21094, AvgAcc=0.21988]269it [01:55,  4.62it/s, lr=5.00e-03, Loss=nan, AvgLoss=nan, Acc=0.24219, AvgAcc=0.21996]270it [01:55,  4.48it/s, lr=5.00e-03, Loss=nan, AvgLoss=nan, Acc=0.24219, AvgAcc=0.21996]270it [01:55,  4.48it/s, lr=5.00e-03, Loss=nan, AvgLoss=nan, Acc=0.18945, AvgAcc=0.21985]271it [01:55,  4.49it/s, lr=5.00e-03, Loss=nan, AvgLoss=nan, Acc=0.18945, AvgAcc=0.21985]271it [01:55,  4.49it/s, lr=5.00e-03, Loss=nan, AvgLoss=nan, Acc=0.20312, AvgAcc=0.21978]272it [01:55,  3.97it/s, lr=5.00e-03, Loss=nan, AvgLoss=nan, Acc=0.20312, AvgAcc=0.21978]272it [01:56,  3.97it/s, lr=5.00e-03, Loss=nan, AvgLoss=nan, Acc=0.23438, AvgAcc=0.21984]273it [01:56,  4.11it/s, lr=5.00e-03, Loss=nan, AvgLoss=nan, Acc=0.23438, AvgAcc=0.21984]273it [01:56,  4.11it/s, lr=5.00e-03, Loss=nan, AvgLoss=nan, Acc=0.23633, AvgAcc=0.21990]274it [01:56,  4.19it/s, lr=5.00e-03, Loss=nan, AvgLoss=nan, Acc=0.23633, AvgAcc=0.21990]274it [01:56,  4.19it/s, lr=5.00e-03, Loss=nan, AvgLoss=nan, Acc=0.24805, AvgAcc=0.22000]275it [01:56,  4.46it/s, lr=5.00e-03, Loss=nan, AvgLoss=nan, Acc=0.24805, AvgAcc=0.22000]275it [01:56,  4.46it/s, lr=5.00e-03, Loss=nan, AvgLoss=nan, Acc=0.19727, AvgAcc=0.21992]276it [01:56,  4.57it/s, lr=5.00e-03, Loss=nan, AvgLoss=nan, Acc=0.19727, AvgAcc=0.21992]276it [01:57,  4.57it/s, lr=5.00e-03, Loss=nan, AvgLoss=nan, Acc=0.22461, AvgAcc=0.21993]277it [01:57,  3.81it/s, lr=5.00e-03, Loss=nan, AvgLoss=nan, Acc=0.22461, AvgAcc=0.21993]277it [01:57,  3.81it/s, lr=5.00e-03, Loss=nan, AvgLoss=nan, Acc=0.21875, AvgAcc=0.21993]278it [01:57,  3.93it/s, lr=5.00e-03, Loss=nan, AvgLoss=nan, Acc=0.21875, AvgAcc=0.21993]278it [02:04,  3.93it/s, lr=5.00e-03, Loss=nan, AvgLoss=nan, Acc=0.24414, AvgAcc=0.22002]279it [02:04,  2.36s/it, lr=5.00e-03, Loss=nan, AvgLoss=nan, Acc=0.24414, AvgAcc=0.22002]279it [02:04,  2.36s/it, lr=5.00e-03, Loss=nan, AvgLoss=nan, Acc=0.22656, AvgAcc=0.22004]280it [02:04,  1.72s/it, lr=5.00e-03, Loss=nan, AvgLoss=nan, Acc=0.22656, AvgAcc=0.22004]280it [02:05,  1.72s/it, lr=5.00e-03, Loss=nan, AvgLoss=nan, Acc=0.21680, AvgAcc=0.22003]281it [02:05,  1.27s/it, lr=5.00e-03, Loss=nan, AvgLoss=nan, Acc=0.21680, AvgAcc=0.22003]281it [02:05,  1.27s/it, lr=5.00e-03, Loss=nan, AvgLoss=nan, Acc=0.18750, AvgAcc=0.21991]282it [02:05,  1.05it/s, lr=5.00e-03, Loss=nan, AvgLoss=nan, Acc=0.18750, AvgAcc=0.21991]282it [02:05,  1.05it/s, lr=5.00e-03, Loss=nan, AvgLoss=nan, Acc=0.24805, AvgAcc=0.22001]283it [02:05,  1.30it/s, lr=5.00e-03, Loss=nan, AvgLoss=nan, Acc=0.24805, AvgAcc=0.22001]283it [02:05,  1.30it/s, lr=5.00e-03, Loss=nan, AvgLoss=nan, Acc=0.24805, AvgAcc=0.22011]284it [02:05,  1.67it/s, lr=5.00e-03, Loss=nan, AvgLoss=nan, Acc=0.24805, AvgAcc=0.22011]284it [02:05,  1.67it/s, lr=5.00e-03, Loss=nan, AvgLoss=nan, Acc=0.21680, AvgAcc=0.22010]285it [02:05,  2.07it/s, lr=5.00e-03, Loss=nan, AvgLoss=nan, Acc=0.21680, AvgAcc=0.22010]285it [02:06,  2.07it/s, lr=5.00e-03, Loss=nan, AvgLoss=nan, Acc=0.24023, AvgAcc=0.22017]286it [02:06,  2.52it/s, lr=5.00e-03, Loss=nan, AvgLoss=nan, Acc=0.24023, AvgAcc=0.22017]286it [02:06,  2.52it/s, lr=5.00e-03, Loss=nan, AvgLoss=nan, Acc=0.24414, AvgAcc=0.22025]287it [02:06,  2.95it/s, lr=5.00e-03, Loss=nan, AvgLoss=nan, Acc=0.24414, AvgAcc=0.22025]287it [02:06,  2.95it/s, lr=5.00e-03, Loss=nan, AvgLoss=nan, Acc=0.19727, AvgAcc=0.22017]288it [02:06,  2.88it/s, lr=5.00e-03, Loss=nan, AvgLoss=nan, Acc=0.19727, AvgAcc=0.22017]288it [02:06,  2.88it/s, lr=5.00e-03, Loss=nan, AvgLoss=nan, Acc=0.20898, AvgAcc=0.22014]289it [02:06,  3.27it/s, lr=5.00e-03, Loss=nan, AvgLoss=nan, Acc=0.20898, AvgAcc=0.22014]289it [02:07,  3.27it/s, lr=5.00e-03, Loss=nan, AvgLoss=nan, Acc=0.23438, AvgAcc=0.22018]290it [02:07,  3.61it/s, lr=5.00e-03, Loss=nan, AvgLoss=nan, Acc=0.23438, AvgAcc=0.22018]290it [02:07,  3.61it/s, lr=5.00e-03, Loss=nan, AvgLoss=nan, Acc=0.22461, AvgAcc=0.22020]291it [02:07,  3.92it/s, lr=5.00e-03, Loss=nan, AvgLoss=nan, Acc=0.22461, AvgAcc=0.22020]291it [02:07,  3.92it/s, lr=5.00e-03, Loss=nan, AvgLoss=nan, Acc=0.21875, AvgAcc=0.22019]292it [02:07,  3.53it/s, lr=5.00e-03, Loss=nan, AvgLoss=nan, Acc=0.21875, AvgAcc=0.22019]292it [02:07,  3.53it/s, lr=5.00e-03, Loss=nan, AvgLoss=nan, Acc=0.21094, AvgAcc=0.22016]293it [02:07,  3.86it/s, lr=5.00e-03, Loss=nan, AvgLoss=nan, Acc=0.21094, AvgAcc=0.22016]293it [02:08,  3.86it/s, lr=5.00e-03, Loss=nan, AvgLoss=nan, Acc=0.19727, AvgAcc=0.22009]294it [02:08,  4.14it/s, lr=5.00e-03, Loss=nan, AvgLoss=nan, Acc=0.19727, AvgAcc=0.22009]294it [02:08,  4.14it/s, lr=5.00e-03, Loss=nan, AvgLoss=nan, Acc=0.22070, AvgAcc=0.22009]295it [02:08,  4.34it/s, lr=5.00e-03, Loss=nan, AvgLoss=nan, Acc=0.22070, AvgAcc=0.22009]295it [02:08,  4.34it/s, lr=5.00e-03, Loss=nan, AvgLoss=nan, Acc=0.22852, AvgAcc=0.22012]296it [02:08,  4.44it/s, lr=5.00e-03, Loss=nan, AvgLoss=nan, Acc=0.22852, AvgAcc=0.22012]296it [02:08,  4.44it/s, lr=5.00e-03, Loss=nan, AvgLoss=nan, Acc=0.23047, AvgAcc=0.22015]297it [02:08,  3.92it/s, lr=5.00e-03, Loss=nan, AvgLoss=nan, Acc=0.23047, AvgAcc=0.22015]297it [02:09,  3.92it/s, lr=5.00e-03, Loss=nan, AvgLoss=nan, Acc=0.19922, AvgAcc=0.22008]298it [02:09,  4.04it/s, lr=5.00e-03, Loss=nan, AvgLoss=nan, Acc=0.19922, AvgAcc=0.22008]298it [02:09,  4.04it/s, lr=5.00e-03, Loss=nan, AvgLoss=nan, Acc=0.20117, AvgAcc=0.22002]299it [02:09,  4.18it/s, lr=5.00e-03, Loss=nan, AvgLoss=nan, Acc=0.20117, AvgAcc=0.22002]299it [02:09,  4.18it/s, lr=5.00e-03, Loss=nan, AvgLoss=nan, Acc=0.20508, AvgAcc=0.21997]299it [02:09,  2.31it/s, lr=5.00e-03, Loss=nan, AvgLoss=nan, Acc=0.20508, AvgAcc=0.21997]
[2025-12-08 09:43:06,612] INFO: Processed 153600 entries in total (avg. speed 1185.9 entries/s)
[2025-12-08 09:43:06,612] INFO: Train AvgLoss: nan, AvgAcc: 0.21997
[2025-12-08 09:43:06,612] INFO: Train class distribution: 
    [(0, 33787), (1, 26218), (2, 93595)]
[2025-12-08 09:43:06,843] INFO: Epoch #3 validating
0it [00:00, ?it/s]0it [00:00, ?it/s, Loss=nan, AvgLoss=nan, Acc=0.21094, AvgAcc=0.21094]1it [00:00,  9.13it/s, Loss=nan, AvgLoss=nan, Acc=0.21094, AvgAcc=0.21094]1it [00:00,  9.13it/s, Loss=nan, AvgLoss=nan, Acc=0.20508, AvgAcc=0.20801]1it [00:00,  9.13it/s, Loss=nan, AvgLoss=nan, Acc=0.22852, AvgAcc=0.21484]3it [00:00, 10.77it/s, Loss=nan, AvgLoss=nan, Acc=0.22852, AvgAcc=0.21484]3it [00:00, 10.77it/s, Loss=nan, AvgLoss=nan, Acc=0.19727, AvgAcc=0.21045]3it [00:00, 10.77it/s, Loss=nan, AvgLoss=nan, Acc=0.21289, AvgAcc=0.21094]5it [00:00,  6.92it/s, Loss=nan, AvgLoss=nan, Acc=0.21289, AvgAcc=0.21094]5it [00:00,  6.92it/s, Loss=nan, AvgLoss=nan, Acc=0.21289, AvgAcc=0.21126]6it [00:00,  7.52it/s, Loss=nan, AvgLoss=nan, Acc=0.21289, AvgAcc=0.21126]6it [00:00,  7.52it/s, Loss=nan, AvgLoss=nan, Acc=0.20898, AvgAcc=0.21094]7it [00:00,  7.57it/s, Loss=nan, AvgLoss=nan, Acc=0.20898, AvgAcc=0.21094]7it [00:00,  7.57it/s, Loss=nan, AvgLoss=nan, Acc=0.23438, AvgAcc=0.21387]7it [00:01,  7.57it/s, Loss=nan, AvgLoss=nan, Acc=0.22852, AvgAcc=0.21549]9it [00:01,  8.23it/s, Loss=nan, AvgLoss=nan, Acc=0.22852, AvgAcc=0.21549]9it [00:01,  8.23it/s, Loss=nan, AvgLoss=nan, Acc=0.23828, AvgAcc=0.21777]10it [00:01,  8.32it/s, Loss=nan, AvgLoss=nan, Acc=0.23828, AvgAcc=0.21777]10it [00:01,  8.32it/s, Loss=nan, AvgLoss=nan, Acc=0.21484, AvgAcc=0.21751]11it [00:01,  8.19it/s, Loss=nan, AvgLoss=nan, Acc=0.21484, AvgAcc=0.21751]11it [00:01,  8.19it/s, Loss=nan, AvgLoss=nan, Acc=0.21875, AvgAcc=0.21761]12it [00:01,  8.16it/s, Loss=nan, AvgLoss=nan, Acc=0.21875, AvgAcc=0.21761]12it [00:01,  8.16it/s, Loss=nan, AvgLoss=nan, Acc=0.22461, AvgAcc=0.21815]13it [00:01,  8.34it/s, Loss=nan, AvgLoss=nan, Acc=0.22461, AvgAcc=0.21815]13it [00:01,  8.34it/s, Loss=nan, AvgLoss=nan, Acc=0.22852, AvgAcc=0.21889]14it [00:01,  8.52it/s, Loss=nan, AvgLoss=nan, Acc=0.22852, AvgAcc=0.21889]14it [00:01,  8.52it/s, Loss=nan, AvgLoss=nan, Acc=0.20117, AvgAcc=0.21771]15it [00:01,  8.83it/s, Loss=nan, AvgLoss=nan, Acc=0.20117, AvgAcc=0.21771]15it [00:02,  8.83it/s, Loss=nan, AvgLoss=nan, Acc=0.20508, AvgAcc=0.21692]16it [00:02,  5.91it/s, Loss=nan, AvgLoss=nan, Acc=0.20508, AvgAcc=0.21692]16it [00:02,  5.91it/s, Loss=nan, AvgLoss=nan, Acc=0.23047, AvgAcc=0.21772]17it [00:02,  6.26it/s, Loss=nan, AvgLoss=nan, Acc=0.23047, AvgAcc=0.21772]17it [00:02,  6.26it/s, Loss=nan, AvgLoss=nan, Acc=0.18555, AvgAcc=0.21593]18it [00:02,  6.84it/s, Loss=nan, AvgLoss=nan, Acc=0.18555, AvgAcc=0.21593]18it [00:02,  6.84it/s, Loss=nan, AvgLoss=nan, Acc=0.22461, AvgAcc=0.21639]19it [00:02,  7.10it/s, Loss=nan, AvgLoss=nan, Acc=0.22461, AvgAcc=0.21639]19it [00:02,  7.10it/s, Loss=nan, AvgLoss=nan, Acc=0.20898, AvgAcc=0.21602]20it [00:02,  7.33it/s, Loss=nan, AvgLoss=nan, Acc=0.20898, AvgAcc=0.21602]20it [00:02,  7.33it/s, Loss=nan, AvgLoss=nan, Acc=0.25391, AvgAcc=0.21782]21it [00:02,  7.49it/s, Loss=nan, AvgLoss=nan, Acc=0.25391, AvgAcc=0.21782]21it [00:02,  7.49it/s, Loss=nan, AvgLoss=nan, Acc=0.18945, AvgAcc=0.21653]22it [00:02,  7.55it/s, Loss=nan, AvgLoss=nan, Acc=0.18945, AvgAcc=0.21653]22it [00:03,  7.55it/s, Loss=nan, AvgLoss=nan, Acc=0.20312, AvgAcc=0.21595]23it [00:03,  7.57it/s, Loss=nan, AvgLoss=nan, Acc=0.20312, AvgAcc=0.21595]23it [00:03,  7.57it/s, Loss=nan, AvgLoss=nan, Acc=0.21875, AvgAcc=0.21606]24it [00:03,  7.90it/s, Loss=nan, AvgLoss=nan, Acc=0.21875, AvgAcc=0.21606]24it [00:03,  7.90it/s, Loss=nan, AvgLoss=nan, Acc=0.22266, AvgAcc=0.21633]25it [00:03,  7.84it/s, Loss=nan, AvgLoss=nan, Acc=0.22266, AvgAcc=0.21633]25it [00:03,  7.84it/s, Loss=nan, AvgLoss=nan, Acc=0.18555, AvgAcc=0.21514]26it [00:03,  6.11it/s, Loss=nan, AvgLoss=nan, Acc=0.18555, AvgAcc=0.21514]26it [00:03,  6.11it/s, Loss=nan, AvgLoss=nan, Acc=0.22461, AvgAcc=0.21549]27it [00:03,  6.90it/s, Loss=nan, AvgLoss=nan, Acc=0.22461, AvgAcc=0.21549]27it [00:03,  6.90it/s, Loss=nan, AvgLoss=nan, Acc=0.23438, AvgAcc=0.21617]28it [00:03,  7.08it/s, Loss=nan, AvgLoss=nan, Acc=0.23438, AvgAcc=0.21617]28it [00:03,  7.08it/s, Loss=nan, AvgLoss=nan, Acc=0.22656, AvgAcc=0.21653]29it [00:03,  7.39it/s, Loss=nan, AvgLoss=nan, Acc=0.22656, AvgAcc=0.21653]29it [00:03,  7.39it/s, Loss=nan, AvgLoss=nan, Acc=0.23242, AvgAcc=0.21706]30it [00:03,  7.48it/s, Loss=nan, AvgLoss=nan, Acc=0.23242, AvgAcc=0.21706]30it [00:04,  7.48it/s, Loss=nan, AvgLoss=nan, Acc=0.21289, AvgAcc=0.21692]31it [00:04,  7.65it/s, Loss=nan, AvgLoss=nan, Acc=0.21289, AvgAcc=0.21692]31it [00:04,  7.65it/s, Loss=nan, AvgLoss=nan, Acc=0.21680, AvgAcc=0.21692]32it [00:04,  7.81it/s, Loss=nan, AvgLoss=nan, Acc=0.21680, AvgAcc=0.21692]32it [00:04,  7.81it/s, Loss=nan, AvgLoss=nan, Acc=0.20117, AvgAcc=0.21644]33it [00:04,  7.86it/s, Loss=nan, AvgLoss=nan, Acc=0.20117, AvgAcc=0.21644]33it [00:04,  7.86it/s, Loss=nan, AvgLoss=nan, Acc=0.20312, AvgAcc=0.21605]34it [00:04,  8.15it/s, Loss=nan, AvgLoss=nan, Acc=0.20312, AvgAcc=0.21605]34it [00:04,  8.15it/s, Loss=nan, AvgLoss=nan, Acc=0.24219, AvgAcc=0.21680]35it [00:04,  7.95it/s, Loss=nan, AvgLoss=nan, Acc=0.24219, AvgAcc=0.21680]35it [00:04,  7.95it/s, Loss=nan, AvgLoss=nan, Acc=0.19922, AvgAcc=0.21631]36it [00:04,  7.78it/s, Loss=nan, AvgLoss=nan, Acc=0.19922, AvgAcc=0.21631]36it [00:05,  7.78it/s, Loss=nan, AvgLoss=nan, Acc=0.21680, AvgAcc=0.21632]37it [00:05,  5.41it/s, Loss=nan, AvgLoss=nan, Acc=0.21680, AvgAcc=0.21632]37it [00:05,  5.41it/s, Loss=nan, AvgLoss=nan, Acc=0.19727, AvgAcc=0.21582]38it [00:05,  5.90it/s, Loss=nan, AvgLoss=nan, Acc=0.19727, AvgAcc=0.21582]38it [00:05,  5.90it/s, Loss=nan, AvgLoss=nan, Acc=0.22461, AvgAcc=0.21605]39it [00:05,  6.40it/s, Loss=nan, AvgLoss=nan, Acc=0.22461, AvgAcc=0.21605]39it [00:05,  6.40it/s, Loss=nan, AvgLoss=nan, Acc=0.22852, AvgAcc=0.21636]39it [00:05,  6.40it/s, Loss=nan, AvgLoss=nan, Acc=0.23047, AvgAcc=0.21670]41it [00:05,  7.71it/s, Loss=nan, AvgLoss=nan, Acc=0.23047, AvgAcc=0.21670]41it [00:23,  7.71it/s, Loss=nan, AvgLoss=nan, Acc=0.19336, AvgAcc=0.21615]42it [00:23,  4.60s/it, Loss=nan, AvgLoss=nan, Acc=0.19336, AvgAcc=0.21615]42it [00:23,  4.60s/it, Loss=nan, AvgLoss=nan, Acc=0.22852, AvgAcc=0.21643]43it [00:23,  3.42s/it, Loss=nan, AvgLoss=nan, Acc=0.22852, AvgAcc=0.21643]43it [00:23,  3.42s/it, Loss=nan, AvgLoss=nan, Acc=0.20508, AvgAcc=0.21618]43it [00:23,  3.42s/it, Loss=nan, AvgLoss=nan, Acc=0.22070, AvgAcc=0.21628]45it [00:23,  1.99s/it, Loss=nan, AvgLoss=nan, Acc=0.22070, AvgAcc=0.21628]45it [00:23,  1.99s/it, Loss=nan, AvgLoss=nan, Acc=0.22852, AvgAcc=0.21654]45it [00:24,  1.99s/it, Loss=nan, AvgLoss=nan, Acc=0.20312, AvgAcc=0.21626]47it [00:24,  1.27s/it, Loss=nan, AvgLoss=nan, Acc=0.20312, AvgAcc=0.21626]47it [00:24,  1.27s/it, Loss=nan, AvgLoss=nan, Acc=0.22070, AvgAcc=0.21635]47it [00:24,  1.27s/it, Loss=nan, AvgLoss=nan, Acc=0.23633, AvgAcc=0.21676]49it [00:24,  1.17it/s, Loss=nan, AvgLoss=nan, Acc=0.23633, AvgAcc=0.21676]49it [00:24,  1.17it/s, Loss=nan, AvgLoss=nan, Acc=0.21484, AvgAcc=0.21672]49it [00:24,  1.17it/s, Loss=nan, AvgLoss=nan, Acc=0.24023, AvgAcc=0.21718]51it [00:24,  1.68it/s, Loss=nan, AvgLoss=nan, Acc=0.24023, AvgAcc=0.21718]51it [00:24,  1.68it/s, Loss=nan, AvgLoss=nan, Acc=0.24414, AvgAcc=0.21770]51it [00:24,  1.68it/s, Loss=nan, AvgLoss=nan, Acc=0.22266, AvgAcc=0.21779]53it [00:24,  2.20it/s, Loss=nan, AvgLoss=nan, Acc=0.22266, AvgAcc=0.21779]53it [00:24,  2.20it/s, Loss=nan, AvgLoss=nan, Acc=0.21875, AvgAcc=0.21781]54it [00:24,  2.57it/s, Loss=nan, AvgLoss=nan, Acc=0.21875, AvgAcc=0.21781]54it [00:24,  2.57it/s, Loss=nan, AvgLoss=nan, Acc=0.21484, AvgAcc=0.21776]54it [00:25,  2.57it/s, Loss=nan, AvgLoss=nan, Acc=0.21875, AvgAcc=0.21777]56it [00:25,  3.57it/s, Loss=nan, AvgLoss=nan, Acc=0.21875, AvgAcc=0.21777]56it [00:25,  3.57it/s, Loss=nan, AvgLoss=nan, Acc=0.18750, AvgAcc=0.21724]56it [00:25,  3.57it/s, Loss=nan, AvgLoss=nan, Acc=0.21875, AvgAcc=0.21727]58it [00:25,  4.69it/s, Loss=nan, AvgLoss=nan, Acc=0.21875, AvgAcc=0.21727]58it [00:25,  4.69it/s, Loss=nan, AvgLoss=nan, Acc=0.23438, AvgAcc=0.21756]58it [00:25,  4.69it/s, Loss=nan, AvgLoss=nan, Acc=0.23828, AvgAcc=0.21790]60it [00:25,  5.85it/s, Loss=nan, AvgLoss=nan, Acc=0.23828, AvgAcc=0.21790]60it [00:25,  5.85it/s, Loss=nan, AvgLoss=nan, Acc=0.22656, AvgAcc=0.21805]60it [00:25,  5.85it/s, Loss=nan, AvgLoss=nan, Acc=0.24219, AvgAcc=0.21843]62it [00:25,  7.01it/s, Loss=nan, AvgLoss=nan, Acc=0.24219, AvgAcc=0.21843]62it [00:25,  7.01it/s, Loss=nan, AvgLoss=nan, Acc=0.23047, AvgAcc=0.21863]62it [00:25,  7.01it/s, Loss=nan, AvgLoss=nan, Acc=0.23438, AvgAcc=0.21887]64it [00:25,  8.25it/s, Loss=nan, AvgLoss=nan, Acc=0.23438, AvgAcc=0.21887]64it [00:25,  8.25it/s, Loss=nan, AvgLoss=nan, Acc=0.25586, AvgAcc=0.21944]64it [00:25,  8.25it/s, Loss=nan, AvgLoss=nan, Acc=0.20508, AvgAcc=0.21922]66it [00:25,  9.22it/s, Loss=nan, AvgLoss=nan, Acc=0.20508, AvgAcc=0.21922]66it [00:25,  9.22it/s, Loss=nan, AvgLoss=nan, Acc=0.23633, AvgAcc=0.21948]66it [00:25,  9.22it/s, Loss=nan, AvgLoss=nan, Acc=0.25391, AvgAcc=0.21999]68it [00:25,  9.42it/s, Loss=nan, AvgLoss=nan, Acc=0.25391, AvgAcc=0.21999]68it [00:26,  9.42it/s, Loss=nan, AvgLoss=nan, Acc=0.20312, AvgAcc=0.21974]68it [00:26,  9.42it/s, Loss=nan, AvgLoss=nan, Acc=0.23438, AvgAcc=0.21995]70it [00:26,  9.82it/s, Loss=nan, AvgLoss=nan, Acc=0.23438, AvgAcc=0.21995]70it [00:26,  9.82it/s, Loss=nan, AvgLoss=nan, Acc=0.23633, AvgAcc=0.22018]70it [00:26,  9.82it/s, Loss=nan, AvgLoss=nan, Acc=0.22852, AvgAcc=0.22030]72it [00:26, 10.35it/s, Loss=nan, AvgLoss=nan, Acc=0.22852, AvgAcc=0.22030]72it [00:26, 10.35it/s, Loss=nan, AvgLoss=nan, Acc=0.22461, AvgAcc=0.22036]72it [00:26, 10.35it/s, Loss=nan, AvgLoss=nan, Acc=0.23242, AvgAcc=0.22052]74it [00:26,  9.05it/s, Loss=nan, AvgLoss=nan, Acc=0.23242, AvgAcc=0.22052]74it [00:26,  9.05it/s, Loss=nan, AvgLoss=nan, Acc=0.22852, AvgAcc=0.22062]74it [00:26,  2.77it/s, Loss=nan, AvgLoss=nan, Acc=0.22852, AvgAcc=0.22062]
[2025-12-08 09:43:33,566] INFO: Processed 38400 entries in total (avg. speed 1437.0 entries/s)
[2025-12-08 09:43:33,566] INFO: Evaluation class distribution: 
    [(0, 8472), (1, 6595), (2, 23333)]
[2025-12-08 09:43:33,568] ERROR: Input contains NaN.
[2025-12-08 09:43:33,622] ERROR: Input contains NaN.
[2025-12-08 09:43:33,623] INFO: Evaluation metrics: 
    - roc_auc_score: 
None
    - roc_auc_score_matrix: 
None
    - confusion_matrix: 
[[1. 0. 0.]
 [1. 0. 0.]
 [1. 0. 0.]]
[2025-12-08 09:43:33,631] INFO: Pairwise ROC AUC:
[2025-12-08 09:43:33,631] INFO: [1mEpoch #3: Current validation metric: 0.22062 (best: 0.22268)[0m
[2025-12-08 09:43:33,631] INFO: --------------------------------------------------
[2025-12-08 09:43:33,631] INFO: Epoch #4 training
0it [00:00, ?it/s]/oscar/home/tgillin/files/weaver-core/weaver/utils/nn/tools.py:125: FutureWarning: `torch.cuda.amp.autocast(args...)` is deprecated. Please use `torch.amp.autocast('cuda', args...)` instead.
  with torch.cuda.amp.autocast(enabled=grad_scaler is not None):
/oscar/home/tgillin/files/weaver-core/weaver/nn/model/ParticleTransformer.py:549: FutureWarning: `torch.cuda.amp.autocast(args...)` is deprecated. Please use `torch.amp.autocast('cuda', args...)` instead.
  with torch.cuda.amp.autocast(enabled=self.use_amp):
/users/tgillin/miniconda3/envs/weaver/lib/python3.10/site-packages/torch/nn/functional.py:6041: UserWarning: Support for mismatched key_padding_mask and attn_mask is deprecated. Use same type for both instead.
  warnings.warn(
0it [00:00, ?it/s, lr=5.00e-03, Loss=nan, AvgLoss=nan, Acc=0.20898, AvgAcc=0.20898]1it [00:00,  4.32it/s, lr=5.00e-03, Loss=nan, AvgLoss=nan, Acc=0.20898, AvgAcc=0.20898]1it [00:00,  4.32it/s, lr=5.00e-03, Loss=nan, AvgLoss=nan, Acc=0.20117, AvgAcc=0.20508]2it [00:00,  4.47it/s, lr=5.00e-03, Loss=nan, AvgLoss=nan, Acc=0.20117, AvgAcc=0.20508]2it [00:00,  4.47it/s, lr=5.00e-03, Loss=nan, AvgLoss=nan, Acc=0.22461, AvgAcc=0.21159]3it [00:00,  4.65it/s, lr=5.00e-03, Loss=nan, AvgLoss=nan, Acc=0.22461, AvgAcc=0.21159]3it [00:00,  4.65it/s, lr=5.00e-03, Loss=nan, AvgLoss=nan, Acc=0.21484, AvgAcc=0.21240]4it [00:00,  4.86it/s, lr=5.00e-03, Loss=nan, AvgLoss=nan, Acc=0.21484, AvgAcc=0.21240]4it [00:01,  4.86it/s, lr=5.00e-03, Loss=nan, AvgLoss=nan, Acc=0.23828, AvgAcc=0.21758]5it [00:01,  4.03it/s, lr=5.00e-03, Loss=nan, AvgLoss=nan, Acc=0.23828, AvgAcc=0.21758]5it [00:01,  4.03it/s, lr=5.00e-03, Loss=nan, AvgLoss=nan, Acc=0.21875, AvgAcc=0.21777]6it [00:01,  4.22it/s, lr=5.00e-03, Loss=nan, AvgLoss=nan, Acc=0.21875, AvgAcc=0.21777]6it [00:01,  4.22it/s, lr=5.00e-03, Loss=nan, AvgLoss=nan, Acc=0.21094, AvgAcc=0.21680]7it [00:01,  4.30it/s, lr=5.00e-03, Loss=nan, AvgLoss=nan, Acc=0.21094, AvgAcc=0.21680]7it [00:01,  4.30it/s, lr=5.00e-03, Loss=nan, AvgLoss=nan, Acc=0.23828, AvgAcc=0.21948]8it [00:01,  4.30it/s, lr=5.00e-03, Loss=nan, AvgLoss=nan, Acc=0.23828, AvgAcc=0.21948]8it [00:02,  4.30it/s, lr=5.00e-03, Loss=nan, AvgLoss=nan, Acc=0.23242, AvgAcc=0.22092]9it [00:02,  4.40it/s, lr=5.00e-03, Loss=nan, AvgLoss=nan, Acc=0.23242, AvgAcc=0.22092]9it [00:02,  4.40it/s, lr=5.00e-03, Loss=nan, AvgLoss=nan, Acc=0.20508, AvgAcc=0.21934]10it [00:02,  4.53it/s, lr=5.00e-03, Loss=nan, AvgLoss=nan, Acc=0.20508, AvgAcc=0.21934]10it [00:02,  4.53it/s, lr=5.00e-03, Loss=nan, AvgLoss=nan, Acc=0.22266, AvgAcc=0.21964]11it [00:02,  3.96it/s, lr=5.00e-03, Loss=nan, AvgLoss=nan, Acc=0.22266, AvgAcc=0.21964]11it [00:02,  3.96it/s, lr=5.00e-03, Loss=nan, AvgLoss=nan, Acc=0.23242, AvgAcc=0.22070]12it [00:02,  4.16it/s, lr=5.00e-03, Loss=nan, AvgLoss=nan, Acc=0.23242, AvgAcc=0.22070]12it [00:03,  4.16it/s, lr=5.00e-03, Loss=nan, AvgLoss=nan, Acc=0.24023, AvgAcc=0.22221]13it [00:03,  4.33it/s, lr=5.00e-03, Loss=nan, AvgLoss=nan, Acc=0.24023, AvgAcc=0.22221]13it [00:03,  4.33it/s, lr=5.00e-03, Loss=nan, AvgLoss=nan, Acc=0.23047, AvgAcc=0.22280]14it [00:03,  4.40it/s, lr=5.00e-03, Loss=nan, AvgLoss=nan, Acc=0.23047, AvgAcc=0.22280]14it [00:03,  4.40it/s, lr=5.00e-03, Loss=nan, AvgLoss=nan, Acc=0.27148, AvgAcc=0.22604]15it [00:03,  4.45it/s, lr=5.00e-03, Loss=nan, AvgLoss=nan, Acc=0.27148, AvgAcc=0.22604]15it [00:03,  4.45it/s, lr=5.00e-03, Loss=nan, AvgLoss=nan, Acc=0.22266, AvgAcc=0.22583]16it [00:03,  4.59it/s, lr=5.00e-03, Loss=nan, AvgLoss=nan, Acc=0.22266, AvgAcc=0.22583]16it [00:04,  4.59it/s, lr=5.00e-03, Loss=nan, AvgLoss=nan, Acc=0.20898, AvgAcc=0.22484]17it [00:04,  3.48it/s, lr=5.00e-03, Loss=nan, AvgLoss=nan, Acc=0.20898, AvgAcc=0.22484]17it [00:04,  3.48it/s, lr=5.00e-03, Loss=nan, AvgLoss=nan, Acc=0.20117, AvgAcc=0.22352]18it [00:04,  3.41it/s, lr=5.00e-03, Loss=nan, AvgLoss=nan, Acc=0.20117, AvgAcc=0.22352]18it [00:04,  3.41it/s, lr=5.00e-03, Loss=nan, AvgLoss=nan, Acc=0.22656, AvgAcc=0.22368]19it [00:04,  3.45it/s, lr=5.00e-03, Loss=nan, AvgLoss=nan, Acc=0.22656, AvgAcc=0.22368]19it [00:05,  3.45it/s, lr=5.00e-03, Loss=nan, AvgLoss=nan, Acc=0.21875, AvgAcc=0.22344]20it [00:05,  2.99it/s, lr=5.00e-03, Loss=nan, AvgLoss=nan, Acc=0.21875, AvgAcc=0.22344]20it [00:05,  2.99it/s, lr=5.00e-03, Loss=nan, AvgLoss=nan, Acc=0.19922, AvgAcc=0.22228]21it [00:05,  3.17it/s, lr=5.00e-03, Loss=nan, AvgLoss=nan, Acc=0.19922, AvgAcc=0.22228]21it [00:05,  3.17it/s, lr=5.00e-03, Loss=nan, AvgLoss=nan, Acc=0.23242, AvgAcc=0.22275]22it [00:05,  3.22it/s, lr=5.00e-03, Loss=nan, AvgLoss=nan, Acc=0.23242, AvgAcc=0.22275]22it [00:05,  3.22it/s, lr=5.00e-03, Loss=nan, AvgLoss=nan, Acc=0.21289, AvgAcc=0.22232]23it [00:05,  3.29it/s, lr=5.00e-03, Loss=nan, AvgLoss=nan, Acc=0.21289, AvgAcc=0.22232]23it [00:06,  3.29it/s, lr=5.00e-03, Loss=nan, AvgLoss=nan, Acc=0.20703, AvgAcc=0.22168]24it [00:06,  2.79it/s, lr=5.00e-03, Loss=nan, AvgLoss=nan, Acc=0.20703, AvgAcc=0.22168]24it [00:06,  2.79it/s, lr=5.00e-03, Loss=nan, AvgLoss=nan, Acc=0.22656, AvgAcc=0.22187]25it [00:06,  2.96it/s, lr=5.00e-03, Loss=nan, AvgLoss=nan, Acc=0.22656, AvgAcc=0.22187]25it [00:07,  2.96it/s, lr=5.00e-03, Loss=nan, AvgLoss=nan, Acc=0.23438, AvgAcc=0.22236]26it [00:07,  3.05it/s, lr=5.00e-03, Loss=nan, AvgLoss=nan, Acc=0.23438, AvgAcc=0.22236]26it [00:07,  3.05it/s, lr=5.00e-03, Loss=nan, AvgLoss=nan, Acc=0.20898, AvgAcc=0.22186]27it [00:07,  3.21it/s, lr=5.00e-03, Loss=nan, AvgLoss=nan, Acc=0.20898, AvgAcc=0.22186]27it [00:07,  3.21it/s, lr=5.00e-03, Loss=nan, AvgLoss=nan, Acc=0.19922, AvgAcc=0.22105]28it [00:07,  2.83it/s, lr=5.00e-03, Loss=nan, AvgLoss=nan, Acc=0.19922, AvgAcc=0.22105]28it [00:08,  2.83it/s, lr=5.00e-03, Loss=nan, AvgLoss=nan, Acc=0.24805, AvgAcc=0.22198]29it [00:08,  2.98it/s, lr=5.00e-03, Loss=nan, AvgLoss=nan, Acc=0.24805, AvgAcc=0.22198]29it [00:08,  2.98it/s, lr=5.00e-03, Loss=nan, AvgLoss=nan, Acc=0.22656, AvgAcc=0.22214]30it [00:08,  3.02it/s, lr=5.00e-03, Loss=nan, AvgLoss=nan, Acc=0.22656, AvgAcc=0.22214]30it [00:08,  3.02it/s, lr=5.00e-03, Loss=nan, AvgLoss=nan, Acc=0.18945, AvgAcc=0.22108]31it [00:08,  2.70it/s, lr=5.00e-03, Loss=nan, AvgLoss=nan, Acc=0.18945, AvgAcc=0.22108]31it [00:09,  2.70it/s, lr=5.00e-03, Loss=nan, AvgLoss=nan, Acc=0.18945, AvgAcc=0.22009]32it [00:09,  2.90it/s, lr=5.00e-03, Loss=nan, AvgLoss=nan, Acc=0.18945, AvgAcc=0.22009]32it [00:09,  2.90it/s, lr=5.00e-03, Loss=nan, AvgLoss=nan, Acc=0.24414, AvgAcc=0.22082]33it [00:09,  3.10it/s, lr=5.00e-03, Loss=nan, AvgLoss=nan, Acc=0.24414, AvgAcc=0.22082]33it [00:09,  3.10it/s, lr=5.00e-03, Loss=nan, AvgLoss=nan, Acc=0.19531, AvgAcc=0.22007]34it [00:09,  2.76it/s, lr=5.00e-03, Loss=nan, AvgLoss=nan, Acc=0.19531, AvgAcc=0.22007]34it [00:10,  2.76it/s, lr=5.00e-03, Loss=nan, AvgLoss=nan, Acc=0.20898, AvgAcc=0.21975]35it [00:10,  2.97it/s, lr=5.00e-03, Loss=nan, AvgLoss=nan, Acc=0.20898, AvgAcc=0.21975]35it [00:10,  2.97it/s, lr=5.00e-03, Loss=nan, AvgLoss=nan, Acc=0.19922, AvgAcc=0.21918]36it [00:10,  3.09it/s, lr=5.00e-03, Loss=nan, AvgLoss=nan, Acc=0.19922, AvgAcc=0.21918]36it [00:10,  3.09it/s, lr=5.00e-03, Loss=nan, AvgLoss=nan, Acc=0.21680, AvgAcc=0.21912]37it [00:10,  3.22it/s, lr=5.00e-03, Loss=nan, AvgLoss=nan, Acc=0.21680, AvgAcc=0.21912]37it [00:11,  3.22it/s, lr=5.00e-03, Loss=nan, AvgLoss=nan, Acc=0.19336, AvgAcc=0.21844]38it [00:11,  2.78it/s, lr=5.00e-03, Loss=nan, AvgLoss=nan, Acc=0.19336, AvgAcc=0.21844]38it [00:11,  2.78it/s, lr=5.00e-03, Loss=nan, AvgLoss=nan, Acc=0.19922, AvgAcc=0.21795]39it [00:11,  2.88it/s, lr=5.00e-03, Loss=nan, AvgLoss=nan, Acc=0.19922, AvgAcc=0.21795]39it [00:11,  2.88it/s, lr=5.00e-03, Loss=nan, AvgLoss=nan, Acc=0.22266, AvgAcc=0.21807]40it [00:11,  3.06it/s, lr=5.00e-03, Loss=nan, AvgLoss=nan, Acc=0.22266, AvgAcc=0.21807]40it [00:12,  3.06it/s, lr=5.00e-03, Loss=nan, AvgLoss=nan, Acc=0.21680, AvgAcc=0.21804]41it [00:12,  3.16it/s, lr=5.00e-03, Loss=nan, AvgLoss=nan, Acc=0.21680, AvgAcc=0.21804]41it [00:12,  3.16it/s, lr=5.00e-03, Loss=nan, AvgLoss=nan, Acc=0.21484, AvgAcc=0.21796]42it [00:12,  2.82it/s, lr=5.00e-03, Loss=nan, AvgLoss=nan, Acc=0.21484, AvgAcc=0.21796]42it [00:12,  2.82it/s, lr=5.00e-03, Loss=nan, AvgLoss=nan, Acc=0.22070, AvgAcc=0.21802]43it [00:12,  2.97it/s, lr=5.00e-03, Loss=nan, AvgLoss=nan, Acc=0.22070, AvgAcc=0.21802]43it [00:13,  2.97it/s, lr=5.00e-03, Loss=nan, AvgLoss=nan, Acc=0.21484, AvgAcc=0.21795]44it [00:13,  3.06it/s, lr=5.00e-03, Loss=nan, AvgLoss=nan, Acc=0.21484, AvgAcc=0.21795]44it [00:13,  3.06it/s, lr=5.00e-03, Loss=nan, AvgLoss=nan, Acc=0.21094, AvgAcc=0.21780]45it [00:13,  3.19it/s, lr=5.00e-03, Loss=nan, AvgLoss=nan, Acc=0.21094, AvgAcc=0.21780]45it [00:13,  3.19it/s, lr=5.00e-03, Loss=nan, AvgLoss=nan, Acc=0.23633, AvgAcc=0.21820]46it [00:13,  2.71it/s, lr=5.00e-03, Loss=nan, AvgLoss=nan, Acc=0.23633, AvgAcc=0.21820]46it [00:14,  2.71it/s, lr=5.00e-03, Loss=nan, AvgLoss=nan, Acc=0.21094, AvgAcc=0.21804]47it [00:14,  2.88it/s, lr=5.00e-03, Loss=nan, AvgLoss=nan, Acc=0.21094, AvgAcc=0.21804]47it [00:14,  2.88it/s, lr=5.00e-03, Loss=nan, AvgLoss=nan, Acc=0.22852, AvgAcc=0.21826]48it [00:14,  3.01it/s, lr=5.00e-03, Loss=nan, AvgLoss=nan, Acc=0.22852, AvgAcc=0.21826]48it [00:14,  3.01it/s, lr=5.00e-03, Loss=nan, AvgLoss=nan, Acc=0.26172, AvgAcc=0.21915]49it [00:14,  2.82it/s, lr=5.00e-03, Loss=nan, AvgLoss=nan, Acc=0.26172, AvgAcc=0.21915]49it [00:15,  2.82it/s, lr=5.00e-03, Loss=nan, AvgLoss=nan, Acc=0.19336, AvgAcc=0.21863]50it [00:15,  3.00it/s, lr=5.00e-03, Loss=nan, AvgLoss=nan, Acc=0.19336, AvgAcc=0.21863]50it [00:15,  3.00it/s, lr=5.00e-03, Loss=nan, AvgLoss=nan, Acc=0.21484, AvgAcc=0.21856]51it [00:15,  3.09it/s, lr=5.00e-03, Loss=nan, AvgLoss=nan, Acc=0.21484, AvgAcc=0.21856]51it [00:15,  3.09it/s, lr=5.00e-03, Loss=nan, AvgLoss=nan, Acc=0.23047, AvgAcc=0.21879]52it [00:15,  3.19it/s, lr=5.00e-03, Loss=nan, AvgLoss=nan, Acc=0.23047, AvgAcc=0.21879]52it [00:16,  3.19it/s, lr=5.00e-03, Loss=nan, AvgLoss=nan, Acc=0.22266, AvgAcc=0.21886]53it [00:16,  2.84it/s, lr=5.00e-03, Loss=nan, AvgLoss=nan, Acc=0.22266, AvgAcc=0.21886]53it [00:16,  2.84it/s, lr=5.00e-03, Loss=nan, AvgLoss=nan, Acc=0.19336, AvgAcc=0.21839]54it [00:16,  2.97it/s, lr=5.00e-03, Loss=nan, AvgLoss=nan, Acc=0.19336, AvgAcc=0.21839]54it [00:29,  2.97it/s, lr=5.00e-03, Loss=nan, AvgLoss=nan, Acc=0.21289, AvgAcc=0.21829]55it [00:29,  4.10s/it, lr=5.00e-03, Loss=nan, AvgLoss=nan, Acc=0.21289, AvgAcc=0.21829]55it [00:29,  4.10s/it, lr=5.00e-03, Loss=nan, AvgLoss=nan, Acc=0.21875, AvgAcc=0.21830]56it [00:29,  2.94s/it, lr=5.00e-03, Loss=nan, AvgLoss=nan, Acc=0.21875, AvgAcc=0.21830]56it [00:29,  2.94s/it, lr=5.00e-03, Loss=nan, AvgLoss=nan, Acc=0.19922, AvgAcc=0.21796]57it [00:29,  2.12s/it, lr=5.00e-03, Loss=nan, AvgLoss=nan, Acc=0.19922, AvgAcc=0.21796]57it [00:30,  2.12s/it, lr=5.00e-03, Loss=nan, AvgLoss=nan, Acc=0.21484, AvgAcc=0.21791]58it [00:30,  1.55s/it, lr=5.00e-03, Loss=nan, AvgLoss=nan, Acc=0.21484, AvgAcc=0.21791]58it [00:30,  1.55s/it, lr=5.00e-03, Loss=nan, AvgLoss=nan, Acc=0.25586, AvgAcc=0.21855]59it [00:30,  1.15s/it, lr=5.00e-03, Loss=nan, AvgLoss=nan, Acc=0.25586, AvgAcc=0.21855]59it [00:30,  1.15s/it, lr=5.00e-03, Loss=nan, AvgLoss=nan, Acc=0.22656, AvgAcc=0.21868]60it [00:30,  1.11it/s, lr=5.00e-03, Loss=nan, AvgLoss=nan, Acc=0.22656, AvgAcc=0.21868]60it [00:30,  1.11it/s, lr=5.00e-03, Loss=nan, AvgLoss=nan, Acc=0.23438, AvgAcc=0.21894]61it [00:30,  1.44it/s, lr=5.00e-03, Loss=nan, AvgLoss=nan, Acc=0.23438, AvgAcc=0.21894]61it [00:31,  1.44it/s, lr=5.00e-03, Loss=nan, AvgLoss=nan, Acc=0.22461, AvgAcc=0.21903]62it [00:31,  1.82it/s, lr=5.00e-03, Loss=nan, AvgLoss=nan, Acc=0.22461, AvgAcc=0.21903]62it [00:31,  1.82it/s, lr=5.00e-03, Loss=nan, AvgLoss=nan, Acc=0.22852, AvgAcc=0.21918]63it [00:31,  2.25it/s, lr=5.00e-03, Loss=nan, AvgLoss=nan, Acc=0.22852, AvgAcc=0.21918]63it [00:31,  2.25it/s, lr=5.00e-03, Loss=nan, AvgLoss=nan, Acc=0.25781, AvgAcc=0.21979]64it [00:31,  2.66it/s, lr=5.00e-03, Loss=nan, AvgLoss=nan, Acc=0.25781, AvgAcc=0.21979]64it [00:31,  2.66it/s, lr=5.00e-03, Loss=nan, AvgLoss=nan, Acc=0.24609, AvgAcc=0.22019]65it [00:31,  3.11it/s, lr=5.00e-03, Loss=nan, AvgLoss=nan, Acc=0.24609, AvgAcc=0.22019]65it [00:32,  3.11it/s, lr=5.00e-03, Loss=nan, AvgLoss=nan, Acc=0.22852, AvgAcc=0.22032]66it [00:32,  3.01it/s, lr=5.00e-03, Loss=nan, AvgLoss=nan, Acc=0.22852, AvgAcc=0.22032]66it [00:32,  3.01it/s, lr=5.00e-03, Loss=nan, AvgLoss=nan, Acc=0.22266, AvgAcc=0.22035]67it [00:32,  3.32it/s, lr=5.00e-03, Loss=nan, AvgLoss=nan, Acc=0.22266, AvgAcc=0.22035]67it [00:32,  3.32it/s, lr=5.00e-03, Loss=nan, AvgLoss=nan, Acc=0.22852, AvgAcc=0.22047]68it [00:32,  3.67it/s, lr=5.00e-03, Loss=nan, AvgLoss=nan, Acc=0.22852, AvgAcc=0.22047]68it [00:32,  3.67it/s, lr=5.00e-03, Loss=nan, AvgLoss=nan, Acc=0.23438, AvgAcc=0.22067]69it [00:32,  3.93it/s, lr=5.00e-03, Loss=nan, AvgLoss=nan, Acc=0.23438, AvgAcc=0.22067]69it [00:32,  3.93it/s, lr=5.00e-03, Loss=nan, AvgLoss=nan, Acc=0.20898, AvgAcc=0.22051]70it [00:32,  4.27it/s, lr=5.00e-03, Loss=nan, AvgLoss=nan, Acc=0.20898, AvgAcc=0.22051]70it [00:33,  4.27it/s, lr=5.00e-03, Loss=nan, AvgLoss=nan, Acc=0.25781, AvgAcc=0.22103]71it [00:33,  3.72it/s, lr=5.00e-03, Loss=nan, AvgLoss=nan, Acc=0.25781, AvgAcc=0.22103]71it [00:33,  3.72it/s, lr=5.00e-03, Loss=nan, AvgLoss=nan, Acc=0.22656, AvgAcc=0.22111]72it [00:33,  3.93it/s, lr=5.00e-03, Loss=nan, AvgLoss=nan, Acc=0.22656, AvgAcc=0.22111]72it [00:33,  3.93it/s, lr=5.00e-03, Loss=nan, AvgLoss=nan, Acc=0.23047, AvgAcc=0.22124]73it [00:33,  4.15it/s, lr=5.00e-03, Loss=nan, AvgLoss=nan, Acc=0.23047, AvgAcc=0.22124]73it [00:33,  4.15it/s, lr=5.00e-03, Loss=nan, AvgLoss=nan, Acc=0.22656, AvgAcc=0.22131]74it [00:33,  4.33it/s, lr=5.00e-03, Loss=nan, AvgLoss=nan, Acc=0.22656, AvgAcc=0.22131]74it [00:34,  4.33it/s, lr=5.00e-03, Loss=nan, AvgLoss=nan, Acc=0.23047, AvgAcc=0.22143]75it [00:34,  4.40it/s, lr=5.00e-03, Loss=nan, AvgLoss=nan, Acc=0.23047, AvgAcc=0.22143]75it [00:34,  4.40it/s, lr=5.00e-03, Loss=nan, AvgLoss=nan, Acc=0.21875, AvgAcc=0.22140]76it [00:34,  3.83it/s, lr=5.00e-03, Loss=nan, AvgLoss=nan, Acc=0.21875, AvgAcc=0.22140]76it [00:34,  3.83it/s, lr=5.00e-03, Loss=nan, AvgLoss=nan, Acc=0.18945, AvgAcc=0.22098]77it [00:34,  4.02it/s, lr=5.00e-03, Loss=nan, AvgLoss=nan, Acc=0.18945, AvgAcc=0.22098]77it [00:34,  4.02it/s, lr=5.00e-03, Loss=nan, AvgLoss=nan, Acc=0.20703, AvgAcc=0.22080]78it [00:34,  4.13it/s, lr=5.00e-03, Loss=nan, AvgLoss=nan, Acc=0.20703, AvgAcc=0.22080]78it [00:35,  4.13it/s, lr=5.00e-03, Loss=nan, AvgLoss=nan, Acc=0.22656, AvgAcc=0.22088]79it [00:35,  4.20it/s, lr=5.00e-03, Loss=nan, AvgLoss=nan, Acc=0.22656, AvgAcc=0.22088]79it [00:35,  4.20it/s, lr=5.00e-03, Loss=nan, AvgLoss=nan, Acc=0.23828, AvgAcc=0.22109]80it [00:35,  4.25it/s, lr=5.00e-03, Loss=nan, AvgLoss=nan, Acc=0.23828, AvgAcc=0.22109]80it [00:35,  4.25it/s, lr=5.00e-03, Loss=nan, AvgLoss=nan, Acc=0.22266, AvgAcc=0.22111]81it [00:35,  4.29it/s, lr=5.00e-03, Loss=nan, AvgLoss=nan, Acc=0.22266, AvgAcc=0.22111]81it [00:35,  4.29it/s, lr=5.00e-03, Loss=nan, AvgLoss=nan, Acc=0.20508, AvgAcc=0.22092]82it [00:35,  3.69it/s, lr=5.00e-03, Loss=nan, AvgLoss=nan, Acc=0.20508, AvgAcc=0.22092]82it [00:36,  3.69it/s, lr=5.00e-03, Loss=nan, AvgLoss=nan, Acc=0.19727, AvgAcc=0.22063]83it [00:36,  3.98it/s, lr=5.00e-03, Loss=nan, AvgLoss=nan, Acc=0.19727, AvgAcc=0.22063]83it [00:36,  3.98it/s, lr=5.00e-03, Loss=nan, AvgLoss=nan, Acc=0.23828, AvgAcc=0.22084]84it [00:36,  4.08it/s, lr=5.00e-03, Loss=nan, AvgLoss=nan, Acc=0.23828, AvgAcc=0.22084]84it [00:36,  4.08it/s, lr=5.00e-03, Loss=nan, AvgLoss=nan, Acc=0.20312, AvgAcc=0.22063]85it [00:36,  4.23it/s, lr=5.00e-03, Loss=nan, AvgLoss=nan, Acc=0.20312, AvgAcc=0.22063]85it [00:36,  4.23it/s, lr=5.00e-03, Loss=nan, AvgLoss=nan, Acc=0.23828, AvgAcc=0.22084]86it [00:36,  4.40it/s, lr=5.00e-03, Loss=nan, AvgLoss=nan, Acc=0.23828, AvgAcc=0.22084]86it [00:37,  4.40it/s, lr=5.00e-03, Loss=nan, AvgLoss=nan, Acc=0.25977, AvgAcc=0.22129]87it [00:37,  3.79it/s, lr=5.00e-03, Loss=nan, AvgLoss=nan, Acc=0.25977, AvgAcc=0.22129]87it [00:37,  3.79it/s, lr=5.00e-03, Loss=nan, AvgLoss=nan, Acc=0.23242, AvgAcc=0.22141]88it [00:37,  4.02it/s, lr=5.00e-03, Loss=nan, AvgLoss=nan, Acc=0.23242, AvgAcc=0.22141]88it [00:37,  4.02it/s, lr=5.00e-03, Loss=nan, AvgLoss=nan, Acc=0.23828, AvgAcc=0.22160]89it [00:37,  4.09it/s, lr=5.00e-03, Loss=nan, AvgLoss=nan, Acc=0.23828, AvgAcc=0.22160]89it [00:37,  4.09it/s, lr=5.00e-03, Loss=nan, AvgLoss=nan, Acc=0.20703, AvgAcc=0.22144]90it [00:37,  4.24it/s, lr=5.00e-03, Loss=nan, AvgLoss=nan, Acc=0.20703, AvgAcc=0.22144]90it [00:37,  4.24it/s, lr=5.00e-03, Loss=nan, AvgLoss=nan, Acc=0.21289, AvgAcc=0.22135]91it [00:37,  4.44it/s, lr=5.00e-03, Loss=nan, AvgLoss=nan, Acc=0.21289, AvgAcc=0.22135]91it [00:38,  4.44it/s, lr=5.00e-03, Loss=nan, AvgLoss=nan, Acc=0.23828, AvgAcc=0.22153]92it [00:38,  3.82it/s, lr=5.00e-03, Loss=nan, AvgLoss=nan, Acc=0.23828, AvgAcc=0.22153]92it [00:46,  3.82it/s, lr=5.00e-03, Loss=nan, AvgLoss=nan, Acc=0.20312, AvgAcc=0.22133]93it [00:46,  2.53s/it, lr=5.00e-03, Loss=nan, AvgLoss=nan, Acc=0.20312, AvgAcc=0.22133]93it [00:46,  2.53s/it, lr=5.00e-03, Loss=nan, AvgLoss=nan, Acc=0.20898, AvgAcc=0.22120]94it [00:46,  1.83s/it, lr=5.00e-03, Loss=nan, AvgLoss=nan, Acc=0.20898, AvgAcc=0.22120]94it [00:46,  1.83s/it, lr=5.00e-03, Loss=nan, AvgLoss=nan, Acc=0.20703, AvgAcc=0.22105]95it [00:46,  1.35s/it, lr=5.00e-03, Loss=nan, AvgLoss=nan, Acc=0.20703, AvgAcc=0.22105]95it [00:46,  1.35s/it, lr=5.00e-03, Loss=nan, AvgLoss=nan, Acc=0.22266, AvgAcc=0.22107]96it [00:46,  1.06s/it, lr=5.00e-03, Loss=nan, AvgLoss=nan, Acc=0.22266, AvgAcc=0.22107]96it [00:47,  1.06s/it, lr=5.00e-03, Loss=nan, AvgLoss=nan, Acc=0.24805, AvgAcc=0.22135]97it [00:47,  1.22it/s, lr=5.00e-03, Loss=nan, AvgLoss=nan, Acc=0.24805, AvgAcc=0.22135]97it [00:47,  1.22it/s, lr=5.00e-03, Loss=nan, AvgLoss=nan, Acc=0.23828, AvgAcc=0.22152]98it [00:47,  1.56it/s, lr=5.00e-03, Loss=nan, AvgLoss=nan, Acc=0.23828, AvgAcc=0.22152]98it [00:47,  1.56it/s, lr=5.00e-03, Loss=nan, AvgLoss=nan, Acc=0.25195, AvgAcc=0.22183]99it [00:47,  1.95it/s, lr=5.00e-03, Loss=nan, AvgLoss=nan, Acc=0.25195, AvgAcc=0.22183]99it [00:47,  1.95it/s, lr=5.00e-03, Loss=nan, AvgLoss=nan, Acc=0.24414, AvgAcc=0.22205]100it [00:47,  2.36it/s, lr=5.00e-03, Loss=nan, AvgLoss=nan, Acc=0.24414, AvgAcc=0.22205]100it [00:48,  2.36it/s, lr=5.00e-03, Loss=nan, AvgLoss=nan, Acc=0.22852, AvgAcc=0.22211]101it [00:48,  2.49it/s, lr=5.00e-03, Loss=nan, AvgLoss=nan, Acc=0.22852, AvgAcc=0.22211]101it [00:48,  2.49it/s, lr=5.00e-03, Loss=nan, AvgLoss=nan, Acc=0.24219, AvgAcc=0.22231]102it [00:48,  2.93it/s, lr=5.00e-03, Loss=nan, AvgLoss=nan, Acc=0.24219, AvgAcc=0.22231]102it [00:48,  2.93it/s, lr=5.00e-03, Loss=nan, AvgLoss=nan, Acc=0.22656, AvgAcc=0.22235]103it [00:48,  3.29it/s, lr=5.00e-03, Loss=nan, AvgLoss=nan, Acc=0.22656, AvgAcc=0.22235]103it [00:48,  3.29it/s, lr=5.00e-03, Loss=nan, AvgLoss=nan, Acc=0.23047, AvgAcc=0.22243]104it [00:48,  3.65it/s, lr=5.00e-03, Loss=nan, AvgLoss=nan, Acc=0.23047, AvgAcc=0.22243]104it [00:49,  3.65it/s, lr=5.00e-03, Loss=nan, AvgLoss=nan, Acc=0.22266, AvgAcc=0.22243]105it [00:49,  3.92it/s, lr=5.00e-03, Loss=nan, AvgLoss=nan, Acc=0.22266, AvgAcc=0.22243]105it [00:49,  3.92it/s, lr=5.00e-03, Loss=nan, AvgLoss=nan, Acc=0.22266, AvgAcc=0.22244]106it [00:49,  3.49it/s, lr=5.00e-03, Loss=nan, AvgLoss=nan, Acc=0.22266, AvgAcc=0.22244]106it [00:49,  3.49it/s, lr=5.00e-03, Loss=nan, AvgLoss=nan, Acc=0.24414, AvgAcc=0.22264]107it [00:49,  3.71it/s, lr=5.00e-03, Loss=nan, AvgLoss=nan, Acc=0.24414, AvgAcc=0.22264]107it [00:49,  3.71it/s, lr=5.00e-03, Loss=nan, AvgLoss=nan, Acc=0.22852, AvgAcc=0.22269]108it [00:49,  3.91it/s, lr=5.00e-03, Loss=nan, AvgLoss=nan, Acc=0.22852, AvgAcc=0.22269]108it [00:50,  3.91it/s, lr=5.00e-03, Loss=nan, AvgLoss=nan, Acc=0.22461, AvgAcc=0.22271]109it [00:50,  4.07it/s, lr=5.00e-03, Loss=nan, AvgLoss=nan, Acc=0.22461, AvgAcc=0.22271]109it [00:50,  4.07it/s, lr=5.00e-03, Loss=nan, AvgLoss=nan, Acc=0.22461, AvgAcc=0.22273]110it [00:50,  4.37it/s, lr=5.00e-03, Loss=nan, AvgLoss=nan, Acc=0.22461, AvgAcc=0.22273]110it [00:50,  4.37it/s, lr=5.00e-03, Loss=nan, AvgLoss=nan, Acc=0.25391, AvgAcc=0.22301]111it [00:50,  3.81it/s, lr=5.00e-03, Loss=nan, AvgLoss=nan, Acc=0.25391, AvgAcc=0.22301]111it [00:50,  3.81it/s, lr=5.00e-03, Loss=nan, AvgLoss=nan, Acc=0.20312, AvgAcc=0.22283]112it [00:50,  4.12it/s, lr=5.00e-03, Loss=nan, AvgLoss=nan, Acc=0.20312, AvgAcc=0.22283]112it [00:51,  4.12it/s, lr=5.00e-03, Loss=nan, AvgLoss=nan, Acc=0.18945, AvgAcc=0.22254]113it [00:51,  4.29it/s, lr=5.00e-03, Loss=nan, AvgLoss=nan, Acc=0.18945, AvgAcc=0.22254]113it [00:51,  4.29it/s, lr=5.00e-03, Loss=nan, AvgLoss=nan, Acc=0.25391, AvgAcc=0.22281]114it [00:51,  4.40it/s, lr=5.00e-03, Loss=nan, AvgLoss=nan, Acc=0.25391, AvgAcc=0.22281]114it [00:51,  4.40it/s, lr=5.00e-03, Loss=nan, AvgLoss=nan, Acc=0.22852, AvgAcc=0.22286]115it [00:51,  4.52it/s, lr=5.00e-03, Loss=nan, AvgLoss=nan, Acc=0.22852, AvgAcc=0.22286]115it [00:51,  4.52it/s, lr=5.00e-03, Loss=nan, AvgLoss=nan, Acc=0.22070, AvgAcc=0.22284]116it [00:51,  4.42it/s, lr=5.00e-03, Loss=nan, AvgLoss=nan, Acc=0.22070, AvgAcc=0.22284]116it [00:51,  4.42it/s, lr=5.00e-03, Loss=nan, AvgLoss=nan, Acc=0.24023, AvgAcc=0.22299]117it [00:51,  3.92it/s, lr=5.00e-03, Loss=nan, AvgLoss=nan, Acc=0.24023, AvgAcc=0.22299]117it [00:52,  3.92it/s, lr=5.00e-03, Loss=nan, AvgLoss=nan, Acc=0.24414, AvgAcc=0.22317]118it [00:52,  4.11it/s, lr=5.00e-03, Loss=nan, AvgLoss=nan, Acc=0.24414, AvgAcc=0.22317]118it [00:52,  4.11it/s, lr=5.00e-03, Loss=nan, AvgLoss=nan, Acc=0.21484, AvgAcc=0.22310]119it [00:52,  4.26it/s, lr=5.00e-03, Loss=nan, AvgLoss=nan, Acc=0.21484, AvgAcc=0.22310]119it [00:52,  4.26it/s, lr=5.00e-03, Loss=nan, AvgLoss=nan, Acc=0.24023, AvgAcc=0.22324]120it [00:52,  4.46it/s, lr=5.00e-03, Loss=nan, AvgLoss=nan, Acc=0.24023, AvgAcc=0.22324]120it [00:52,  4.46it/s, lr=5.00e-03, Loss=nan, AvgLoss=nan, Acc=0.23633, AvgAcc=0.22335]121it [00:52,  4.61it/s, lr=5.00e-03, Loss=nan, AvgLoss=nan, Acc=0.23633, AvgAcc=0.22335]121it [00:53,  4.61it/s, lr=5.00e-03, Loss=nan, AvgLoss=nan, Acc=0.21094, AvgAcc=0.22325]122it [00:53,  3.84it/s, lr=5.00e-03, Loss=nan, AvgLoss=nan, Acc=0.21094, AvgAcc=0.22325]122it [00:53,  3.84it/s, lr=5.00e-03, Loss=nan, AvgLoss=nan, Acc=0.24609, AvgAcc=0.22343]123it [00:53,  4.11it/s, lr=5.00e-03, Loss=nan, AvgLoss=nan, Acc=0.24609, AvgAcc=0.22343]123it [00:53,  4.11it/s, lr=5.00e-03, Loss=nan, AvgLoss=nan, Acc=0.24023, AvgAcc=0.22357]124it [00:53,  4.38it/s, lr=5.00e-03, Loss=nan, AvgLoss=nan, Acc=0.24023, AvgAcc=0.22357]124it [00:53,  4.38it/s, lr=5.00e-03, Loss=nan, AvgLoss=nan, Acc=0.25391, AvgAcc=0.22381]125it [00:53,  4.49it/s, lr=5.00e-03, Loss=nan, AvgLoss=nan, Acc=0.25391, AvgAcc=0.22381]125it [00:53,  4.49it/s, lr=5.00e-03, Loss=nan, AvgLoss=nan, Acc=0.21875, AvgAcc=0.22377]126it [00:53,  4.59it/s, lr=5.00e-03, Loss=nan, AvgLoss=nan, Acc=0.21875, AvgAcc=0.22377]126it [00:54,  4.59it/s, lr=5.00e-03, Loss=nan, AvgLoss=nan, Acc=0.24414, AvgAcc=0.22393]127it [00:54,  4.53it/s, lr=5.00e-03, Loss=nan, AvgLoss=nan, Acc=0.24414, AvgAcc=0.22393]127it [00:54,  4.53it/s, lr=5.00e-03, Loss=nan, AvgLoss=nan, Acc=0.24805, AvgAcc=0.22412]128it [00:54,  3.87it/s, lr=5.00e-03, Loss=nan, AvgLoss=nan, Acc=0.24805, AvgAcc=0.22412]128it [00:54,  3.87it/s, lr=5.00e-03, Loss=nan, AvgLoss=nan, Acc=0.20508, AvgAcc=0.22397]129it [00:54,  4.01it/s, lr=5.00e-03, Loss=nan, AvgLoss=nan, Acc=0.20508, AvgAcc=0.22397]129it [00:55,  4.01it/s, lr=5.00e-03, Loss=nan, AvgLoss=nan, Acc=0.21094, AvgAcc=0.22387]130it [00:55,  4.19it/s, lr=5.00e-03, Loss=nan, AvgLoss=nan, Acc=0.21094, AvgAcc=0.22387]130it [01:02,  4.19it/s, lr=5.00e-03, Loss=nan, AvgLoss=nan, Acc=0.22266, AvgAcc=0.22386]131it [01:02,  2.42s/it, lr=5.00e-03, Loss=nan, AvgLoss=nan, Acc=0.22266, AvgAcc=0.22386]131it [01:02,  2.42s/it, lr=5.00e-03, Loss=nan, AvgLoss=nan, Acc=0.21680, AvgAcc=0.22381]132it [01:02,  1.79s/it, lr=5.00e-03, Loss=nan, AvgLoss=nan, Acc=0.21680, AvgAcc=0.22381]132it [01:03,  1.79s/it, lr=5.00e-03, Loss=nan, AvgLoss=nan, Acc=0.20508, AvgAcc=0.22367]133it [01:03,  1.32s/it, lr=5.00e-03, Loss=nan, AvgLoss=nan, Acc=0.20508, AvgAcc=0.22367]133it [01:03,  1.32s/it, lr=5.00e-03, Loss=nan, AvgLoss=nan, Acc=0.20312, AvgAcc=0.22352]134it [01:03,  1.02it/s, lr=5.00e-03, Loss=nan, AvgLoss=nan, Acc=0.20312, AvgAcc=0.22352]134it [01:03,  1.02it/s, lr=5.00e-03, Loss=nan, AvgLoss=nan, Acc=0.24414, AvgAcc=0.22367]135it [01:03,  1.33it/s, lr=5.00e-03, Loss=nan, AvgLoss=nan, Acc=0.24414, AvgAcc=0.22367]135it [01:03,  1.33it/s, lr=5.00e-03, Loss=nan, AvgLoss=nan, Acc=0.21875, AvgAcc=0.22363]136it [01:03,  1.69it/s, lr=5.00e-03, Loss=nan, AvgLoss=nan, Acc=0.21875, AvgAcc=0.22363]136it [01:03,  1.69it/s, lr=5.00e-03, Loss=nan, AvgLoss=nan, Acc=0.22266, AvgAcc=0.22363]137it [01:03,  1.97it/s, lr=5.00e-03, Loss=nan, AvgLoss=nan, Acc=0.22266, AvgAcc=0.22363]137it [01:04,  1.97it/s, lr=5.00e-03, Loss=nan, AvgLoss=nan, Acc=0.20898, AvgAcc=0.22352]138it [01:04,  2.40it/s, lr=5.00e-03, Loss=nan, AvgLoss=nan, Acc=0.20898, AvgAcc=0.22352]138it [01:04,  2.40it/s, lr=5.00e-03, Loss=nan, AvgLoss=nan, Acc=0.19922, AvgAcc=0.22334]139it [01:04,  2.83it/s, lr=5.00e-03, Loss=nan, AvgLoss=nan, Acc=0.19922, AvgAcc=0.22334]139it [01:04,  2.83it/s, lr=5.00e-03, Loss=nan, AvgLoss=nan, Acc=0.24609, AvgAcc=0.22351]140it [01:04,  3.23it/s, lr=5.00e-03, Loss=nan, AvgLoss=nan, Acc=0.24609, AvgAcc=0.22351]140it [01:04,  3.23it/s, lr=5.00e-03, Loss=nan, AvgLoss=nan, Acc=0.22266, AvgAcc=0.22350]141it [01:04,  3.65it/s, lr=5.00e-03, Loss=nan, AvgLoss=nan, Acc=0.22266, AvgAcc=0.22350]141it [01:05,  3.65it/s, lr=5.00e-03, Loss=nan, AvgLoss=nan, Acc=0.18750, AvgAcc=0.22325]142it [01:05,  3.99it/s, lr=5.00e-03, Loss=nan, AvgLoss=nan, Acc=0.18750, AvgAcc=0.22325]142it [01:05,  3.99it/s, lr=5.00e-03, Loss=nan, AvgLoss=nan, Acc=0.22266, AvgAcc=0.22324]143it [01:05,  3.60it/s, lr=5.00e-03, Loss=nan, AvgLoss=nan, Acc=0.22266, AvgAcc=0.22324]143it [01:05,  3.60it/s, lr=5.00e-03, Loss=nan, AvgLoss=nan, Acc=0.19727, AvgAcc=0.22306]144it [01:05,  3.89it/s, lr=5.00e-03, Loss=nan, AvgLoss=nan, Acc=0.19727, AvgAcc=0.22306]144it [01:05,  3.89it/s, lr=5.00e-03, Loss=nan, AvgLoss=nan, Acc=0.22852, AvgAcc=0.22310]145it [01:05,  4.09it/s, lr=5.00e-03, Loss=nan, AvgLoss=nan, Acc=0.22852, AvgAcc=0.22310]145it [01:06,  4.09it/s, lr=5.00e-03, Loss=nan, AvgLoss=nan, Acc=0.21289, AvgAcc=0.22303]146it [01:06,  4.14it/s, lr=5.00e-03, Loss=nan, AvgLoss=nan, Acc=0.21289, AvgAcc=0.22303]146it [01:06,  4.14it/s, lr=5.00e-03, Loss=nan, AvgLoss=nan, Acc=0.21875, AvgAcc=0.22300]147it [01:06,  4.33it/s, lr=5.00e-03, Loss=nan, AvgLoss=nan, Acc=0.21875, AvgAcc=0.22300]147it [01:06,  4.33it/s, lr=5.00e-03, Loss=nan, AvgLoss=nan, Acc=0.20898, AvgAcc=0.22291]148it [01:06,  3.83it/s, lr=5.00e-03, Loss=nan, AvgLoss=nan, Acc=0.20898, AvgAcc=0.22291]148it [01:06,  3.83it/s, lr=5.00e-03, Loss=nan, AvgLoss=nan, Acc=0.19922, AvgAcc=0.22275]149it [01:06,  4.11it/s, lr=5.00e-03, Loss=nan, AvgLoss=nan, Acc=0.19922, AvgAcc=0.22275]149it [01:06,  4.11it/s, lr=5.00e-03, Loss=nan, AvgLoss=nan, Acc=0.23633, AvgAcc=0.22284]150it [01:06,  4.36it/s, lr=5.00e-03, Loss=nan, AvgLoss=nan, Acc=0.23633, AvgAcc=0.22284]150it [01:07,  4.36it/s, lr=5.00e-03, Loss=nan, AvgLoss=nan, Acc=0.18945, AvgAcc=0.22262]151it [01:07,  4.36it/s, lr=5.00e-03, Loss=nan, AvgLoss=nan, Acc=0.18945, AvgAcc=0.22262]151it [01:07,  4.36it/s, lr=5.00e-03, Loss=nan, AvgLoss=nan, Acc=0.18359, AvgAcc=0.22236]152it [01:07,  4.46it/s, lr=5.00e-03, Loss=nan, AvgLoss=nan, Acc=0.18359, AvgAcc=0.22236]152it [01:07,  4.46it/s, lr=5.00e-03, Loss=nan, AvgLoss=nan, Acc=0.22461, AvgAcc=0.22238]153it [01:07,  4.51it/s, lr=5.00e-03, Loss=nan, AvgLoss=nan, Acc=0.22461, AvgAcc=0.22238]153it [01:07,  4.51it/s, lr=5.00e-03, Loss=nan, AvgLoss=nan, Acc=0.20117, AvgAcc=0.22224]154it [01:07,  4.00it/s, lr=5.00e-03, Loss=nan, AvgLoss=nan, Acc=0.20117, AvgAcc=0.22224]154it [01:08,  4.00it/s, lr=5.00e-03, Loss=nan, AvgLoss=nan, Acc=0.23633, AvgAcc=0.22233]155it [01:08,  4.13it/s, lr=5.00e-03, Loss=nan, AvgLoss=nan, Acc=0.23633, AvgAcc=0.22233]155it [01:08,  4.13it/s, lr=5.00e-03, Loss=nan, AvgLoss=nan, Acc=0.18359, AvgAcc=0.22208]156it [01:08,  4.26it/s, lr=5.00e-03, Loss=nan, AvgLoss=nan, Acc=0.18359, AvgAcc=0.22208]156it [01:08,  4.26it/s, lr=5.00e-03, Loss=nan, AvgLoss=nan, Acc=0.23828, AvgAcc=0.22218]157it [01:08,  4.36it/s, lr=5.00e-03, Loss=nan, AvgLoss=nan, Acc=0.23828, AvgAcc=0.22218]157it [01:08,  4.36it/s, lr=5.00e-03, Loss=nan, AvgLoss=nan, Acc=0.19727, AvgAcc=0.22203]158it [01:08,  4.60it/s, lr=5.00e-03, Loss=nan, AvgLoss=nan, Acc=0.19727, AvgAcc=0.22203]158it [01:09,  4.60it/s, lr=5.00e-03, Loss=nan, AvgLoss=nan, Acc=0.19922, AvgAcc=0.22188]159it [01:09,  4.00it/s, lr=5.00e-03, Loss=nan, AvgLoss=nan, Acc=0.19922, AvgAcc=0.22188]159it [01:09,  4.00it/s, lr=5.00e-03, Loss=nan, AvgLoss=nan, Acc=0.18555, AvgAcc=0.22166]160it [01:09,  4.21it/s, lr=5.00e-03, Loss=nan, AvgLoss=nan, Acc=0.18555, AvgAcc=0.22166]160it [01:09,  4.21it/s, lr=5.00e-03, Loss=nan, AvgLoss=nan, Acc=0.20312, AvgAcc=0.22154]161it [01:09,  4.49it/s, lr=5.00e-03, Loss=nan, AvgLoss=nan, Acc=0.20312, AvgAcc=0.22154]161it [01:09,  4.49it/s, lr=5.00e-03, Loss=nan, AvgLoss=nan, Acc=0.22266, AvgAcc=0.22155]162it [01:09,  4.48it/s, lr=5.00e-03, Loss=nan, AvgLoss=nan, Acc=0.22266, AvgAcc=0.22155]162it [01:09,  4.48it/s, lr=5.00e-03, Loss=nan, AvgLoss=nan, Acc=0.17578, AvgAcc=0.22127]163it [01:09,  4.63it/s, lr=5.00e-03, Loss=nan, AvgLoss=nan, Acc=0.17578, AvgAcc=0.22127]163it [01:10,  4.63it/s, lr=5.00e-03, Loss=nan, AvgLoss=nan, Acc=0.21484, AvgAcc=0.22123]164it [01:10,  4.07it/s, lr=5.00e-03, Loss=nan, AvgLoss=nan, Acc=0.21484, AvgAcc=0.22123]164it [01:10,  4.07it/s, lr=5.00e-03, Loss=nan, AvgLoss=nan, Acc=0.19531, AvgAcc=0.22107]165it [01:10,  4.22it/s, lr=5.00e-03, Loss=nan, AvgLoss=nan, Acc=0.19531, AvgAcc=0.22107]165it [01:10,  4.22it/s, lr=5.00e-03, Loss=nan, AvgLoss=nan, Acc=0.20898, AvgAcc=0.22100]166it [01:10,  4.17it/s, lr=5.00e-03, Loss=nan, AvgLoss=nan, Acc=0.20898, AvgAcc=0.22100]166it [01:10,  4.17it/s, lr=5.00e-03, Loss=nan, AvgLoss=nan, Acc=0.22461, AvgAcc=0.22102]167it [01:10,  4.34it/s, lr=5.00e-03, Loss=nan, AvgLoss=nan, Acc=0.22461, AvgAcc=0.22102]167it [01:11,  4.34it/s, lr=5.00e-03, Loss=nan, AvgLoss=nan, Acc=0.20898, AvgAcc=0.22095]168it [01:11,  4.43it/s, lr=5.00e-03, Loss=nan, AvgLoss=nan, Acc=0.20898, AvgAcc=0.22095]168it [01:19,  4.43it/s, lr=5.00e-03, Loss=nan, AvgLoss=nan, Acc=0.23828, AvgAcc=0.22105]169it [01:19,  2.60s/it, lr=5.00e-03, Loss=nan, AvgLoss=nan, Acc=0.23828, AvgAcc=0.22105]169it [01:19,  2.60s/it, lr=5.00e-03, Loss=nan, AvgLoss=nan, Acc=0.23438, AvgAcc=0.22113]170it [01:19,  1.88s/it, lr=5.00e-03, Loss=nan, AvgLoss=nan, Acc=0.23438, AvgAcc=0.22113]170it [01:19,  1.88s/it, lr=5.00e-03, Loss=nan, AvgLoss=nan, Acc=0.21680, AvgAcc=0.22110]171it [01:19,  1.39s/it, lr=5.00e-03, Loss=nan, AvgLoss=nan, Acc=0.21680, AvgAcc=0.22110]171it [01:19,  1.39s/it, lr=5.00e-03, Loss=nan, AvgLoss=nan, Acc=0.21875, AvgAcc=0.22109]172it [01:19,  1.03s/it, lr=5.00e-03, Loss=nan, AvgLoss=nan, Acc=0.21875, AvgAcc=0.22109]172it [01:20,  1.03s/it, lr=5.00e-03, Loss=nan, AvgLoss=nan, Acc=0.20703, AvgAcc=0.22101]173it [01:20,  1.21it/s, lr=5.00e-03, Loss=nan, AvgLoss=nan, Acc=0.20703, AvgAcc=0.22101]173it [01:20,  1.21it/s, lr=5.00e-03, Loss=nan, AvgLoss=nan, Acc=0.20117, AvgAcc=0.22089]174it [01:20,  1.56it/s, lr=5.00e-03, Loss=nan, AvgLoss=nan, Acc=0.20117, AvgAcc=0.22089]174it [01:20,  1.56it/s, lr=5.00e-03, Loss=nan, AvgLoss=nan, Acc=0.19922, AvgAcc=0.22077]175it [01:20,  1.95it/s, lr=5.00e-03, Loss=nan, AvgLoss=nan, Acc=0.19922, AvgAcc=0.22077]175it [01:20,  1.95it/s, lr=5.00e-03, Loss=nan, AvgLoss=nan, Acc=0.21094, AvgAcc=0.22071]176it [01:20,  2.36it/s, lr=5.00e-03, Loss=nan, AvgLoss=nan, Acc=0.21094, AvgAcc=0.22071]176it [01:21,  2.36it/s, lr=5.00e-03, Loss=nan, AvgLoss=nan, Acc=0.19336, AvgAcc=0.22056]177it [01:21,  2.69it/s, lr=5.00e-03, Loss=nan, AvgLoss=nan, Acc=0.19336, AvgAcc=0.22056]177it [01:21,  2.69it/s, lr=5.00e-03, Loss=nan, AvgLoss=nan, Acc=0.22266, AvgAcc=0.22057]178it [01:21,  2.79it/s, lr=5.00e-03, Loss=nan, AvgLoss=nan, Acc=0.22266, AvgAcc=0.22057]178it [01:21,  2.79it/s, lr=5.00e-03, Loss=nan, AvgLoss=nan, Acc=0.23242, AvgAcc=0.22064]179it [01:21,  3.20it/s, lr=5.00e-03, Loss=nan, AvgLoss=nan, Acc=0.23242, AvgAcc=0.22064]179it [01:21,  3.20it/s, lr=5.00e-03, Loss=nan, AvgLoss=nan, Acc=0.21484, AvgAcc=0.22061]180it [01:21,  3.56it/s, lr=5.00e-03, Loss=nan, AvgLoss=nan, Acc=0.21484, AvgAcc=0.22061]180it [01:22,  3.56it/s, lr=5.00e-03, Loss=nan, AvgLoss=nan, Acc=0.21484, AvgAcc=0.22057]181it [01:22,  3.95it/s, lr=5.00e-03, Loss=nan, AvgLoss=nan, Acc=0.21484, AvgAcc=0.22057]181it [01:22,  3.95it/s, lr=5.00e-03, Loss=nan, AvgLoss=nan, Acc=0.22461, AvgAcc=0.22060]182it [01:22,  4.14it/s, lr=5.00e-03, Loss=nan, AvgLoss=nan, Acc=0.22461, AvgAcc=0.22060]182it [01:22,  4.14it/s, lr=5.00e-03, Loss=nan, AvgLoss=nan, Acc=0.18164, AvgAcc=0.22038]183it [01:22,  4.34it/s, lr=5.00e-03, Loss=nan, AvgLoss=nan, Acc=0.18164, AvgAcc=0.22038]183it [01:22,  4.34it/s, lr=5.00e-03, Loss=nan, AvgLoss=nan, Acc=0.23047, AvgAcc=0.22044]184it [01:22,  4.59it/s, lr=5.00e-03, Loss=nan, AvgLoss=nan, Acc=0.23047, AvgAcc=0.22044]184it [01:23,  4.59it/s, lr=5.00e-03, Loss=nan, AvgLoss=nan, Acc=0.26758, AvgAcc=0.22069]185it [01:23,  3.83it/s, lr=5.00e-03, Loss=nan, AvgLoss=nan, Acc=0.26758, AvgAcc=0.22069]185it [01:23,  3.83it/s, lr=5.00e-03, Loss=nan, AvgLoss=nan, Acc=0.19727, AvgAcc=0.22057]186it [01:23,  4.10it/s, lr=5.00e-03, Loss=nan, AvgLoss=nan, Acc=0.19727, AvgAcc=0.22057]186it [01:23,  4.10it/s, lr=5.00e-03, Loss=nan, AvgLoss=nan, Acc=0.23438, AvgAcc=0.22064]187it [01:23,  4.20it/s, lr=5.00e-03, Loss=nan, AvgLoss=nan, Acc=0.23438, AvgAcc=0.22064]187it [01:23,  4.20it/s, lr=5.00e-03, Loss=nan, AvgLoss=nan, Acc=0.20508, AvgAcc=0.22056]188it [01:23,  4.42it/s, lr=5.00e-03, Loss=nan, AvgLoss=nan, Acc=0.20508, AvgAcc=0.22056]188it [01:23,  4.42it/s, lr=5.00e-03, Loss=nan, AvgLoss=nan, Acc=0.22070, AvgAcc=0.22056]189it [01:23,  4.45it/s, lr=5.00e-03, Loss=nan, AvgLoss=nan, Acc=0.22070, AvgAcc=0.22056]189it [01:24,  4.45it/s, lr=5.00e-03, Loss=nan, AvgLoss=nan, Acc=0.21094, AvgAcc=0.22051]190it [01:24,  3.84it/s, lr=5.00e-03, Loss=nan, AvgLoss=nan, Acc=0.21094, AvgAcc=0.22051]190it [01:24,  3.84it/s, lr=5.00e-03, Loss=nan, AvgLoss=nan, Acc=0.21875, AvgAcc=0.22050]191it [01:24,  4.07it/s, lr=5.00e-03, Loss=nan, AvgLoss=nan, Acc=0.21875, AvgAcc=0.22050]191it [01:24,  4.07it/s, lr=5.00e-03, Loss=nan, AvgLoss=nan, Acc=0.22461, AvgAcc=0.22052]192it [01:24,  4.19it/s, lr=5.00e-03, Loss=nan, AvgLoss=nan, Acc=0.22461, AvgAcc=0.22052]192it [01:24,  4.19it/s, lr=5.00e-03, Loss=nan, AvgLoss=nan, Acc=0.19336, AvgAcc=0.22038]193it [01:24,  4.30it/s, lr=5.00e-03, Loss=nan, AvgLoss=nan, Acc=0.19336, AvgAcc=0.22038]193it [01:25,  4.30it/s, lr=5.00e-03, Loss=nan, AvgLoss=nan, Acc=0.18164, AvgAcc=0.22018]194it [01:25,  4.36it/s, lr=5.00e-03, Loss=nan, AvgLoss=nan, Acc=0.18164, AvgAcc=0.22018]194it [01:25,  4.36it/s, lr=5.00e-03, Loss=nan, AvgLoss=nan, Acc=0.20703, AvgAcc=0.22011]195it [01:25,  3.94it/s, lr=5.00e-03, Loss=nan, AvgLoss=nan, Acc=0.20703, AvgAcc=0.22011]195it [01:25,  3.94it/s, lr=5.00e-03, Loss=nan, AvgLoss=nan, Acc=0.18750, AvgAcc=0.21995]196it [01:25,  4.14it/s, lr=5.00e-03, Loss=nan, AvgLoss=nan, Acc=0.18750, AvgAcc=0.21995]196it [01:25,  4.14it/s, lr=5.00e-03, Loss=nan, AvgLoss=nan, Acc=0.24219, AvgAcc=0.22006]197it [01:25,  4.26it/s, lr=5.00e-03, Loss=nan, AvgLoss=nan, Acc=0.24219, AvgAcc=0.22006]197it [01:26,  4.26it/s, lr=5.00e-03, Loss=nan, AvgLoss=nan, Acc=0.22852, AvgAcc=0.22010]198it [01:26,  4.44it/s, lr=5.00e-03, Loss=nan, AvgLoss=nan, Acc=0.22852, AvgAcc=0.22010]198it [01:26,  4.44it/s, lr=5.00e-03, Loss=nan, AvgLoss=nan, Acc=0.19922, AvgAcc=0.22000]199it [01:26,  4.67it/s, lr=5.00e-03, Loss=nan, AvgLoss=nan, Acc=0.19922, AvgAcc=0.22000]199it [01:26,  4.67it/s, lr=5.00e-03, Loss=nan, AvgLoss=nan, Acc=0.21484, AvgAcc=0.21997]200it [01:26,  4.51it/s, lr=5.00e-03, Loss=nan, AvgLoss=nan, Acc=0.21484, AvgAcc=0.21997]200it [01:26,  4.51it/s, lr=5.00e-03, Loss=nan, AvgLoss=nan, Acc=0.22070, AvgAcc=0.21997]201it [01:26,  3.93it/s, lr=5.00e-03, Loss=nan, AvgLoss=nan, Acc=0.22070, AvgAcc=0.21997]201it [01:26,  3.93it/s, lr=5.00e-03, Loss=nan, AvgLoss=nan, Acc=0.20117, AvgAcc=0.21988]202it [01:26,  4.23it/s, lr=5.00e-03, Loss=nan, AvgLoss=nan, Acc=0.20117, AvgAcc=0.21988]202it [01:27,  4.23it/s, lr=5.00e-03, Loss=nan, AvgLoss=nan, Acc=0.20508, AvgAcc=0.21981]203it [01:27,  4.22it/s, lr=5.00e-03, Loss=nan, AvgLoss=nan, Acc=0.20508, AvgAcc=0.21981]203it [01:27,  4.22it/s, lr=5.00e-03, Loss=nan, AvgLoss=nan, Acc=0.20703, AvgAcc=0.21975]204it [01:27,  4.38it/s, lr=5.00e-03, Loss=nan, AvgLoss=nan, Acc=0.20703, AvgAcc=0.21975]204it [01:27,  4.38it/s, lr=5.00e-03, Loss=nan, AvgLoss=nan, Acc=0.21289, AvgAcc=0.21971]205it [01:27,  4.40it/s, lr=5.00e-03, Loss=nan, AvgLoss=nan, Acc=0.21289, AvgAcc=0.21971]205it [01:27,  4.40it/s, lr=5.00e-03, Loss=nan, AvgLoss=nan, Acc=0.22656, AvgAcc=0.21975]206it [01:27,  3.89it/s, lr=5.00e-03, Loss=nan, AvgLoss=nan, Acc=0.22656, AvgAcc=0.21975]206it [01:35,  3.89it/s, lr=5.00e-03, Loss=nan, AvgLoss=nan, Acc=0.24023, AvgAcc=0.21984]207it [01:35,  2.54s/it, lr=5.00e-03, Loss=nan, AvgLoss=nan, Acc=0.24023, AvgAcc=0.21984]207it [01:36,  2.54s/it, lr=5.00e-03, Loss=nan, AvgLoss=nan, Acc=0.23047, AvgAcc=0.21990]208it [01:36,  1.85s/it, lr=5.00e-03, Loss=nan, AvgLoss=nan, Acc=0.23047, AvgAcc=0.21990]208it [01:36,  1.85s/it, lr=5.00e-03, Loss=nan, AvgLoss=nan, Acc=0.22656, AvgAcc=0.21993]209it [01:36,  1.36s/it, lr=5.00e-03, Loss=nan, AvgLoss=nan, Acc=0.22656, AvgAcc=0.21993]209it [01:36,  1.36s/it, lr=5.00e-03, Loss=nan, AvgLoss=nan, Acc=0.19727, AvgAcc=0.21982]210it [01:36,  1.06s/it, lr=5.00e-03, Loss=nan, AvgLoss=nan, Acc=0.19727, AvgAcc=0.21982]210it [01:36,  1.06s/it, lr=5.00e-03, Loss=nan, AvgLoss=nan, Acc=0.21680, AvgAcc=0.21981]211it [01:36,  1.24it/s, lr=5.00e-03, Loss=nan, AvgLoss=nan, Acc=0.21680, AvgAcc=0.21981]211it [01:37,  1.24it/s, lr=5.00e-03, Loss=nan, AvgLoss=nan, Acc=0.19336, AvgAcc=0.21968]212it [01:37,  1.59it/s, lr=5.00e-03, Loss=nan, AvgLoss=nan, Acc=0.19336, AvgAcc=0.21968]212it [01:37,  1.59it/s, lr=5.00e-03, Loss=nan, AvgLoss=nan, Acc=0.22656, AvgAcc=0.21971]213it [01:37,  1.97it/s, lr=5.00e-03, Loss=nan, AvgLoss=nan, Acc=0.22656, AvgAcc=0.21971]213it [01:37,  1.97it/s, lr=5.00e-03, Loss=nan, AvgLoss=nan, Acc=0.19336, AvgAcc=0.21959]214it [01:37,  2.12it/s, lr=5.00e-03, Loss=nan, AvgLoss=nan, Acc=0.19336, AvgAcc=0.21959]214it [01:37,  2.12it/s, lr=5.00e-03, Loss=nan, AvgLoss=nan, Acc=0.22461, AvgAcc=0.21961]215it [01:37,  2.54it/s, lr=5.00e-03, Loss=nan, AvgLoss=nan, Acc=0.22461, AvgAcc=0.21961]215it [01:38,  2.54it/s, lr=5.00e-03, Loss=nan, AvgLoss=nan, Acc=0.22852, AvgAcc=0.21965]216it [01:38,  2.93it/s, lr=5.00e-03, Loss=nan, AvgLoss=nan, Acc=0.22852, AvgAcc=0.21965]216it [01:38,  2.93it/s, lr=5.00e-03, Loss=nan, AvgLoss=nan, Acc=0.22656, AvgAcc=0.21969]217it [01:38,  3.29it/s, lr=5.00e-03, Loss=nan, AvgLoss=nan, Acc=0.22656, AvgAcc=0.21969]217it [01:38,  3.29it/s, lr=5.00e-03, Loss=nan, AvgLoss=nan, Acc=0.23438, AvgAcc=0.21975]218it [01:38,  3.71it/s, lr=5.00e-03, Loss=nan, AvgLoss=nan, Acc=0.23438, AvgAcc=0.21975]218it [01:38,  3.71it/s, lr=5.00e-03, Loss=nan, AvgLoss=nan, Acc=0.23633, AvgAcc=0.21983]219it [01:38,  3.98it/s, lr=5.00e-03, Loss=nan, AvgLoss=nan, Acc=0.23633, AvgAcc=0.21983]219it [01:39,  3.98it/s, lr=5.00e-03, Loss=nan, AvgLoss=nan, Acc=0.22461, AvgAcc=0.21985]220it [01:39,  3.66it/s, lr=5.00e-03, Loss=nan, AvgLoss=nan, Acc=0.22461, AvgAcc=0.21985]220it [01:39,  3.66it/s, lr=5.00e-03, Loss=nan, AvgLoss=nan, Acc=0.20703, AvgAcc=0.21979]221it [01:39,  3.92it/s, lr=5.00e-03, Loss=nan, AvgLoss=nan, Acc=0.20703, AvgAcc=0.21979]221it [01:39,  3.92it/s, lr=5.00e-03, Loss=nan, AvgLoss=nan, Acc=0.19531, AvgAcc=0.21968]222it [01:39,  4.07it/s, lr=5.00e-03, Loss=nan, AvgLoss=nan, Acc=0.19531, AvgAcc=0.21968]222it [01:39,  4.07it/s, lr=5.00e-03, Loss=nan, AvgLoss=nan, Acc=0.22852, AvgAcc=0.21972]223it [01:39,  4.22it/s, lr=5.00e-03, Loss=nan, AvgLoss=nan, Acc=0.22852, AvgAcc=0.21972]223it [01:39,  4.22it/s, lr=5.00e-03, Loss=nan, AvgLoss=nan, Acc=0.23047, AvgAcc=0.21977]224it [01:39,  4.40it/s, lr=5.00e-03, Loss=nan, AvgLoss=nan, Acc=0.23047, AvgAcc=0.21977]224it [01:40,  4.40it/s, lr=5.00e-03, Loss=nan, AvgLoss=nan, Acc=0.19531, AvgAcc=0.21966]225it [01:40,  4.45it/s, lr=5.00e-03, Loss=nan, AvgLoss=nan, Acc=0.19531, AvgAcc=0.21966]225it [01:40,  4.45it/s, lr=5.00e-03, Loss=nan, AvgLoss=nan, Acc=0.20703, AvgAcc=0.21961]226it [01:40,  3.66it/s, lr=5.00e-03, Loss=nan, AvgLoss=nan, Acc=0.20703, AvgAcc=0.21961]226it [01:40,  3.66it/s, lr=5.00e-03, Loss=nan, AvgLoss=nan, Acc=0.20117, AvgAcc=0.21952]227it [01:40,  3.96it/s, lr=5.00e-03, Loss=nan, AvgLoss=nan, Acc=0.20117, AvgAcc=0.21952]227it [01:40,  3.96it/s, lr=5.00e-03, Loss=nan, AvgLoss=nan, Acc=0.23047, AvgAcc=0.21957]228it [01:40,  4.01it/s, lr=5.00e-03, Loss=nan, AvgLoss=nan, Acc=0.23047, AvgAcc=0.21957]228it [01:41,  4.01it/s, lr=5.00e-03, Loss=nan, AvgLoss=nan, Acc=0.19922, AvgAcc=0.21948]229it [01:41,  4.23it/s, lr=5.00e-03, Loss=nan, AvgLoss=nan, Acc=0.19922, AvgAcc=0.21948]229it [01:41,  4.23it/s, lr=5.00e-03, Loss=nan, AvgLoss=nan, Acc=0.22656, AvgAcc=0.21951]230it [01:41,  3.62it/s, lr=5.00e-03, Loss=nan, AvgLoss=nan, Acc=0.22656, AvgAcc=0.21951]230it [01:41,  3.62it/s, lr=5.00e-03, Loss=nan, AvgLoss=nan, Acc=0.22461, AvgAcc=0.21954]231it [01:41,  3.87it/s, lr=5.00e-03, Loss=nan, AvgLoss=nan, Acc=0.22461, AvgAcc=0.21954]231it [01:41,  3.87it/s, lr=5.00e-03, Loss=nan, AvgLoss=nan, Acc=0.20703, AvgAcc=0.21948]232it [01:41,  4.13it/s, lr=5.00e-03, Loss=nan, AvgLoss=nan, Acc=0.20703, AvgAcc=0.21948]232it [01:42,  4.13it/s, lr=5.00e-03, Loss=nan, AvgLoss=nan, Acc=0.25195, AvgAcc=0.21962]233it [01:42,  4.33it/s, lr=5.00e-03, Loss=nan, AvgLoss=nan, Acc=0.25195, AvgAcc=0.21962]233it [01:42,  4.33it/s, lr=5.00e-03, Loss=nan, AvgLoss=nan, Acc=0.21094, AvgAcc=0.21958]234it [01:42,  4.33it/s, lr=5.00e-03, Loss=nan, AvgLoss=nan, Acc=0.21094, AvgAcc=0.21958]234it [01:42,  4.33it/s, lr=5.00e-03, Loss=nan, AvgLoss=nan, Acc=0.18750, AvgAcc=0.21945]235it [01:42,  4.50it/s, lr=5.00e-03, Loss=nan, AvgLoss=nan, Acc=0.18750, AvgAcc=0.21945]235it [01:43,  4.50it/s, lr=5.00e-03, Loss=nan, AvgLoss=nan, Acc=0.21875, AvgAcc=0.21945]236it [01:43,  3.66it/s, lr=5.00e-03, Loss=nan, AvgLoss=nan, Acc=0.21875, AvgAcc=0.21945]236it [01:43,  3.66it/s, lr=5.00e-03, Loss=nan, AvgLoss=nan, Acc=0.21680, AvgAcc=0.21943]237it [01:43,  3.94it/s, lr=5.00e-03, Loss=nan, AvgLoss=nan, Acc=0.21680, AvgAcc=0.21943]237it [01:43,  3.94it/s, lr=5.00e-03, Loss=nan, AvgLoss=nan, Acc=0.23438, AvgAcc=0.21950]238it [01:43,  4.15it/s, lr=5.00e-03, Loss=nan, AvgLoss=nan, Acc=0.23438, AvgAcc=0.21950]238it [01:43,  4.15it/s, lr=5.00e-03, Loss=nan, AvgLoss=nan, Acc=0.18945, AvgAcc=0.21937]239it [01:43,  4.14it/s, lr=5.00e-03, Loss=nan, AvgLoss=nan, Acc=0.18945, AvgAcc=0.21937]239it [01:43,  4.14it/s, lr=5.00e-03, Loss=nan, AvgLoss=nan, Acc=0.20703, AvgAcc=0.21932]240it [01:43,  4.38it/s, lr=5.00e-03, Loss=nan, AvgLoss=nan, Acc=0.20703, AvgAcc=0.21932]240it [01:44,  4.38it/s, lr=5.00e-03, Loss=nan, AvgLoss=nan, Acc=0.20117, AvgAcc=0.21924]241it [01:44,  3.92it/s, lr=5.00e-03, Loss=nan, AvgLoss=nan, Acc=0.20117, AvgAcc=0.21924]241it [01:44,  3.92it/s, lr=5.00e-03, Loss=nan, AvgLoss=nan, Acc=0.23828, AvgAcc=0.21932]242it [01:44,  4.06it/s, lr=5.00e-03, Loss=nan, AvgLoss=nan, Acc=0.23828, AvgAcc=0.21932]242it [01:44,  4.06it/s, lr=5.00e-03, Loss=nan, AvgLoss=nan, Acc=0.24609, AvgAcc=0.21943]243it [01:44,  4.30it/s, lr=5.00e-03, Loss=nan, AvgLoss=nan, Acc=0.24609, AvgAcc=0.21943]243it [01:44,  4.30it/s, lr=5.00e-03, Loss=nan, AvgLoss=nan, Acc=0.20117, AvgAcc=0.21936]244it [01:44,  4.50it/s, lr=5.00e-03, Loss=nan, AvgLoss=nan, Acc=0.20117, AvgAcc=0.21936]244it [01:52,  4.50it/s, lr=5.00e-03, Loss=nan, AvgLoss=nan, Acc=0.22070, AvgAcc=0.21936]245it [01:52,  2.54s/it, lr=5.00e-03, Loss=nan, AvgLoss=nan, Acc=0.22070, AvgAcc=0.21936]245it [01:52,  2.54s/it, lr=5.00e-03, Loss=nan, AvgLoss=nan, Acc=0.20508, AvgAcc=0.21931]246it [01:52,  1.84s/it, lr=5.00e-03, Loss=nan, AvgLoss=nan, Acc=0.20508, AvgAcc=0.21931]246it [01:53,  1.84s/it, lr=5.00e-03, Loss=nan, AvgLoss=nan, Acc=0.18359, AvgAcc=0.21916]247it [01:53,  1.36s/it, lr=5.00e-03, Loss=nan, AvgLoss=nan, Acc=0.18359, AvgAcc=0.21916]247it [01:53,  1.36s/it, lr=5.00e-03, Loss=nan, AvgLoss=nan, Acc=0.21875, AvgAcc=0.21916]248it [01:53,  1.01s/it, lr=5.00e-03, Loss=nan, AvgLoss=nan, Acc=0.21875, AvgAcc=0.21916]248it [01:53,  1.01s/it, lr=5.00e-03, Loss=nan, AvgLoss=nan, Acc=0.23242, AvgAcc=0.21921]249it [01:53,  1.29it/s, lr=5.00e-03, Loss=nan, AvgLoss=nan, Acc=0.23242, AvgAcc=0.21921]249it [01:53,  1.29it/s, lr=5.00e-03, Loss=nan, AvgLoss=nan, Acc=0.20508, AvgAcc=0.21916]250it [01:53,  1.54it/s, lr=5.00e-03, Loss=nan, AvgLoss=nan, Acc=0.20508, AvgAcc=0.21916]250it [01:54,  1.54it/s, lr=5.00e-03, Loss=nan, AvgLoss=nan, Acc=0.23047, AvgAcc=0.21920]251it [01:54,  1.94it/s, lr=5.00e-03, Loss=nan, AvgLoss=nan, Acc=0.23047, AvgAcc=0.21920]251it [01:54,  1.94it/s, lr=5.00e-03, Loss=nan, AvgLoss=nan, Acc=0.22461, AvgAcc=0.21922]252it [01:54,  2.39it/s, lr=5.00e-03, Loss=nan, AvgLoss=nan, Acc=0.22461, AvgAcc=0.21922]252it [01:54,  2.39it/s, lr=5.00e-03, Loss=nan, AvgLoss=nan, Acc=0.20117, AvgAcc=0.21915]253it [01:54,  2.77it/s, lr=5.00e-03, Loss=nan, AvgLoss=nan, Acc=0.20117, AvgAcc=0.21915]253it [01:54,  2.77it/s, lr=5.00e-03, Loss=nan, AvgLoss=nan, Acc=0.19531, AvgAcc=0.21906]254it [01:54,  3.19it/s, lr=5.00e-03, Loss=nan, AvgLoss=nan, Acc=0.19531, AvgAcc=0.21906]254it [01:55,  3.19it/s, lr=5.00e-03, Loss=nan, AvgLoss=nan, Acc=0.22266, AvgAcc=0.21907]255it [01:55,  3.57it/s, lr=5.00e-03, Loss=nan, AvgLoss=nan, Acc=0.22266, AvgAcc=0.21907]255it [01:55,  3.57it/s, lr=5.00e-03, Loss=nan, AvgLoss=nan, Acc=0.22070, AvgAcc=0.21908]256it [01:55,  3.23it/s, lr=5.00e-03, Loss=nan, AvgLoss=nan, Acc=0.22070, AvgAcc=0.21908]256it [01:55,  3.23it/s, lr=5.00e-03, Loss=nan, AvgLoss=nan, Acc=0.19141, AvgAcc=0.21897]257it [01:55,  3.60it/s, lr=5.00e-03, Loss=nan, AvgLoss=nan, Acc=0.19141, AvgAcc=0.21897]257it [01:55,  3.60it/s, lr=5.00e-03, Loss=nan, AvgLoss=nan, Acc=0.22461, AvgAcc=0.21899]258it [01:55,  3.87it/s, lr=5.00e-03, Loss=nan, AvgLoss=nan, Acc=0.22461, AvgAcc=0.21899]258it [01:56,  3.87it/s, lr=5.00e-03, Loss=nan, AvgLoss=nan, Acc=0.16797, AvgAcc=0.21880]259it [01:56,  4.06it/s, lr=5.00e-03, Loss=nan, AvgLoss=nan, Acc=0.16797, AvgAcc=0.21880]259it [01:56,  4.06it/s, lr=5.00e-03, Loss=nan, AvgLoss=nan, Acc=0.22852, AvgAcc=0.21883]260it [01:56,  4.14it/s, lr=5.00e-03, Loss=nan, AvgLoss=nan, Acc=0.22852, AvgAcc=0.21883]260it [01:56,  4.14it/s, lr=5.00e-03, Loss=nan, AvgLoss=nan, Acc=0.23242, AvgAcc=0.21888]261it [01:56,  3.74it/s, lr=5.00e-03, Loss=nan, AvgLoss=nan, Acc=0.23242, AvgAcc=0.21888]261it [01:56,  3.74it/s, lr=5.00e-03, Loss=nan, AvgLoss=nan, Acc=0.21875, AvgAcc=0.21888]262it [01:56,  4.05it/s, lr=5.00e-03, Loss=nan, AvgLoss=nan, Acc=0.21875, AvgAcc=0.21888]262it [01:56,  4.05it/s, lr=5.00e-03, Loss=nan, AvgLoss=nan, Acc=0.18164, AvgAcc=0.21874]263it [01:56,  4.30it/s, lr=5.00e-03, Loss=nan, AvgLoss=nan, Acc=0.18164, AvgAcc=0.21874]263it [01:57,  4.30it/s, lr=5.00e-03, Loss=nan, AvgLoss=nan, Acc=0.22852, AvgAcc=0.21878]264it [01:57,  4.41it/s, lr=5.00e-03, Loss=nan, AvgLoss=nan, Acc=0.22852, AvgAcc=0.21878]264it [01:57,  4.41it/s, lr=5.00e-03, Loss=nan, AvgLoss=nan, Acc=0.20508, AvgAcc=0.21873]265it [01:57,  4.41it/s, lr=5.00e-03, Loss=nan, AvgLoss=nan, Acc=0.20508, AvgAcc=0.21873]265it [01:57,  4.41it/s, lr=5.00e-03, Loss=nan, AvgLoss=nan, Acc=0.21094, AvgAcc=0.21870]266it [01:57,  4.55it/s, lr=5.00e-03, Loss=nan, AvgLoss=nan, Acc=0.21094, AvgAcc=0.21870]266it [01:57,  4.55it/s, lr=5.00e-03, Loss=nan, AvgLoss=nan, Acc=0.20703, AvgAcc=0.21865]267it [01:57,  3.93it/s, lr=5.00e-03, Loss=nan, AvgLoss=nan, Acc=0.20703, AvgAcc=0.21865]267it [01:58,  3.93it/s, lr=5.00e-03, Loss=nan, AvgLoss=nan, Acc=0.22070, AvgAcc=0.21866]268it [01:58,  4.18it/s, lr=5.00e-03, Loss=nan, AvgLoss=nan, Acc=0.22070, AvgAcc=0.21866]268it [01:58,  4.18it/s, lr=5.00e-03, Loss=nan, AvgLoss=nan, Acc=0.18945, AvgAcc=0.21855]269it [01:58,  4.33it/s, lr=5.00e-03, Loss=nan, AvgLoss=nan, Acc=0.18945, AvgAcc=0.21855]269it [01:58,  4.33it/s, lr=5.00e-03, Loss=nan, AvgLoss=nan, Acc=0.22852, AvgAcc=0.21859]270it [01:58,  4.38it/s, lr=5.00e-03, Loss=nan, AvgLoss=nan, Acc=0.22852, AvgAcc=0.21859]270it [01:58,  4.38it/s, lr=5.00e-03, Loss=nan, AvgLoss=nan, Acc=0.20508, AvgAcc=0.21854]271it [01:58,  4.45it/s, lr=5.00e-03, Loss=nan, AvgLoss=nan, Acc=0.20508, AvgAcc=0.21854]271it [01:59,  4.45it/s, lr=5.00e-03, Loss=nan, AvgLoss=nan, Acc=0.19922, AvgAcc=0.21847]272it [01:59,  3.88it/s, lr=5.00e-03, Loss=nan, AvgLoss=nan, Acc=0.19922, AvgAcc=0.21847]272it [01:59,  3.88it/s, lr=5.00e-03, Loss=nan, AvgLoss=nan, Acc=0.23633, AvgAcc=0.21854]273it [01:59,  4.09it/s, lr=5.00e-03, Loss=nan, AvgLoss=nan, Acc=0.23633, AvgAcc=0.21854]273it [01:59,  4.09it/s, lr=5.00e-03, Loss=nan, AvgLoss=nan, Acc=0.24219, AvgAcc=0.21862]274it [01:59,  4.15it/s, lr=5.00e-03, Loss=nan, AvgLoss=nan, Acc=0.24219, AvgAcc=0.21862]274it [01:59,  4.15it/s, lr=5.00e-03, Loss=nan, AvgLoss=nan, Acc=0.22266, AvgAcc=0.21864]275it [01:59,  4.40it/s, lr=5.00e-03, Loss=nan, AvgLoss=nan, Acc=0.22266, AvgAcc=0.21864]275it [02:00,  4.40it/s, lr=5.00e-03, Loss=nan, AvgLoss=nan, Acc=0.20508, AvgAcc=0.21859]276it [02:00,  4.25it/s, lr=5.00e-03, Loss=nan, AvgLoss=nan, Acc=0.20508, AvgAcc=0.21859]276it [02:00,  4.25it/s, lr=5.00e-03, Loss=nan, AvgLoss=nan, Acc=0.24023, AvgAcc=0.21867]277it [02:00,  4.26it/s, lr=5.00e-03, Loss=nan, AvgLoss=nan, Acc=0.24023, AvgAcc=0.21867]277it [02:00,  4.26it/s, lr=5.00e-03, Loss=nan, AvgLoss=nan, Acc=0.23633, AvgAcc=0.21873]278it [02:00,  3.83it/s, lr=5.00e-03, Loss=nan, AvgLoss=nan, Acc=0.23633, AvgAcc=0.21873]278it [02:00,  3.83it/s, lr=5.00e-03, Loss=nan, AvgLoss=nan, Acc=0.22461, AvgAcc=0.21875]279it [02:00,  3.90it/s, lr=5.00e-03, Loss=nan, AvgLoss=nan, Acc=0.22461, AvgAcc=0.21875]279it [02:01,  3.90it/s, lr=5.00e-03, Loss=nan, AvgLoss=nan, Acc=0.22656, AvgAcc=0.21878]280it [02:01,  4.15it/s, lr=5.00e-03, Loss=nan, AvgLoss=nan, Acc=0.22656, AvgAcc=0.21878]280it [02:01,  4.15it/s, lr=5.00e-03, Loss=nan, AvgLoss=nan, Acc=0.19922, AvgAcc=0.21871]281it [02:01,  4.27it/s, lr=5.00e-03, Loss=nan, AvgLoss=nan, Acc=0.19922, AvgAcc=0.21871]281it [02:01,  4.27it/s, lr=5.00e-03, Loss=nan, AvgLoss=nan, Acc=0.19336, AvgAcc=0.21862]282it [02:01,  4.31it/s, lr=5.00e-03, Loss=nan, AvgLoss=nan, Acc=0.19336, AvgAcc=0.21862]282it [02:09,  4.31it/s, lr=5.00e-03, Loss=nan, AvgLoss=nan, Acc=0.21289, AvgAcc=0.21860]283it [02:09,  2.59s/it, lr=5.00e-03, Loss=nan, AvgLoss=nan, Acc=0.21289, AvgAcc=0.21860]283it [02:09,  2.59s/it, lr=5.00e-03, Loss=nan, AvgLoss=nan, Acc=0.20898, AvgAcc=0.21856]284it [02:09,  1.87s/it, lr=5.00e-03, Loss=nan, AvgLoss=nan, Acc=0.20898, AvgAcc=0.21856]284it [02:09,  1.87s/it, lr=5.00e-03, Loss=nan, AvgLoss=nan, Acc=0.23242, AvgAcc=0.21861]285it [02:09,  1.38s/it, lr=5.00e-03, Loss=nan, AvgLoss=nan, Acc=0.23242, AvgAcc=0.21861]285it [02:10,  1.38s/it, lr=5.00e-03, Loss=nan, AvgLoss=nan, Acc=0.23242, AvgAcc=0.21866]286it [02:10,  1.07s/it, lr=5.00e-03, Loss=nan, AvgLoss=nan, Acc=0.23242, AvgAcc=0.21866]286it [02:10,  1.07s/it, lr=5.00e-03, Loss=nan, AvgLoss=nan, Acc=0.21484, AvgAcc=0.21865]287it [02:10,  1.23it/s, lr=5.00e-03, Loss=nan, AvgLoss=nan, Acc=0.21484, AvgAcc=0.21865]287it [02:10,  1.23it/s, lr=5.00e-03, Loss=nan, AvgLoss=nan, Acc=0.22852, AvgAcc=0.21868]288it [02:10,  1.58it/s, lr=5.00e-03, Loss=nan, AvgLoss=nan, Acc=0.22852, AvgAcc=0.21868]288it [02:11,  1.58it/s, lr=5.00e-03, Loss=nan, AvgLoss=nan, Acc=0.22852, AvgAcc=0.21872]289it [02:11,  1.94it/s, lr=5.00e-03, Loss=nan, AvgLoss=nan, Acc=0.22852, AvgAcc=0.21872]289it [02:11,  1.94it/s, lr=5.00e-03, Loss=nan, AvgLoss=nan, Acc=0.25586, AvgAcc=0.21884]290it [02:11,  2.40it/s, lr=5.00e-03, Loss=nan, AvgLoss=nan, Acc=0.25586, AvgAcc=0.21884]290it [02:11,  2.40it/s, lr=5.00e-03, Loss=nan, AvgLoss=nan, Acc=0.22656, AvgAcc=0.21887]291it [02:11,  2.79it/s, lr=5.00e-03, Loss=nan, AvgLoss=nan, Acc=0.22656, AvgAcc=0.21887]291it [02:11,  2.79it/s, lr=5.00e-03, Loss=nan, AvgLoss=nan, Acc=0.21680, AvgAcc=0.21886]292it [02:11,  2.81it/s, lr=5.00e-03, Loss=nan, AvgLoss=nan, Acc=0.21680, AvgAcc=0.21886]292it [02:12,  2.81it/s, lr=5.00e-03, Loss=nan, AvgLoss=nan, Acc=0.21875, AvgAcc=0.21886]293it [02:12,  3.18it/s, lr=5.00e-03, Loss=nan, AvgLoss=nan, Acc=0.21875, AvgAcc=0.21886]293it [02:12,  3.18it/s, lr=5.00e-03, Loss=nan, AvgLoss=nan, Acc=0.18164, AvgAcc=0.21874]294it [02:12,  3.58it/s, lr=5.00e-03, Loss=nan, AvgLoss=nan, Acc=0.18164, AvgAcc=0.21874]294it [02:12,  3.58it/s, lr=5.00e-03, Loss=nan, AvgLoss=nan, Acc=0.24023, AvgAcc=0.21881]295it [02:12,  3.92it/s, lr=5.00e-03, Loss=nan, AvgLoss=nan, Acc=0.24023, AvgAcc=0.21881]295it [02:12,  3.92it/s, lr=5.00e-03, Loss=nan, AvgLoss=nan, Acc=0.23633, AvgAcc=0.21887]296it [02:12,  4.10it/s, lr=5.00e-03, Loss=nan, AvgLoss=nan, Acc=0.23633, AvgAcc=0.21887]296it [02:12,  4.10it/s, lr=5.00e-03, Loss=nan, AvgLoss=nan, Acc=0.22266, AvgAcc=0.21888]297it [02:12,  3.79it/s, lr=5.00e-03, Loss=nan, AvgLoss=nan, Acc=0.22266, AvgAcc=0.21888]297it [02:13,  3.79it/s, lr=5.00e-03, Loss=nan, AvgLoss=nan, Acc=0.22461, AvgAcc=0.21890]298it [02:13,  3.99it/s, lr=5.00e-03, Loss=nan, AvgLoss=nan, Acc=0.22461, AvgAcc=0.21890]298it [02:13,  3.99it/s, lr=5.00e-03, Loss=nan, AvgLoss=nan, Acc=0.22656, AvgAcc=0.21893]299it [02:13,  4.13it/s, lr=5.00e-03, Loss=nan, AvgLoss=nan, Acc=0.22656, AvgAcc=0.21893]299it [02:13,  4.13it/s, lr=5.00e-03, Loss=nan, AvgLoss=nan, Acc=0.20508, AvgAcc=0.21888]299it [02:13,  2.24it/s, lr=5.00e-03, Loss=nan, AvgLoss=nan, Acc=0.20508, AvgAcc=0.21888]
[2025-12-08 09:45:47,213] INFO: Processed 153600 entries in total (avg. speed 1149.9 entries/s)
[2025-12-08 09:45:47,213] INFO: Train AvgLoss: nan, AvgAcc: 0.21888
[2025-12-08 09:45:47,213] INFO: Train class distribution: 
    [(0, 33620), (1, 26187), (2, 93793)]
[2025-12-08 09:45:47,469] INFO: Epoch #4 validating
0it [00:00, ?it/s]0it [00:00, ?it/s, Loss=nan, AvgLoss=nan, Acc=0.27734, AvgAcc=0.27734]0it [00:00, ?it/s, Loss=nan, AvgLoss=nan, Acc=0.20508, AvgAcc=0.24121]2it [00:00, 12.25it/s, Loss=nan, AvgLoss=nan, Acc=0.20508, AvgAcc=0.24121]2it [00:00, 12.25it/s, Loss=nan, AvgLoss=nan, Acc=0.21289, AvgAcc=0.23177]2it [00:00, 12.25it/s, Loss=nan, AvgLoss=nan, Acc=0.18750, AvgAcc=0.22070]4it [00:00, 10.08it/s, Loss=nan, AvgLoss=nan, Acc=0.18750, AvgAcc=0.22070]4it [00:00, 10.08it/s, Loss=nan, AvgLoss=nan, Acc=0.23828, AvgAcc=0.22422]4it [00:00, 10.08it/s, Loss=nan, AvgLoss=nan, Acc=0.20898, AvgAcc=0.22168]6it [00:00,  6.96it/s, Loss=nan, AvgLoss=nan, Acc=0.20898, AvgAcc=0.22168]6it [00:00,  6.96it/s, Loss=nan, AvgLoss=nan, Acc=0.20703, AvgAcc=0.21959]6it [00:00,  6.96it/s, Loss=nan, AvgLoss=nan, Acc=0.20898, AvgAcc=0.21826]8it [00:00,  7.75it/s, Loss=nan, AvgLoss=nan, Acc=0.20898, AvgAcc=0.21826]8it [00:01,  7.75it/s, Loss=nan, AvgLoss=nan, Acc=0.18555, AvgAcc=0.21463]9it [00:01,  7.56it/s, Loss=nan, AvgLoss=nan, Acc=0.18555, AvgAcc=0.21463]9it [00:01,  7.56it/s, Loss=nan, AvgLoss=nan, Acc=0.21875, AvgAcc=0.21504]10it [00:01,  7.77it/s, Loss=nan, AvgLoss=nan, Acc=0.21875, AvgAcc=0.21504]10it [00:01,  7.77it/s, Loss=nan, AvgLoss=nan, Acc=0.20898, AvgAcc=0.21449]10it [00:01,  7.77it/s, Loss=nan, AvgLoss=nan, Acc=0.21289, AvgAcc=0.21436]12it [00:01,  8.47it/s, Loss=nan, AvgLoss=nan, Acc=0.21289, AvgAcc=0.21436]12it [00:01,  8.47it/s, Loss=nan, AvgLoss=nan, Acc=0.20117, AvgAcc=0.21334]13it [00:01,  8.46it/s, Loss=nan, AvgLoss=nan, Acc=0.20117, AvgAcc=0.21334]13it [00:01,  8.46it/s, Loss=nan, AvgLoss=nan, Acc=0.23242, AvgAcc=0.21470]14it [00:01,  8.55it/s, Loss=nan, AvgLoss=nan, Acc=0.23242, AvgAcc=0.21470]14it [00:01,  8.55it/s, Loss=nan, AvgLoss=nan, Acc=0.21289, AvgAcc=0.21458]15it [00:01,  8.24it/s, Loss=nan, AvgLoss=nan, Acc=0.21289, AvgAcc=0.21458]15it [00:01,  8.24it/s, Loss=nan, AvgLoss=nan, Acc=0.21875, AvgAcc=0.21484]16it [00:01,  8.10it/s, Loss=nan, AvgLoss=nan, Acc=0.21875, AvgAcc=0.21484]16it [00:02,  8.10it/s, Loss=nan, AvgLoss=nan, Acc=0.22852, AvgAcc=0.21565]17it [00:02,  6.58it/s, Loss=nan, AvgLoss=nan, Acc=0.22852, AvgAcc=0.21565]17it [00:02,  6.58it/s, Loss=nan, AvgLoss=nan, Acc=0.24414, AvgAcc=0.21723]18it [00:02,  6.85it/s, Loss=nan, AvgLoss=nan, Acc=0.24414, AvgAcc=0.21723]18it [00:02,  6.85it/s, Loss=nan, AvgLoss=nan, Acc=0.21289, AvgAcc=0.21700]19it [00:02,  7.16it/s, Loss=nan, AvgLoss=nan, Acc=0.21289, AvgAcc=0.21700]19it [00:02,  7.16it/s, Loss=nan, AvgLoss=nan, Acc=0.18359, AvgAcc=0.21533]20it [00:02,  7.31it/s, Loss=nan, AvgLoss=nan, Acc=0.18359, AvgAcc=0.21533]20it [00:02,  7.31it/s, Loss=nan, AvgLoss=nan, Acc=0.23242, AvgAcc=0.21615]21it [00:02,  7.79it/s, Loss=nan, AvgLoss=nan, Acc=0.23242, AvgAcc=0.21615]21it [00:02,  7.79it/s, Loss=nan, AvgLoss=nan, Acc=0.20508, AvgAcc=0.21564]21it [00:02,  7.79it/s, Loss=nan, AvgLoss=nan, Acc=0.19727, AvgAcc=0.21484]23it [00:02,  7.99it/s, Loss=nan, AvgLoss=nan, Acc=0.19727, AvgAcc=0.21484]23it [00:03,  7.99it/s, Loss=nan, AvgLoss=nan, Acc=0.24609, AvgAcc=0.21615]24it [00:03,  7.99it/s, Loss=nan, AvgLoss=nan, Acc=0.24609, AvgAcc=0.21615]24it [00:03,  7.99it/s, Loss=nan, AvgLoss=nan, Acc=0.23047, AvgAcc=0.21672]24it [00:03,  7.99it/s, Loss=nan, AvgLoss=nan, Acc=0.23438, AvgAcc=0.21740]26it [00:03,  8.27it/s, Loss=nan, AvgLoss=nan, Acc=0.23438, AvgAcc=0.21740]26it [00:03,  8.27it/s, Loss=nan, AvgLoss=nan, Acc=0.22656, AvgAcc=0.21774]27it [00:03,  8.04it/s, Loss=nan, AvgLoss=nan, Acc=0.22656, AvgAcc=0.21774]27it [00:03,  8.04it/s, Loss=nan, AvgLoss=nan, Acc=0.22070, AvgAcc=0.21784]28it [00:03,  7.79it/s, Loss=nan, AvgLoss=nan, Acc=0.22070, AvgAcc=0.21784]28it [00:03,  7.79it/s, Loss=nan, AvgLoss=nan, Acc=0.19141, AvgAcc=0.21693]29it [00:03,  6.17it/s, Loss=nan, AvgLoss=nan, Acc=0.19141, AvgAcc=0.21693]29it [00:03,  6.17it/s, Loss=nan, AvgLoss=nan, Acc=0.24414, AvgAcc=0.21784]30it [00:03,  6.50it/s, Loss=nan, AvgLoss=nan, Acc=0.24414, AvgAcc=0.21784]30it [00:04,  6.50it/s, Loss=nan, AvgLoss=nan, Acc=0.24414, AvgAcc=0.21869]30it [00:04,  6.50it/s, Loss=nan, AvgLoss=nan, Acc=0.21094, AvgAcc=0.21844]32it [00:04,  7.30it/s, Loss=nan, AvgLoss=nan, Acc=0.21094, AvgAcc=0.21844]32it [00:04,  7.30it/s, Loss=nan, AvgLoss=nan, Acc=0.19141, AvgAcc=0.21763]32it [00:04,  7.30it/s, Loss=nan, AvgLoss=nan, Acc=0.24219, AvgAcc=0.21835]34it [00:04,  7.82it/s, Loss=nan, AvgLoss=nan, Acc=0.24219, AvgAcc=0.21835]34it [00:04,  7.82it/s, Loss=nan, AvgLoss=nan, Acc=0.19141, AvgAcc=0.21758]35it [00:04,  7.82it/s, Loss=nan, AvgLoss=nan, Acc=0.19141, AvgAcc=0.21758]35it [00:04,  7.82it/s, Loss=nan, AvgLoss=nan, Acc=0.21875, AvgAcc=0.21761]36it [00:04,  7.91it/s, Loss=nan, AvgLoss=nan, Acc=0.21875, AvgAcc=0.21761]36it [00:04,  7.91it/s, Loss=nan, AvgLoss=nan, Acc=0.21289, AvgAcc=0.21748]37it [00:04,  8.14it/s, Loss=nan, AvgLoss=nan, Acc=0.21289, AvgAcc=0.21748]37it [00:04,  8.14it/s, Loss=nan, AvgLoss=nan, Acc=0.25781, AvgAcc=0.21854]38it [00:04,  8.37it/s, Loss=nan, AvgLoss=nan, Acc=0.25781, AvgAcc=0.21854]38it [00:04,  8.37it/s, Loss=nan, AvgLoss=nan, Acc=0.20508, AvgAcc=0.21820]39it [00:04,  8.45it/s, Loss=nan, AvgLoss=nan, Acc=0.20508, AvgAcc=0.21820]39it [00:05,  8.45it/s, Loss=nan, AvgLoss=nan, Acc=0.18945, AvgAcc=0.21748]39it [00:05,  8.45it/s, Loss=nan, AvgLoss=nan, Acc=0.20898, AvgAcc=0.21727]41it [00:05,  7.12it/s, Loss=nan, AvgLoss=nan, Acc=0.20898, AvgAcc=0.21727]41it [00:05,  7.12it/s, Loss=nan, AvgLoss=nan, Acc=0.22266, AvgAcc=0.21740]42it [00:05,  7.25it/s, Loss=nan, AvgLoss=nan, Acc=0.22266, AvgAcc=0.21740]42it [00:24,  7.25it/s, Loss=nan, AvgLoss=nan, Acc=0.23828, AvgAcc=0.21789]43it [00:24,  5.01s/it, Loss=nan, AvgLoss=nan, Acc=0.23828, AvgAcc=0.21789]43it [00:24,  5.01s/it, Loss=nan, AvgLoss=nan, Acc=0.22070, AvgAcc=0.21795]43it [00:24,  5.01s/it, Loss=nan, AvgLoss=nan, Acc=0.22461, AvgAcc=0.21810]45it [00:24,  2.94s/it, Loss=nan, AvgLoss=nan, Acc=0.22461, AvgAcc=0.21810]45it [00:25,  2.94s/it, Loss=nan, AvgLoss=nan, Acc=0.21875, AvgAcc=0.21811]45it [00:25,  2.94s/it, Loss=nan, AvgLoss=nan, Acc=0.23438, AvgAcc=0.21846]47it [00:25,  1.87s/it, Loss=nan, AvgLoss=nan, Acc=0.23438, AvgAcc=0.21846]47it [00:25,  1.87s/it, Loss=nan, AvgLoss=nan, Acc=0.22656, AvgAcc=0.21863]47it [00:25,  1.87s/it, Loss=nan, AvgLoss=nan, Acc=0.20117, AvgAcc=0.21827]49it [00:25,  1.24s/it, Loss=nan, AvgLoss=nan, Acc=0.20117, AvgAcc=0.21827]49it [00:25,  1.24s/it, Loss=nan, AvgLoss=nan, Acc=0.21680, AvgAcc=0.21824]49it [00:25,  1.24s/it, Loss=nan, AvgLoss=nan, Acc=0.22266, AvgAcc=0.21833]51it [00:25,  1.17it/s, Loss=nan, AvgLoss=nan, Acc=0.22266, AvgAcc=0.21833]51it [00:25,  1.17it/s, Loss=nan, AvgLoss=nan, Acc=0.23828, AvgAcc=0.21871]51it [00:25,  1.17it/s, Loss=nan, AvgLoss=nan, Acc=0.22070, AvgAcc=0.21875]53it [00:25,  1.66it/s, Loss=nan, AvgLoss=nan, Acc=0.22070, AvgAcc=0.21875]53it [00:25,  1.66it/s, Loss=nan, AvgLoss=nan, Acc=0.21875, AvgAcc=0.21875]53it [00:25,  1.66it/s, Loss=nan, AvgLoss=nan, Acc=0.25781, AvgAcc=0.21946]55it [00:25,  2.30it/s, Loss=nan, AvgLoss=nan, Acc=0.25781, AvgAcc=0.21946]55it [00:25,  2.30it/s, Loss=nan, AvgLoss=nan, Acc=0.21289, AvgAcc=0.21934]55it [00:25,  2.30it/s, Loss=nan, AvgLoss=nan, Acc=0.20508, AvgAcc=0.21909]57it [00:25,  3.08it/s, Loss=nan, AvgLoss=nan, Acc=0.20508, AvgAcc=0.21909]57it [00:25,  3.08it/s, Loss=nan, AvgLoss=nan, Acc=0.22852, AvgAcc=0.21926]57it [00:25,  3.08it/s, Loss=nan, AvgLoss=nan, Acc=0.19922, AvgAcc=0.21892]59it [00:25,  4.05it/s, Loss=nan, AvgLoss=nan, Acc=0.19922, AvgAcc=0.21892]59it [00:26,  4.05it/s, Loss=nan, AvgLoss=nan, Acc=0.23828, AvgAcc=0.21924]59it [00:26,  4.05it/s, Loss=nan, AvgLoss=nan, Acc=0.23047, AvgAcc=0.21942]61it [00:26,  5.11it/s, Loss=nan, AvgLoss=nan, Acc=0.23047, AvgAcc=0.21942]61it [00:26,  5.11it/s, Loss=nan, AvgLoss=nan, Acc=0.24023, AvgAcc=0.21976]61it [00:26,  5.11it/s, Loss=nan, AvgLoss=nan, Acc=0.22461, AvgAcc=0.21984]63it [00:26,  6.14it/s, Loss=nan, AvgLoss=nan, Acc=0.22461, AvgAcc=0.21984]63it [00:26,  6.14it/s, Loss=nan, AvgLoss=nan, Acc=0.22852, AvgAcc=0.21997]63it [00:26,  6.14it/s, Loss=nan, AvgLoss=nan, Acc=0.19922, AvgAcc=0.21965]65it [00:26,  7.32it/s, Loss=nan, AvgLoss=nan, Acc=0.19922, AvgAcc=0.21965]65it [00:26,  7.32it/s, Loss=nan, AvgLoss=nan, Acc=0.22070, AvgAcc=0.21967]65it [00:26,  7.32it/s, Loss=nan, AvgLoss=nan, Acc=0.23047, AvgAcc=0.21983]67it [00:26,  7.02it/s, Loss=nan, AvgLoss=nan, Acc=0.23047, AvgAcc=0.21983]67it [00:26,  7.02it/s, Loss=nan, AvgLoss=nan, Acc=0.20898, AvgAcc=0.21967]67it [00:26,  7.02it/s, Loss=nan, AvgLoss=nan, Acc=0.19336, AvgAcc=0.21929]69it [00:26,  8.11it/s, Loss=nan, AvgLoss=nan, Acc=0.19336, AvgAcc=0.21929]69it [00:27,  8.11it/s, Loss=nan, AvgLoss=nan, Acc=0.21289, AvgAcc=0.21920]69it [00:27,  8.11it/s, Loss=nan, AvgLoss=nan, Acc=0.21680, AvgAcc=0.21916]71it [00:27,  8.91it/s, Loss=nan, AvgLoss=nan, Acc=0.21680, AvgAcc=0.21916]71it [00:27,  8.91it/s, Loss=nan, AvgLoss=nan, Acc=0.21875, AvgAcc=0.21916]71it [00:27,  8.91it/s, Loss=nan, AvgLoss=nan, Acc=0.21680, AvgAcc=0.21912]73it [00:27, 10.06it/s, Loss=nan, AvgLoss=nan, Acc=0.21680, AvgAcc=0.21912]73it [00:27, 10.06it/s, Loss=nan, AvgLoss=nan, Acc=0.21094, AvgAcc=0.21901]73it [00:27, 10.06it/s, Loss=nan, AvgLoss=nan, Acc=0.23633, AvgAcc=0.21924]74it [00:27,  2.70it/s, Loss=nan, AvgLoss=nan, Acc=0.23633, AvgAcc=0.21924]
[2025-12-08 09:46:14,877] INFO: Processed 38400 entries in total (avg. speed 1401.1 entries/s)
[2025-12-08 09:46:14,877] INFO: Evaluation class distribution: 
    [(0, 8419), (1, 6653), (2, 23328)]
[2025-12-08 09:46:14,879] ERROR: Input contains NaN.
[2025-12-08 09:46:14,925] ERROR: Input contains NaN.
[2025-12-08 09:46:14,926] INFO: Evaluation metrics: 
    - roc_auc_score: 
None
    - roc_auc_score_matrix: 
None
    - confusion_matrix: 
[[1. 0. 0.]
 [1. 0. 0.]
 [1. 0. 0.]]
[2025-12-08 09:46:14,932] INFO: Pairwise ROC AUC:
[2025-12-08 09:46:14,932] INFO: [1mEpoch #4: Current validation metric: 0.21924 (best: 0.22268)[0m
[2025-12-08 09:46:14,932] INFO: --------------------------------------------------
[2025-12-08 09:46:14,932] INFO: Epoch #5 training
0it [00:00, ?it/s]/oscar/home/tgillin/files/weaver-core/weaver/utils/nn/tools.py:125: FutureWarning: `torch.cuda.amp.autocast(args...)` is deprecated. Please use `torch.amp.autocast('cuda', args...)` instead.
  with torch.cuda.amp.autocast(enabled=grad_scaler is not None):
/oscar/home/tgillin/files/weaver-core/weaver/nn/model/ParticleTransformer.py:549: FutureWarning: `torch.cuda.amp.autocast(args...)` is deprecated. Please use `torch.amp.autocast('cuda', args...)` instead.
  with torch.cuda.amp.autocast(enabled=self.use_amp):
/users/tgillin/miniconda3/envs/weaver/lib/python3.10/site-packages/torch/nn/functional.py:6041: UserWarning: Support for mismatched key_padding_mask and attn_mask is deprecated. Use same type for both instead.
  warnings.warn(
0it [00:00, ?it/s, lr=5.00e-03, Loss=nan, AvgLoss=nan, Acc=0.21094, AvgAcc=0.21094]1it [00:00,  4.54it/s, lr=5.00e-03, Loss=nan, AvgLoss=nan, Acc=0.21094, AvgAcc=0.21094]1it [00:00,  4.54it/s, lr=5.00e-03, Loss=nan, AvgLoss=nan, Acc=0.18555, AvgAcc=0.19824]2it [00:00,  4.29it/s, lr=5.00e-03, Loss=nan, AvgLoss=nan, Acc=0.18555, AvgAcc=0.19824]2it [00:00,  4.29it/s, lr=5.00e-03, Loss=nan, AvgLoss=nan, Acc=0.17773, AvgAcc=0.19141]3it [00:00,  4.39it/s, lr=5.00e-03, Loss=nan, AvgLoss=nan, Acc=0.17773, AvgAcc=0.19141]3it [00:01,  4.39it/s, lr=5.00e-03, Loss=nan, AvgLoss=nan, Acc=0.21289, AvgAcc=0.19678]4it [00:01,  3.60it/s, lr=5.00e-03, Loss=nan, AvgLoss=nan, Acc=0.21289, AvgAcc=0.19678]4it [00:01,  3.60it/s, lr=5.00e-03, Loss=nan, AvgLoss=nan, Acc=0.19336, AvgAcc=0.19609]5it [00:01,  3.92it/s, lr=5.00e-03, Loss=nan, AvgLoss=nan, Acc=0.19336, AvgAcc=0.19609]5it [00:01,  3.92it/s, lr=5.00e-03, Loss=nan, AvgLoss=nan, Acc=0.22852, AvgAcc=0.20150]6it [00:01,  4.18it/s, lr=5.00e-03, Loss=nan, AvgLoss=nan, Acc=0.22852, AvgAcc=0.20150]6it [00:01,  4.18it/s, lr=5.00e-03, Loss=nan, AvgLoss=nan, Acc=0.20703, AvgAcc=0.20229]7it [00:01,  4.35it/s, lr=5.00e-03, Loss=nan, AvgLoss=nan, Acc=0.20703, AvgAcc=0.20229]7it [00:01,  4.35it/s, lr=5.00e-03, Loss=nan, AvgLoss=nan, Acc=0.20703, AvgAcc=0.20288]8it [00:01,  4.48it/s, lr=5.00e-03, Loss=nan, AvgLoss=nan, Acc=0.20703, AvgAcc=0.20288]8it [00:02,  4.48it/s, lr=5.00e-03, Loss=nan, AvgLoss=nan, Acc=0.20117, AvgAcc=0.20269]9it [00:02,  3.77it/s, lr=5.00e-03, Loss=nan, AvgLoss=nan, Acc=0.20117, AvgAcc=0.20269]9it [00:02,  3.77it/s, lr=5.00e-03, Loss=nan, AvgLoss=nan, Acc=0.18164, AvgAcc=0.20059]10it [00:02,  4.07it/s, lr=5.00e-03, Loss=nan, AvgLoss=nan, Acc=0.18164, AvgAcc=0.20059]10it [00:02,  4.07it/s, lr=5.00e-03, Loss=nan, AvgLoss=nan, Acc=0.24609, AvgAcc=0.20472]11it [00:02,  4.17it/s, lr=5.00e-03, Loss=nan, AvgLoss=nan, Acc=0.24609, AvgAcc=0.20472]11it [00:02,  4.17it/s, lr=5.00e-03, Loss=nan, AvgLoss=nan, Acc=0.23242, AvgAcc=0.20703]12it [00:02,  4.28it/s, lr=5.00e-03, Loss=nan, AvgLoss=nan, Acc=0.23242, AvgAcc=0.20703]12it [00:03,  4.28it/s, lr=5.00e-03, Loss=nan, AvgLoss=nan, Acc=0.21484, AvgAcc=0.20763]13it [00:03,  4.47it/s, lr=5.00e-03, Loss=nan, AvgLoss=nan, Acc=0.21484, AvgAcc=0.20763]13it [00:03,  4.47it/s, lr=5.00e-03, Loss=nan, AvgLoss=nan, Acc=0.21875, AvgAcc=0.20843]14it [00:03,  4.63it/s, lr=5.00e-03, Loss=nan, AvgLoss=nan, Acc=0.21875, AvgAcc=0.20843]14it [00:03,  4.63it/s, lr=5.00e-03, Loss=nan, AvgLoss=nan, Acc=0.18359, AvgAcc=0.20677]15it [00:03,  3.84it/s, lr=5.00e-03, Loss=nan, AvgLoss=nan, Acc=0.18359, AvgAcc=0.20677]15it [00:03,  3.84it/s, lr=5.00e-03, Loss=nan, AvgLoss=nan, Acc=0.18750, AvgAcc=0.20557]16it [00:03,  4.01it/s, lr=5.00e-03, Loss=nan, AvgLoss=nan, Acc=0.18750, AvgAcc=0.20557]16it [00:04,  4.01it/s, lr=5.00e-03, Loss=nan, AvgLoss=nan, Acc=0.22852, AvgAcc=0.20692]17it [00:04,  4.20it/s, lr=5.00e-03, Loss=nan, AvgLoss=nan, Acc=0.22852, AvgAcc=0.20692]17it [00:04,  4.20it/s, lr=5.00e-03, Loss=nan, AvgLoss=nan, Acc=0.20312, AvgAcc=0.20671]18it [00:04,  4.32it/s, lr=5.00e-03, Loss=nan, AvgLoss=nan, Acc=0.20312, AvgAcc=0.20671]18it [00:04,  4.32it/s, lr=5.00e-03, Loss=nan, AvgLoss=nan, Acc=0.19727, AvgAcc=0.20621]19it [00:04,  4.46it/s, lr=5.00e-03, Loss=nan, AvgLoss=nan, Acc=0.19727, AvgAcc=0.20621]19it [00:04,  4.46it/s, lr=5.00e-03, Loss=nan, AvgLoss=nan, Acc=0.26172, AvgAcc=0.20898]20it [00:04,  4.67it/s, lr=5.00e-03, Loss=nan, AvgLoss=nan, Acc=0.26172, AvgAcc=0.20898]20it [00:05,  4.67it/s, lr=5.00e-03, Loss=nan, AvgLoss=nan, Acc=0.23633, AvgAcc=0.21029]21it [00:05,  3.53it/s, lr=5.00e-03, Loss=nan, AvgLoss=nan, Acc=0.23633, AvgAcc=0.21029]21it [00:05,  3.53it/s, lr=5.00e-03, Loss=nan, AvgLoss=nan, Acc=0.17773, AvgAcc=0.20881]22it [00:05,  3.48it/s, lr=5.00e-03, Loss=nan, AvgLoss=nan, Acc=0.17773, AvgAcc=0.20881]22it [00:05,  3.48it/s, lr=5.00e-03, Loss=nan, AvgLoss=nan, Acc=0.23633, AvgAcc=0.21000]23it [00:05,  3.50it/s, lr=5.00e-03, Loss=nan, AvgLoss=nan, Acc=0.23633, AvgAcc=0.21000]23it [00:06,  3.50it/s, lr=5.00e-03, Loss=nan, AvgLoss=nan, Acc=0.21289, AvgAcc=0.21012]24it [00:06,  2.90it/s, lr=5.00e-03, Loss=nan, AvgLoss=nan, Acc=0.21289, AvgAcc=0.21012]24it [00:06,  2.90it/s, lr=5.00e-03, Loss=nan, AvgLoss=nan, Acc=0.20117, AvgAcc=0.20977]25it [00:06,  3.08it/s, lr=5.00e-03, Loss=nan, AvgLoss=nan, Acc=0.20117, AvgAcc=0.20977]25it [00:06,  3.08it/s, lr=5.00e-03, Loss=nan, AvgLoss=nan, Acc=0.19922, AvgAcc=0.20936]26it [00:06,  3.21it/s, lr=5.00e-03, Loss=nan, AvgLoss=nan, Acc=0.19922, AvgAcc=0.20936]26it [00:07,  3.21it/s, lr=5.00e-03, Loss=nan, AvgLoss=nan, Acc=0.22461, AvgAcc=0.20992]27it [00:07,  2.88it/s, lr=5.00e-03, Loss=nan, AvgLoss=nan, Acc=0.22461, AvgAcc=0.20992]27it [00:07,  2.88it/s, lr=5.00e-03, Loss=nan, AvgLoss=nan, Acc=0.20117, AvgAcc=0.20961]28it [00:07,  3.01it/s, lr=5.00e-03, Loss=nan, AvgLoss=nan, Acc=0.20117, AvgAcc=0.20961]28it [00:07,  3.01it/s, lr=5.00e-03, Loss=nan, AvgLoss=nan, Acc=0.18750, AvgAcc=0.20885]29it [00:07,  3.20it/s, lr=5.00e-03, Loss=nan, AvgLoss=nan, Acc=0.18750, AvgAcc=0.20885]29it [00:08,  3.20it/s, lr=5.00e-03, Loss=nan, AvgLoss=nan, Acc=0.19922, AvgAcc=0.20853]30it [00:08,  3.12it/s, lr=5.00e-03, Loss=nan, AvgLoss=nan, Acc=0.19922, AvgAcc=0.20853]30it [00:08,  3.12it/s, lr=5.00e-03, Loss=nan, AvgLoss=nan, Acc=0.19336, AvgAcc=0.20804]31it [00:08,  2.89it/s, lr=5.00e-03, Loss=nan, AvgLoss=nan, Acc=0.19336, AvgAcc=0.20804]31it [00:08,  2.89it/s, lr=5.00e-03, Loss=nan, AvgLoss=nan, Acc=0.20703, AvgAcc=0.20801]32it [00:08,  3.03it/s, lr=5.00e-03, Loss=nan, AvgLoss=nan, Acc=0.20703, AvgAcc=0.20801]32it [00:09,  3.03it/s, lr=5.00e-03, Loss=nan, AvgLoss=nan, Acc=0.22266, AvgAcc=0.20845]33it [00:09,  3.14it/s, lr=5.00e-03, Loss=nan, AvgLoss=nan, Acc=0.22266, AvgAcc=0.20845]33it [00:09,  3.14it/s, lr=5.00e-03, Loss=nan, AvgLoss=nan, Acc=0.20508, AvgAcc=0.20835]34it [00:09,  3.25it/s, lr=5.00e-03, Loss=nan, AvgLoss=nan, Acc=0.20508, AvgAcc=0.20835]34it [00:09,  3.25it/s, lr=5.00e-03, Loss=nan, AvgLoss=nan, Acc=0.23633, AvgAcc=0.20915]35it [00:09,  3.26it/s, lr=5.00e-03, Loss=nan, AvgLoss=nan, Acc=0.23633, AvgAcc=0.20915]35it [00:10,  3.26it/s, lr=5.00e-03, Loss=nan, AvgLoss=nan, Acc=0.24219, AvgAcc=0.21007]36it [00:10,  2.96it/s, lr=5.00e-03, Loss=nan, AvgLoss=nan, Acc=0.24219, AvgAcc=0.21007]36it [00:10,  2.96it/s, lr=5.00e-03, Loss=nan, AvgLoss=nan, Acc=0.23242, AvgAcc=0.21067]37it [00:10,  3.11it/s, lr=5.00e-03, Loss=nan, AvgLoss=nan, Acc=0.23242, AvgAcc=0.21067]37it [00:10,  3.11it/s, lr=5.00e-03, Loss=nan, AvgLoss=nan, Acc=0.17773, AvgAcc=0.20981]38it [00:10,  3.18it/s, lr=5.00e-03, Loss=nan, AvgLoss=nan, Acc=0.17773, AvgAcc=0.20981]38it [00:11,  3.18it/s, lr=5.00e-03, Loss=nan, AvgLoss=nan, Acc=0.17383, AvgAcc=0.20888]39it [00:11,  2.90it/s, lr=5.00e-03, Loss=nan, AvgLoss=nan, Acc=0.17383, AvgAcc=0.20888]39it [00:11,  2.90it/s, lr=5.00e-03, Loss=nan, AvgLoss=nan, Acc=0.20508, AvgAcc=0.20879]40it [00:11,  3.07it/s, lr=5.00e-03, Loss=nan, AvgLoss=nan, Acc=0.20508, AvgAcc=0.20879]40it [00:11,  3.07it/s, lr=5.00e-03, Loss=nan, AvgLoss=nan, Acc=0.23438, AvgAcc=0.20941]41it [00:11,  3.16it/s, lr=5.00e-03, Loss=nan, AvgLoss=nan, Acc=0.23438, AvgAcc=0.20941]41it [00:11,  3.16it/s, lr=5.00e-03, Loss=nan, AvgLoss=nan, Acc=0.23438, AvgAcc=0.21001]42it [00:11,  3.19it/s, lr=5.00e-03, Loss=nan, AvgLoss=nan, Acc=0.23438, AvgAcc=0.21001]42it [00:12,  3.19it/s, lr=5.00e-03, Loss=nan, AvgLoss=nan, Acc=0.18164, AvgAcc=0.20935]43it [00:12,  2.90it/s, lr=5.00e-03, Loss=nan, AvgLoss=nan, Acc=0.18164, AvgAcc=0.20935]43it [00:12,  2.90it/s, lr=5.00e-03, Loss=nan, AvgLoss=nan, Acc=0.21680, AvgAcc=0.20952]44it [00:12,  3.05it/s, lr=5.00e-03, Loss=nan, AvgLoss=nan, Acc=0.21680, AvgAcc=0.20952]44it [00:12,  3.05it/s, lr=5.00e-03, Loss=nan, AvgLoss=nan, Acc=0.24609, AvgAcc=0.21033]45it [00:12,  3.17it/s, lr=5.00e-03, Loss=nan, AvgLoss=nan, Acc=0.24609, AvgAcc=0.21033]45it [00:13,  3.17it/s, lr=5.00e-03, Loss=nan, AvgLoss=nan, Acc=0.23633, AvgAcc=0.21090]46it [00:13,  3.20it/s, lr=5.00e-03, Loss=nan, AvgLoss=nan, Acc=0.23633, AvgAcc=0.21090]46it [00:13,  3.20it/s, lr=5.00e-03, Loss=nan, AvgLoss=nan, Acc=0.23242, AvgAcc=0.21135]47it [00:13,  2.87it/s, lr=5.00e-03, Loss=nan, AvgLoss=nan, Acc=0.23242, AvgAcc=0.21135]47it [00:14,  2.87it/s, lr=5.00e-03, Loss=nan, AvgLoss=nan, Acc=0.23047, AvgAcc=0.21175]48it [00:14,  2.98it/s, lr=5.00e-03, Loss=nan, AvgLoss=nan, Acc=0.23047, AvgAcc=0.21175]48it [00:14,  2.98it/s, lr=5.00e-03, Loss=nan, AvgLoss=nan, Acc=0.19141, AvgAcc=0.21134]49it [00:14,  3.13it/s, lr=5.00e-03, Loss=nan, AvgLoss=nan, Acc=0.19141, AvgAcc=0.21134]49it [00:14,  3.13it/s, lr=5.00e-03, Loss=nan, AvgLoss=nan, Acc=0.21484, AvgAcc=0.21141]50it [00:14,  2.81it/s, lr=5.00e-03, Loss=nan, AvgLoss=nan, Acc=0.21484, AvgAcc=0.21141]50it [00:15,  2.81it/s, lr=5.00e-03, Loss=nan, AvgLoss=nan, Acc=0.22852, AvgAcc=0.21174]51it [00:15,  2.91it/s, lr=5.00e-03, Loss=nan, AvgLoss=nan, Acc=0.22852, AvgAcc=0.21174]51it [00:15,  2.91it/s, lr=5.00e-03, Loss=nan, AvgLoss=nan, Acc=0.17773, AvgAcc=0.21109]52it [00:15,  3.09it/s, lr=5.00e-03, Loss=nan, AvgLoss=nan, Acc=0.17773, AvgAcc=0.21109]52it [00:15,  3.09it/s, lr=5.00e-03, Loss=nan, AvgLoss=nan, Acc=0.21875, AvgAcc=0.21123]53it [00:15,  3.09it/s, lr=5.00e-03, Loss=nan, AvgLoss=nan, Acc=0.21875, AvgAcc=0.21123]53it [00:16,  3.09it/s, lr=5.00e-03, Loss=nan, AvgLoss=nan, Acc=0.21094, AvgAcc=0.21123]54it [00:16,  2.77it/s, lr=5.00e-03, Loss=nan, AvgLoss=nan, Acc=0.21094, AvgAcc=0.21123]54it [00:16,  2.77it/s, lr=5.00e-03, Loss=nan, AvgLoss=nan, Acc=0.21289, AvgAcc=0.21126]55it [00:16,  2.98it/s, lr=5.00e-03, Loss=nan, AvgLoss=nan, Acc=0.21289, AvgAcc=0.21126]55it [00:16,  2.98it/s, lr=5.00e-03, Loss=nan, AvgLoss=nan, Acc=0.22461, AvgAcc=0.21150]56it [00:16,  3.12it/s, lr=5.00e-03, Loss=nan, AvgLoss=nan, Acc=0.22461, AvgAcc=0.21150]56it [00:16,  3.12it/s, lr=5.00e-03, Loss=nan, AvgLoss=nan, Acc=0.25000, AvgAcc=0.21217]57it [00:16,  3.23it/s, lr=5.00e-03, Loss=nan, AvgLoss=nan, Acc=0.25000, AvgAcc=0.21217]57it [00:17,  3.23it/s, lr=5.00e-03, Loss=nan, AvgLoss=nan, Acc=0.21094, AvgAcc=0.21215]58it [00:17,  2.88it/s, lr=5.00e-03, Loss=nan, AvgLoss=nan, Acc=0.21094, AvgAcc=0.21215]58it [00:30,  2.88it/s, lr=5.00e-03, Loss=nan, AvgLoss=nan, Acc=0.22656, AvgAcc=0.21239]59it [00:30,  4.19s/it, lr=5.00e-03, Loss=nan, AvgLoss=nan, Acc=0.22656, AvgAcc=0.21239]59it [00:30,  4.19s/it, lr=5.00e-03, Loss=nan, AvgLoss=nan, Acc=0.23438, AvgAcc=0.21276]60it [00:30,  3.04s/it, lr=5.00e-03, Loss=nan, AvgLoss=nan, Acc=0.23438, AvgAcc=0.21276]60it [00:31,  3.04s/it, lr=5.00e-03, Loss=nan, AvgLoss=nan, Acc=0.21289, AvgAcc=0.21276]61it [00:31,  2.19s/it, lr=5.00e-03, Loss=nan, AvgLoss=nan, Acc=0.21289, AvgAcc=0.21276]61it [00:31,  2.19s/it, lr=5.00e-03, Loss=nan, AvgLoss=nan, Acc=0.23828, AvgAcc=0.21317]62it [00:31,  1.60s/it, lr=5.00e-03, Loss=nan, AvgLoss=nan, Acc=0.23828, AvgAcc=0.21317]62it [00:31,  1.60s/it, lr=5.00e-03, Loss=nan, AvgLoss=nan, Acc=0.19922, AvgAcc=0.21295]63it [00:31,  1.18s/it, lr=5.00e-03, Loss=nan, AvgLoss=nan, Acc=0.19922, AvgAcc=0.21295]63it [00:31,  1.18s/it, lr=5.00e-03, Loss=nan, AvgLoss=nan, Acc=0.19531, AvgAcc=0.21268]64it [00:31,  1.11it/s, lr=5.00e-03, Loss=nan, AvgLoss=nan, Acc=0.19531, AvgAcc=0.21268]64it [00:32,  1.11it/s, lr=5.00e-03, Loss=nan, AvgLoss=nan, Acc=0.21875, AvgAcc=0.21277]65it [00:32,  1.37it/s, lr=5.00e-03, Loss=nan, AvgLoss=nan, Acc=0.21875, AvgAcc=0.21277]65it [00:32,  1.37it/s, lr=5.00e-03, Loss=nan, AvgLoss=nan, Acc=0.25000, AvgAcc=0.21333]66it [00:32,  1.76it/s, lr=5.00e-03, Loss=nan, AvgLoss=nan, Acc=0.25000, AvgAcc=0.21333]66it [00:32,  1.76it/s, lr=5.00e-03, Loss=nan, AvgLoss=nan, Acc=0.23438, AvgAcc=0.21365]67it [00:32,  2.19it/s, lr=5.00e-03, Loss=nan, AvgLoss=nan, Acc=0.23438, AvgAcc=0.21365]67it [00:32,  2.19it/s, lr=5.00e-03, Loss=nan, AvgLoss=nan, Acc=0.23828, AvgAcc=0.21401]68it [00:32,  2.64it/s, lr=5.00e-03, Loss=nan, AvgLoss=nan, Acc=0.23828, AvgAcc=0.21401]68it [00:32,  2.64it/s, lr=5.00e-03, Loss=nan, AvgLoss=nan, Acc=0.22070, AvgAcc=0.21411]69it [00:32,  3.04it/s, lr=5.00e-03, Loss=nan, AvgLoss=nan, Acc=0.22070, AvgAcc=0.21411]69it [00:33,  3.04it/s, lr=5.00e-03, Loss=nan, AvgLoss=nan, Acc=0.23828, AvgAcc=0.21445]70it [00:33,  3.40it/s, lr=5.00e-03, Loss=nan, AvgLoss=nan, Acc=0.23828, AvgAcc=0.21445]70it [00:33,  3.40it/s, lr=5.00e-03, Loss=nan, AvgLoss=nan, Acc=0.19141, AvgAcc=0.21413]71it [00:33,  3.73it/s, lr=5.00e-03, Loss=nan, AvgLoss=nan, Acc=0.19141, AvgAcc=0.21413]71it [00:33,  3.73it/s, lr=5.00e-03, Loss=nan, AvgLoss=nan, Acc=0.22266, AvgAcc=0.21425]72it [00:33,  3.45it/s, lr=5.00e-03, Loss=nan, AvgLoss=nan, Acc=0.22266, AvgAcc=0.21425]72it [00:33,  3.45it/s, lr=5.00e-03, Loss=nan, AvgLoss=nan, Acc=0.19922, AvgAcc=0.21404]73it [00:33,  3.62it/s, lr=5.00e-03, Loss=nan, AvgLoss=nan, Acc=0.19922, AvgAcc=0.21404]73it [00:34,  3.62it/s, lr=5.00e-03, Loss=nan, AvgLoss=nan, Acc=0.25391, AvgAcc=0.21458]74it [00:34,  3.97it/s, lr=5.00e-03, Loss=nan, AvgLoss=nan, Acc=0.25391, AvgAcc=0.21458]74it [00:34,  3.97it/s, lr=5.00e-03, Loss=nan, AvgLoss=nan, Acc=0.22461, AvgAcc=0.21471]75it [00:34,  4.14it/s, lr=5.00e-03, Loss=nan, AvgLoss=nan, Acc=0.22461, AvgAcc=0.21471]75it [00:34,  4.14it/s, lr=5.00e-03, Loss=nan, AvgLoss=nan, Acc=0.24414, AvgAcc=0.21510]76it [00:34,  4.36it/s, lr=5.00e-03, Loss=nan, AvgLoss=nan, Acc=0.24414, AvgAcc=0.21510]76it [00:34,  4.36it/s, lr=5.00e-03, Loss=nan, AvgLoss=nan, Acc=0.20312, AvgAcc=0.21495]77it [00:34,  3.85it/s, lr=5.00e-03, Loss=nan, AvgLoss=nan, Acc=0.20312, AvgAcc=0.21495]77it [00:35,  3.85it/s, lr=5.00e-03, Loss=nan, AvgLoss=nan, Acc=0.23633, AvgAcc=0.21522]78it [00:35,  4.10it/s, lr=5.00e-03, Loss=nan, AvgLoss=nan, Acc=0.23633, AvgAcc=0.21522]78it [00:35,  4.10it/s, lr=5.00e-03, Loss=nan, AvgLoss=nan, Acc=0.22461, AvgAcc=0.21534]79it [00:35,  4.27it/s, lr=5.00e-03, Loss=nan, AvgLoss=nan, Acc=0.22461, AvgAcc=0.21534]79it [00:35,  4.27it/s, lr=5.00e-03, Loss=nan, AvgLoss=nan, Acc=0.21680, AvgAcc=0.21536]80it [00:35,  4.40it/s, lr=5.00e-03, Loss=nan, AvgLoss=nan, Acc=0.21680, AvgAcc=0.21536]80it [00:35,  4.40it/s, lr=5.00e-03, Loss=nan, AvgLoss=nan, Acc=0.20117, AvgAcc=0.21518]81it [00:35,  4.66it/s, lr=5.00e-03, Loss=nan, AvgLoss=nan, Acc=0.20117, AvgAcc=0.21518]81it [00:35,  4.66it/s, lr=5.00e-03, Loss=nan, AvgLoss=nan, Acc=0.21289, AvgAcc=0.21515]82it [00:35,  4.64it/s, lr=5.00e-03, Loss=nan, AvgLoss=nan, Acc=0.21289, AvgAcc=0.21515]82it [00:36,  4.64it/s, lr=5.00e-03, Loss=nan, AvgLoss=nan, Acc=0.19922, AvgAcc=0.21496]83it [00:36,  3.83it/s, lr=5.00e-03, Loss=nan, AvgLoss=nan, Acc=0.19922, AvgAcc=0.21496]83it [00:36,  3.83it/s, lr=5.00e-03, Loss=nan, AvgLoss=nan, Acc=0.22461, AvgAcc=0.21508]84it [00:36,  4.09it/s, lr=5.00e-03, Loss=nan, AvgLoss=nan, Acc=0.22461, AvgAcc=0.21508]84it [00:36,  4.09it/s, lr=5.00e-03, Loss=nan, AvgLoss=nan, Acc=0.22461, AvgAcc=0.21519]85it [00:36,  4.21it/s, lr=5.00e-03, Loss=nan, AvgLoss=nan, Acc=0.22461, AvgAcc=0.21519]85it [00:36,  4.21it/s, lr=5.00e-03, Loss=nan, AvgLoss=nan, Acc=0.20703, AvgAcc=0.21509]86it [00:36,  4.41it/s, lr=5.00e-03, Loss=nan, AvgLoss=nan, Acc=0.20703, AvgAcc=0.21509]86it [00:37,  4.41it/s, lr=5.00e-03, Loss=nan, AvgLoss=nan, Acc=0.21094, AvgAcc=0.21505]87it [00:37,  4.41it/s, lr=5.00e-03, Loss=nan, AvgLoss=nan, Acc=0.21094, AvgAcc=0.21505]87it [00:37,  4.41it/s, lr=5.00e-03, Loss=nan, AvgLoss=nan, Acc=0.24414, AvgAcc=0.21538]88it [00:37,  3.89it/s, lr=5.00e-03, Loss=nan, AvgLoss=nan, Acc=0.24414, AvgAcc=0.21538]88it [00:37,  3.89it/s, lr=5.00e-03, Loss=nan, AvgLoss=nan, Acc=0.23047, AvgAcc=0.21555]89it [00:37,  4.14it/s, lr=5.00e-03, Loss=nan, AvgLoss=nan, Acc=0.23047, AvgAcc=0.21555]89it [00:37,  4.14it/s, lr=5.00e-03, Loss=nan, AvgLoss=nan, Acc=0.23438, AvgAcc=0.21576]90it [00:37,  4.32it/s, lr=5.00e-03, Loss=nan, AvgLoss=nan, Acc=0.23438, AvgAcc=0.21576]90it [00:38,  4.32it/s, lr=5.00e-03, Loss=nan, AvgLoss=nan, Acc=0.18945, AvgAcc=0.21547]91it [00:38,  4.45it/s, lr=5.00e-03, Loss=nan, AvgLoss=nan, Acc=0.18945, AvgAcc=0.21547]91it [00:38,  4.45it/s, lr=5.00e-03, Loss=nan, AvgLoss=nan, Acc=0.20898, AvgAcc=0.21540]92it [00:38,  4.60it/s, lr=5.00e-03, Loss=nan, AvgLoss=nan, Acc=0.20898, AvgAcc=0.21540]92it [00:38,  4.60it/s, lr=5.00e-03, Loss=nan, AvgLoss=nan, Acc=0.21680, AvgAcc=0.21541]93it [00:38,  4.00it/s, lr=5.00e-03, Loss=nan, AvgLoss=nan, Acc=0.21680, AvgAcc=0.21541]93it [00:38,  4.00it/s, lr=5.00e-03, Loss=nan, AvgLoss=nan, Acc=0.20703, AvgAcc=0.21532]94it [00:38,  4.09it/s, lr=5.00e-03, Loss=nan, AvgLoss=nan, Acc=0.20703, AvgAcc=0.21532]94it [00:39,  4.09it/s, lr=5.00e-03, Loss=nan, AvgLoss=nan, Acc=0.21680, AvgAcc=0.21534]95it [00:39,  4.25it/s, lr=5.00e-03, Loss=nan, AvgLoss=nan, Acc=0.21680, AvgAcc=0.21534]95it [00:39,  4.25it/s, lr=5.00e-03, Loss=nan, AvgLoss=nan, Acc=0.22070, AvgAcc=0.21539]96it [00:39,  4.38it/s, lr=5.00e-03, Loss=nan, AvgLoss=nan, Acc=0.22070, AvgAcc=0.21539]96it [00:47,  4.38it/s, lr=5.00e-03, Loss=nan, AvgLoss=nan, Acc=0.23438, AvgAcc=0.21559]97it [00:47,  2.71s/it, lr=5.00e-03, Loss=nan, AvgLoss=nan, Acc=0.23438, AvgAcc=0.21559]97it [00:47,  2.71s/it, lr=5.00e-03, Loss=nan, AvgLoss=nan, Acc=0.22656, AvgAcc=0.21570]98it [00:47,  1.96s/it, lr=5.00e-03, Loss=nan, AvgLoss=nan, Acc=0.22656, AvgAcc=0.21570]98it [00:48,  1.96s/it, lr=5.00e-03, Loss=nan, AvgLoss=nan, Acc=0.26367, AvgAcc=0.21619]99it [00:48,  1.43s/it, lr=5.00e-03, Loss=nan, AvgLoss=nan, Acc=0.26367, AvgAcc=0.21619]99it [00:48,  1.43s/it, lr=5.00e-03, Loss=nan, AvgLoss=nan, Acc=0.21289, AvgAcc=0.21615]100it [00:48,  1.07s/it, lr=5.00e-03, Loss=nan, AvgLoss=nan, Acc=0.21289, AvgAcc=0.21615]100it [00:48,  1.07s/it, lr=5.00e-03, Loss=nan, AvgLoss=nan, Acc=0.22070, AvgAcc=0.21620]101it [00:48,  1.17it/s, lr=5.00e-03, Loss=nan, AvgLoss=nan, Acc=0.22070, AvgAcc=0.21620]101it [00:48,  1.17it/s, lr=5.00e-03, Loss=nan, AvgLoss=nan, Acc=0.19922, AvgAcc=0.21603]102it [00:48,  1.52it/s, lr=5.00e-03, Loss=nan, AvgLoss=nan, Acc=0.19922, AvgAcc=0.21603]102it [00:49,  1.52it/s, lr=5.00e-03, Loss=nan, AvgLoss=nan, Acc=0.22852, AvgAcc=0.21615]103it [00:49,  1.91it/s, lr=5.00e-03, Loss=nan, AvgLoss=nan, Acc=0.22852, AvgAcc=0.21615]103it [00:49,  1.91it/s, lr=5.00e-03, Loss=nan, AvgLoss=nan, Acc=0.20508, AvgAcc=0.21605]104it [00:49,  2.34it/s, lr=5.00e-03, Loss=nan, AvgLoss=nan, Acc=0.20508, AvgAcc=0.21605]104it [00:49,  2.34it/s, lr=5.00e-03, Loss=nan, AvgLoss=nan, Acc=0.22461, AvgAcc=0.21613]105it [00:49,  2.77it/s, lr=5.00e-03, Loss=nan, AvgLoss=nan, Acc=0.22461, AvgAcc=0.21613]105it [00:49,  2.77it/s, lr=5.00e-03, Loss=nan, AvgLoss=nan, Acc=0.21484, AvgAcc=0.21612]106it [00:49,  3.17it/s, lr=5.00e-03, Loss=nan, AvgLoss=nan, Acc=0.21484, AvgAcc=0.21612]106it [00:50,  3.17it/s, lr=5.00e-03, Loss=nan, AvgLoss=nan, Acc=0.19727, AvgAcc=0.21594]107it [00:50,  3.09it/s, lr=5.00e-03, Loss=nan, AvgLoss=nan, Acc=0.19727, AvgAcc=0.21594]107it [00:50,  3.09it/s, lr=5.00e-03, Loss=nan, AvgLoss=nan, Acc=0.20117, AvgAcc=0.21580]108it [00:50,  3.38it/s, lr=5.00e-03, Loss=nan, AvgLoss=nan, Acc=0.20117, AvgAcc=0.21580]108it [00:50,  3.38it/s, lr=5.00e-03, Loss=nan, AvgLoss=nan, Acc=0.25781, AvgAcc=0.21619]109it [00:50,  3.71it/s, lr=5.00e-03, Loss=nan, AvgLoss=nan, Acc=0.25781, AvgAcc=0.21619]109it [00:50,  3.71it/s, lr=5.00e-03, Loss=nan, AvgLoss=nan, Acc=0.22852, AvgAcc=0.21630]110it [00:50,  4.08it/s, lr=5.00e-03, Loss=nan, AvgLoss=nan, Acc=0.22852, AvgAcc=0.21630]110it [00:50,  4.08it/s, lr=5.00e-03, Loss=nan, AvgLoss=nan, Acc=0.19922, AvgAcc=0.21615]111it [00:50,  4.31it/s, lr=5.00e-03, Loss=nan, AvgLoss=nan, Acc=0.19922, AvgAcc=0.21615]111it [00:51,  4.31it/s, lr=5.00e-03, Loss=nan, AvgLoss=nan, Acc=0.24219, AvgAcc=0.21638]112it [00:51,  4.49it/s, lr=5.00e-03, Loss=nan, AvgLoss=nan, Acc=0.24219, AvgAcc=0.21638]112it [00:51,  4.49it/s, lr=5.00e-03, Loss=nan, AvgLoss=nan, Acc=0.21680, AvgAcc=0.21638]113it [00:51,  3.75it/s, lr=5.00e-03, Loss=nan, AvgLoss=nan, Acc=0.21680, AvgAcc=0.21638]113it [00:51,  3.75it/s, lr=5.00e-03, Loss=nan, AvgLoss=nan, Acc=0.24805, AvgAcc=0.21666]114it [00:51,  3.95it/s, lr=5.00e-03, Loss=nan, AvgLoss=nan, Acc=0.24805, AvgAcc=0.21666]114it [00:51,  3.95it/s, lr=5.00e-03, Loss=nan, AvgLoss=nan, Acc=0.22461, AvgAcc=0.21673]115it [00:51,  4.14it/s, lr=5.00e-03, Loss=nan, AvgLoss=nan, Acc=0.22461, AvgAcc=0.21673]115it [00:52,  4.14it/s, lr=5.00e-03, Loss=nan, AvgLoss=nan, Acc=0.20117, AvgAcc=0.21659]116it [00:52,  4.35it/s, lr=5.00e-03, Loss=nan, AvgLoss=nan, Acc=0.20117, AvgAcc=0.21659]116it [00:52,  4.35it/s, lr=5.00e-03, Loss=nan, AvgLoss=nan, Acc=0.22266, AvgAcc=0.21665]117it [00:52,  4.33it/s, lr=5.00e-03, Loss=nan, AvgLoss=nan, Acc=0.22266, AvgAcc=0.21665]117it [00:52,  4.33it/s, lr=5.00e-03, Loss=nan, AvgLoss=nan, Acc=0.21094, AvgAcc=0.21660]118it [00:52,  4.44it/s, lr=5.00e-03, Loss=nan, AvgLoss=nan, Acc=0.21094, AvgAcc=0.21660]118it [00:52,  4.44it/s, lr=5.00e-03, Loss=nan, AvgLoss=nan, Acc=0.21680, AvgAcc=0.21660]119it [00:52,  3.81it/s, lr=5.00e-03, Loss=nan, AvgLoss=nan, Acc=0.21680, AvgAcc=0.21660]119it [00:53,  3.81it/s, lr=5.00e-03, Loss=nan, AvgLoss=nan, Acc=0.25195, AvgAcc=0.21689]120it [00:53,  4.04it/s, lr=5.00e-03, Loss=nan, AvgLoss=nan, Acc=0.25195, AvgAcc=0.21689]120it [00:53,  4.04it/s, lr=5.00e-03, Loss=nan, AvgLoss=nan, Acc=0.21289, AvgAcc=0.21686]121it [00:53,  4.24it/s, lr=5.00e-03, Loss=nan, AvgLoss=nan, Acc=0.21289, AvgAcc=0.21686]121it [00:53,  4.24it/s, lr=5.00e-03, Loss=nan, AvgLoss=nan, Acc=0.21680, AvgAcc=0.21686]122it [00:53,  4.42it/s, lr=5.00e-03, Loss=nan, AvgLoss=nan, Acc=0.21680, AvgAcc=0.21686]122it [00:53,  4.42it/s, lr=5.00e-03, Loss=nan, AvgLoss=nan, Acc=0.23828, AvgAcc=0.21704]123it [00:53,  4.46it/s, lr=5.00e-03, Loss=nan, AvgLoss=nan, Acc=0.23828, AvgAcc=0.21704]123it [00:54,  4.46it/s, lr=5.00e-03, Loss=nan, AvgLoss=nan, Acc=0.22070, AvgAcc=0.21706]124it [00:54,  3.67it/s, lr=5.00e-03, Loss=nan, AvgLoss=nan, Acc=0.22070, AvgAcc=0.21706]124it [00:54,  3.67it/s, lr=5.00e-03, Loss=nan, AvgLoss=nan, Acc=0.21484, AvgAcc=0.21705]125it [00:54,  4.01it/s, lr=5.00e-03, Loss=nan, AvgLoss=nan, Acc=0.21484, AvgAcc=0.21705]125it [00:54,  4.01it/s, lr=5.00e-03, Loss=nan, AvgLoss=nan, Acc=0.20898, AvgAcc=0.21698]126it [00:54,  4.22it/s, lr=5.00e-03, Loss=nan, AvgLoss=nan, Acc=0.20898, AvgAcc=0.21698]126it [00:54,  4.22it/s, lr=5.00e-03, Loss=nan, AvgLoss=nan, Acc=0.22070, AvgAcc=0.21701]127it [00:54,  4.16it/s, lr=5.00e-03, Loss=nan, AvgLoss=nan, Acc=0.22070, AvgAcc=0.21701]127it [00:55,  4.16it/s, lr=5.00e-03, Loss=nan, AvgLoss=nan, Acc=0.24219, AvgAcc=0.21721]128it [00:55,  4.15it/s, lr=5.00e-03, Loss=nan, AvgLoss=nan, Acc=0.24219, AvgAcc=0.21721]128it [00:55,  4.15it/s, lr=5.00e-03, Loss=nan, AvgLoss=nan, Acc=0.21875, AvgAcc=0.21722]129it [00:55,  4.38it/s, lr=5.00e-03, Loss=nan, AvgLoss=nan, Acc=0.21875, AvgAcc=0.21722]129it [00:55,  4.38it/s, lr=5.00e-03, Loss=nan, AvgLoss=nan, Acc=0.29297, AvgAcc=0.21780]130it [00:55,  3.94it/s, lr=5.00e-03, Loss=nan, AvgLoss=nan, Acc=0.29297, AvgAcc=0.21780]130it [00:55,  3.94it/s, lr=5.00e-03, Loss=nan, AvgLoss=nan, Acc=0.24023, AvgAcc=0.21797]131it [00:55,  4.18it/s, lr=5.00e-03, Loss=nan, AvgLoss=nan, Acc=0.24023, AvgAcc=0.21797]131it [00:55,  4.18it/s, lr=5.00e-03, Loss=nan, AvgLoss=nan, Acc=0.21875, AvgAcc=0.21798]132it [00:55,  4.33it/s, lr=5.00e-03, Loss=nan, AvgLoss=nan, Acc=0.21875, AvgAcc=0.21798]132it [00:56,  4.33it/s, lr=5.00e-03, Loss=nan, AvgLoss=nan, Acc=0.22070, AvgAcc=0.21800]133it [00:56,  4.40it/s, lr=5.00e-03, Loss=nan, AvgLoss=nan, Acc=0.22070, AvgAcc=0.21800]133it [00:56,  4.40it/s, lr=5.00e-03, Loss=nan, AvgLoss=nan, Acc=0.21875, AvgAcc=0.21801]134it [00:56,  4.44it/s, lr=5.00e-03, Loss=nan, AvgLoss=nan, Acc=0.21875, AvgAcc=0.21801]134it [01:04,  4.44it/s, lr=5.00e-03, Loss=nan, AvgLoss=nan, Acc=0.22461, AvgAcc=0.21806]135it [01:04,  2.69s/it, lr=5.00e-03, Loss=nan, AvgLoss=nan, Acc=0.22461, AvgAcc=0.21806]135it [01:05,  2.69s/it, lr=5.00e-03, Loss=nan, AvgLoss=nan, Acc=0.21484, AvgAcc=0.21803]136it [01:05,  1.94s/it, lr=5.00e-03, Loss=nan, AvgLoss=nan, Acc=0.21484, AvgAcc=0.21803]136it [01:05,  1.94s/it, lr=5.00e-03, Loss=nan, AvgLoss=nan, Acc=0.21484, AvgAcc=0.21801]137it [01:05,  1.42s/it, lr=5.00e-03, Loss=nan, AvgLoss=nan, Acc=0.21484, AvgAcc=0.21801]137it [01:05,  1.42s/it, lr=5.00e-03, Loss=nan, AvgLoss=nan, Acc=0.25195, AvgAcc=0.21825]138it [01:05,  1.10s/it, lr=5.00e-03, Loss=nan, AvgLoss=nan, Acc=0.25195, AvgAcc=0.21825]138it [01:05,  1.10s/it, lr=5.00e-03, Loss=nan, AvgLoss=nan, Acc=0.21289, AvgAcc=0.21822]139it [01:05,  1.20it/s, lr=5.00e-03, Loss=nan, AvgLoss=nan, Acc=0.21289, AvgAcc=0.21822]139it [01:06,  1.20it/s, lr=5.00e-03, Loss=nan, AvgLoss=nan, Acc=0.21094, AvgAcc=0.21816]140it [01:06,  1.55it/s, lr=5.00e-03, Loss=nan, AvgLoss=nan, Acc=0.21094, AvgAcc=0.21816]140it [01:06,  1.55it/s, lr=5.00e-03, Loss=nan, AvgLoss=nan, Acc=0.20117, AvgAcc=0.21804]141it [01:06,  1.93it/s, lr=5.00e-03, Loss=nan, AvgLoss=nan, Acc=0.20117, AvgAcc=0.21804]141it [01:06,  1.93it/s, lr=5.00e-03, Loss=nan, AvgLoss=nan, Acc=0.23633, AvgAcc=0.21817]142it [01:06,  2.37it/s, lr=5.00e-03, Loss=nan, AvgLoss=nan, Acc=0.23633, AvgAcc=0.21817]142it [01:06,  2.37it/s, lr=5.00e-03, Loss=nan, AvgLoss=nan, Acc=0.19141, AvgAcc=0.21799]143it [01:06,  2.45it/s, lr=5.00e-03, Loss=nan, AvgLoss=nan, Acc=0.19141, AvgAcc=0.21799]143it [01:07,  2.45it/s, lr=5.00e-03, Loss=nan, AvgLoss=nan, Acc=0.21484, AvgAcc=0.21796]144it [01:07,  2.83it/s, lr=5.00e-03, Loss=nan, AvgLoss=nan, Acc=0.21484, AvgAcc=0.21796]144it [01:07,  2.83it/s, lr=5.00e-03, Loss=nan, AvgLoss=nan, Acc=0.21289, AvgAcc=0.21793]145it [01:07,  3.20it/s, lr=5.00e-03, Loss=nan, AvgLoss=nan, Acc=0.21289, AvgAcc=0.21793]145it [01:07,  3.20it/s, lr=5.00e-03, Loss=nan, AvgLoss=nan, Acc=0.24414, AvgAcc=0.21811]146it [01:07,  3.56it/s, lr=5.00e-03, Loss=nan, AvgLoss=nan, Acc=0.24414, AvgAcc=0.21811]146it [01:07,  3.56it/s, lr=5.00e-03, Loss=nan, AvgLoss=nan, Acc=0.19141, AvgAcc=0.21793]147it [01:07,  3.85it/s, lr=5.00e-03, Loss=nan, AvgLoss=nan, Acc=0.19141, AvgAcc=0.21793]147it [01:07,  3.85it/s, lr=5.00e-03, Loss=nan, AvgLoss=nan, Acc=0.22656, AvgAcc=0.21798]148it [01:07,  3.64it/s, lr=5.00e-03, Loss=nan, AvgLoss=nan, Acc=0.22656, AvgAcc=0.21798]148it [01:08,  3.64it/s, lr=5.00e-03, Loss=nan, AvgLoss=nan, Acc=0.17773, AvgAcc=0.21771]149it [01:08,  3.98it/s, lr=5.00e-03, Loss=nan, AvgLoss=nan, Acc=0.17773, AvgAcc=0.21771]149it [01:08,  3.98it/s, lr=5.00e-03, Loss=nan, AvgLoss=nan, Acc=0.21680, AvgAcc=0.21771]150it [01:08,  4.21it/s, lr=5.00e-03, Loss=nan, AvgLoss=nan, Acc=0.21680, AvgAcc=0.21771]150it [01:08,  4.21it/s, lr=5.00e-03, Loss=nan, AvgLoss=nan, Acc=0.22070, AvgAcc=0.21773]151it [01:08,  4.41it/s, lr=5.00e-03, Loss=nan, AvgLoss=nan, Acc=0.22070, AvgAcc=0.21773]151it [01:08,  4.41it/s, lr=5.00e-03, Loss=nan, AvgLoss=nan, Acc=0.23047, AvgAcc=0.21781]152it [01:08,  4.41it/s, lr=5.00e-03, Loss=nan, AvgLoss=nan, Acc=0.23047, AvgAcc=0.21781]152it [01:09,  4.41it/s, lr=5.00e-03, Loss=nan, AvgLoss=nan, Acc=0.21094, AvgAcc=0.21777]153it [01:09,  4.48it/s, lr=5.00e-03, Loss=nan, AvgLoss=nan, Acc=0.21094, AvgAcc=0.21777]153it [01:09,  4.48it/s, lr=5.00e-03, Loss=nan, AvgLoss=nan, Acc=0.24414, AvgAcc=0.21794]154it [01:09,  3.86it/s, lr=5.00e-03, Loss=nan, AvgLoss=nan, Acc=0.24414, AvgAcc=0.21794]154it [01:09,  3.86it/s, lr=5.00e-03, Loss=nan, AvgLoss=nan, Acc=0.25586, AvgAcc=0.21818]155it [01:09,  4.09it/s, lr=5.00e-03, Loss=nan, AvgLoss=nan, Acc=0.25586, AvgAcc=0.21818]155it [01:09,  4.09it/s, lr=5.00e-03, Loss=nan, AvgLoss=nan, Acc=0.19922, AvgAcc=0.21806]156it [01:09,  4.22it/s, lr=5.00e-03, Loss=nan, AvgLoss=nan, Acc=0.19922, AvgAcc=0.21806]156it [01:10,  4.22it/s, lr=5.00e-03, Loss=nan, AvgLoss=nan, Acc=0.23828, AvgAcc=0.21819]157it [01:10,  4.37it/s, lr=5.00e-03, Loss=nan, AvgLoss=nan, Acc=0.23828, AvgAcc=0.21819]157it [01:10,  4.37it/s, lr=5.00e-03, Loss=nan, AvgLoss=nan, Acc=0.20312, AvgAcc=0.21809]158it [01:10,  4.39it/s, lr=5.00e-03, Loss=nan, AvgLoss=nan, Acc=0.20312, AvgAcc=0.21809]158it [01:10,  4.39it/s, lr=5.00e-03, Loss=nan, AvgLoss=nan, Acc=0.26562, AvgAcc=0.21839]159it [01:10,  3.65it/s, lr=5.00e-03, Loss=nan, AvgLoss=nan, Acc=0.26562, AvgAcc=0.21839]159it [01:10,  3.65it/s, lr=5.00e-03, Loss=nan, AvgLoss=nan, Acc=0.22461, AvgAcc=0.21843]160it [01:10,  3.92it/s, lr=5.00e-03, Loss=nan, AvgLoss=nan, Acc=0.22461, AvgAcc=0.21843]160it [01:11,  3.92it/s, lr=5.00e-03, Loss=nan, AvgLoss=nan, Acc=0.20312, AvgAcc=0.21834]161it [01:11,  4.26it/s, lr=5.00e-03, Loss=nan, AvgLoss=nan, Acc=0.20312, AvgAcc=0.21834]161it [01:11,  4.26it/s, lr=5.00e-03, Loss=nan, AvgLoss=nan, Acc=0.22070, AvgAcc=0.21835]162it [01:11,  4.43it/s, lr=5.00e-03, Loss=nan, AvgLoss=nan, Acc=0.22070, AvgAcc=0.21835]162it [01:11,  4.43it/s, lr=5.00e-03, Loss=nan, AvgLoss=nan, Acc=0.26562, AvgAcc=0.21864]163it [01:11,  4.36it/s, lr=5.00e-03, Loss=nan, AvgLoss=nan, Acc=0.26562, AvgAcc=0.21864]163it [01:11,  4.36it/s, lr=5.00e-03, Loss=nan, AvgLoss=nan, Acc=0.23633, AvgAcc=0.21875]164it [01:11,  3.87it/s, lr=5.00e-03, Loss=nan, AvgLoss=nan, Acc=0.23633, AvgAcc=0.21875]164it [01:12,  3.87it/s, lr=5.00e-03, Loss=nan, AvgLoss=nan, Acc=0.23242, AvgAcc=0.21883]165it [01:12,  3.99it/s, lr=5.00e-03, Loss=nan, AvgLoss=nan, Acc=0.23242, AvgAcc=0.21883]165it [01:12,  3.99it/s, lr=5.00e-03, Loss=nan, AvgLoss=nan, Acc=0.19727, AvgAcc=0.21870]166it [01:12,  4.22it/s, lr=5.00e-03, Loss=nan, AvgLoss=nan, Acc=0.19727, AvgAcc=0.21870]166it [01:12,  4.22it/s, lr=5.00e-03, Loss=nan, AvgLoss=nan, Acc=0.20508, AvgAcc=0.21862]167it [01:12,  4.48it/s, lr=5.00e-03, Loss=nan, AvgLoss=nan, Acc=0.20508, AvgAcc=0.21862]167it [01:12,  4.48it/s, lr=5.00e-03, Loss=nan, AvgLoss=nan, Acc=0.22656, AvgAcc=0.21867]168it [01:12,  4.52it/s, lr=5.00e-03, Loss=nan, AvgLoss=nan, Acc=0.22656, AvgAcc=0.21867]168it [01:12,  4.52it/s, lr=5.00e-03, Loss=nan, AvgLoss=nan, Acc=0.19141, AvgAcc=0.21851]169it [01:12,  4.65it/s, lr=5.00e-03, Loss=nan, AvgLoss=nan, Acc=0.19141, AvgAcc=0.21851]169it [01:13,  4.65it/s, lr=5.00e-03, Loss=nan, AvgLoss=nan, Acc=0.23242, AvgAcc=0.21859]170it [01:13,  4.76it/s, lr=5.00e-03, Loss=nan, AvgLoss=nan, Acc=0.23242, AvgAcc=0.21859]170it [01:13,  4.76it/s, lr=5.00e-03, Loss=nan, AvgLoss=nan, Acc=0.25586, AvgAcc=0.21881]171it [01:13,  4.06it/s, lr=5.00e-03, Loss=nan, AvgLoss=nan, Acc=0.25586, AvgAcc=0.21881]171it [01:13,  4.06it/s, lr=5.00e-03, Loss=nan, AvgLoss=nan, Acc=0.19727, AvgAcc=0.21868]172it [01:13,  4.21it/s, lr=5.00e-03, Loss=nan, AvgLoss=nan, Acc=0.19727, AvgAcc=0.21868]172it [01:22,  4.21it/s, lr=5.00e-03, Loss=nan, AvgLoss=nan, Acc=0.24023, AvgAcc=0.21881]173it [01:22,  2.71s/it, lr=5.00e-03, Loss=nan, AvgLoss=nan, Acc=0.24023, AvgAcc=0.21881]173it [01:22,  2.71s/it, lr=5.00e-03, Loss=nan, AvgLoss=nan, Acc=0.21484, AvgAcc=0.21878]174it [01:22,  1.96s/it, lr=5.00e-03, Loss=nan, AvgLoss=nan, Acc=0.21484, AvgAcc=0.21878]174it [01:22,  1.96s/it, lr=5.00e-03, Loss=nan, AvgLoss=nan, Acc=0.21875, AvgAcc=0.21878]175it [01:22,  1.44s/it, lr=5.00e-03, Loss=nan, AvgLoss=nan, Acc=0.21875, AvgAcc=0.21878]175it [01:22,  1.44s/it, lr=5.00e-03, Loss=nan, AvgLoss=nan, Acc=0.20508, AvgAcc=0.21871]176it [01:22,  1.07s/it, lr=5.00e-03, Loss=nan, AvgLoss=nan, Acc=0.20508, AvgAcc=0.21871]176it [01:22,  1.07s/it, lr=5.00e-03, Loss=nan, AvgLoss=nan, Acc=0.22461, AvgAcc=0.21874]177it [01:22,  1.23it/s, lr=5.00e-03, Loss=nan, AvgLoss=nan, Acc=0.22461, AvgAcc=0.21874]177it [01:23,  1.23it/s, lr=5.00e-03, Loss=nan, AvgLoss=nan, Acc=0.23633, AvgAcc=0.21884]178it [01:23,  1.50it/s, lr=5.00e-03, Loss=nan, AvgLoss=nan, Acc=0.23633, AvgAcc=0.21884]178it [01:23,  1.50it/s, lr=5.00e-03, Loss=nan, AvgLoss=nan, Acc=0.24414, AvgAcc=0.21898]179it [01:23,  1.89it/s, lr=5.00e-03, Loss=nan, AvgLoss=nan, Acc=0.24414, AvgAcc=0.21898]179it [01:23,  1.89it/s, lr=5.00e-03, Loss=nan, AvgLoss=nan, Acc=0.23242, AvgAcc=0.21905]180it [01:23,  2.29it/s, lr=5.00e-03, Loss=nan, AvgLoss=nan, Acc=0.23242, AvgAcc=0.21905]180it [01:23,  2.29it/s, lr=5.00e-03, Loss=nan, AvgLoss=nan, Acc=0.22461, AvgAcc=0.21908]181it [01:23,  2.71it/s, lr=5.00e-03, Loss=nan, AvgLoss=nan, Acc=0.22461, AvgAcc=0.21908]181it [01:24,  2.71it/s, lr=5.00e-03, Loss=nan, AvgLoss=nan, Acc=0.21094, AvgAcc=0.21904]182it [01:24,  3.14it/s, lr=5.00e-03, Loss=nan, AvgLoss=nan, Acc=0.21094, AvgAcc=0.21904]182it [01:24,  3.14it/s, lr=5.00e-03, Loss=nan, AvgLoss=nan, Acc=0.21289, AvgAcc=0.21901]183it [01:24,  3.56it/s, lr=5.00e-03, Loss=nan, AvgLoss=nan, Acc=0.21289, AvgAcc=0.21901]183it [01:24,  3.56it/s, lr=5.00e-03, Loss=nan, AvgLoss=nan, Acc=0.19922, AvgAcc=0.21890]184it [01:24,  3.79it/s, lr=5.00e-03, Loss=nan, AvgLoss=nan, Acc=0.19922, AvgAcc=0.21890]184it [01:24,  3.79it/s, lr=5.00e-03, Loss=nan, AvgLoss=nan, Acc=0.21094, AvgAcc=0.21886]185it [01:24,  3.57it/s, lr=5.00e-03, Loss=nan, AvgLoss=nan, Acc=0.21094, AvgAcc=0.21886]185it [01:25,  3.57it/s, lr=5.00e-03, Loss=nan, AvgLoss=nan, Acc=0.25781, AvgAcc=0.21907]186it [01:25,  3.75it/s, lr=5.00e-03, Loss=nan, AvgLoss=nan, Acc=0.25781, AvgAcc=0.21907]186it [01:25,  3.75it/s, lr=5.00e-03, Loss=nan, AvgLoss=nan, Acc=0.22266, AvgAcc=0.21908]187it [01:25,  3.99it/s, lr=5.00e-03, Loss=nan, AvgLoss=nan, Acc=0.22266, AvgAcc=0.21908]187it [01:25,  3.99it/s, lr=5.00e-03, Loss=nan, AvgLoss=nan, Acc=0.22656, AvgAcc=0.21912]188it [01:25,  4.19it/s, lr=5.00e-03, Loss=nan, AvgLoss=nan, Acc=0.22656, AvgAcc=0.21912]188it [01:25,  4.19it/s, lr=5.00e-03, Loss=nan, AvgLoss=nan, Acc=0.22070, AvgAcc=0.21913]189it [01:25,  4.30it/s, lr=5.00e-03, Loss=nan, AvgLoss=nan, Acc=0.22070, AvgAcc=0.21913]189it [01:25,  4.30it/s, lr=5.00e-03, Loss=nan, AvgLoss=nan, Acc=0.22266, AvgAcc=0.21915]190it [01:25,  4.54it/s, lr=5.00e-03, Loss=nan, AvgLoss=nan, Acc=0.22266, AvgAcc=0.21915]190it [01:26,  4.54it/s, lr=5.00e-03, Loss=nan, AvgLoss=nan, Acc=0.21094, AvgAcc=0.21911]191it [01:26,  3.87it/s, lr=5.00e-03, Loss=nan, AvgLoss=nan, Acc=0.21094, AvgAcc=0.21911]191it [01:26,  3.87it/s, lr=5.00e-03, Loss=nan, AvgLoss=nan, Acc=0.25000, AvgAcc=0.21927]192it [01:26,  4.06it/s, lr=5.00e-03, Loss=nan, AvgLoss=nan, Acc=0.25000, AvgAcc=0.21927]192it [01:26,  4.06it/s, lr=5.00e-03, Loss=nan, AvgLoss=nan, Acc=0.26172, AvgAcc=0.21949]193it [01:26,  4.22it/s, lr=5.00e-03, Loss=nan, AvgLoss=nan, Acc=0.26172, AvgAcc=0.21949]193it [01:26,  4.22it/s, lr=5.00e-03, Loss=nan, AvgLoss=nan, Acc=0.24023, AvgAcc=0.21960]194it [01:26,  4.32it/s, lr=5.00e-03, Loss=nan, AvgLoss=nan, Acc=0.24023, AvgAcc=0.21960]194it [01:27,  4.32it/s, lr=5.00e-03, Loss=nan, AvgLoss=nan, Acc=0.23828, AvgAcc=0.21969]195it [01:27,  4.31it/s, lr=5.00e-03, Loss=nan, AvgLoss=nan, Acc=0.23828, AvgAcc=0.21969]195it [01:27,  4.31it/s, lr=5.00e-03, Loss=nan, AvgLoss=nan, Acc=0.20117, AvgAcc=0.21960]196it [01:27,  4.43it/s, lr=5.00e-03, Loss=nan, AvgLoss=nan, Acc=0.20117, AvgAcc=0.21960]196it [01:27,  4.43it/s, lr=5.00e-03, Loss=nan, AvgLoss=nan, Acc=0.20117, AvgAcc=0.21950]197it [01:27,  3.95it/s, lr=5.00e-03, Loss=nan, AvgLoss=nan, Acc=0.20117, AvgAcc=0.21950]197it [01:27,  3.95it/s, lr=5.00e-03, Loss=nan, AvgLoss=nan, Acc=0.23633, AvgAcc=0.21959]198it [01:27,  4.08it/s, lr=5.00e-03, Loss=nan, AvgLoss=nan, Acc=0.23633, AvgAcc=0.21959]198it [01:28,  4.08it/s, lr=5.00e-03, Loss=nan, AvgLoss=nan, Acc=0.21680, AvgAcc=0.21957]199it [01:28,  4.32it/s, lr=5.00e-03, Loss=nan, AvgLoss=nan, Acc=0.21680, AvgAcc=0.21957]199it [01:28,  4.32it/s, lr=5.00e-03, Loss=nan, AvgLoss=nan, Acc=0.16211, AvgAcc=0.21929]200it [01:28,  4.45it/s, lr=5.00e-03, Loss=nan, AvgLoss=nan, Acc=0.16211, AvgAcc=0.21929]200it [01:28,  4.45it/s, lr=5.00e-03, Loss=nan, AvgLoss=nan, Acc=0.22266, AvgAcc=0.21930]201it [01:28,  4.64it/s, lr=5.00e-03, Loss=nan, AvgLoss=nan, Acc=0.22266, AvgAcc=0.21930]201it [01:28,  4.64it/s, lr=5.00e-03, Loss=nan, AvgLoss=nan, Acc=0.21094, AvgAcc=0.21926]202it [01:28,  4.67it/s, lr=5.00e-03, Loss=nan, AvgLoss=nan, Acc=0.21094, AvgAcc=0.21926]202it [01:29,  4.67it/s, lr=5.00e-03, Loss=nan, AvgLoss=nan, Acc=0.19922, AvgAcc=0.21916]203it [01:29,  3.97it/s, lr=5.00e-03, Loss=nan, AvgLoss=nan, Acc=0.19922, AvgAcc=0.21916]203it [01:29,  3.97it/s, lr=5.00e-03, Loss=nan, AvgLoss=nan, Acc=0.24023, AvgAcc=0.21927]204it [01:29,  4.06it/s, lr=5.00e-03, Loss=nan, AvgLoss=nan, Acc=0.24023, AvgAcc=0.21927]204it [01:29,  4.06it/s, lr=5.00e-03, Loss=nan, AvgLoss=nan, Acc=0.22656, AvgAcc=0.21930]205it [01:29,  4.28it/s, lr=5.00e-03, Loss=nan, AvgLoss=nan, Acc=0.22656, AvgAcc=0.21930]205it [01:29,  4.28it/s, lr=5.00e-03, Loss=nan, AvgLoss=nan, Acc=0.22461, AvgAcc=0.21933]206it [01:29,  4.42it/s, lr=5.00e-03, Loss=nan, AvgLoss=nan, Acc=0.22461, AvgAcc=0.21933]206it [01:29,  4.42it/s, lr=5.00e-03, Loss=nan, AvgLoss=nan, Acc=0.23047, AvgAcc=0.21938]207it [01:29,  4.62it/s, lr=5.00e-03, Loss=nan, AvgLoss=nan, Acc=0.23047, AvgAcc=0.21938]207it [01:30,  4.62it/s, lr=5.00e-03, Loss=nan, AvgLoss=nan, Acc=0.22266, AvgAcc=0.21940]208it [01:30,  4.62it/s, lr=5.00e-03, Loss=nan, AvgLoss=nan, Acc=0.22266, AvgAcc=0.21940]208it [01:30,  4.62it/s, lr=5.00e-03, Loss=nan, AvgLoss=nan, Acc=0.21680, AvgAcc=0.21939]209it [01:30,  3.89it/s, lr=5.00e-03, Loss=nan, AvgLoss=nan, Acc=0.21680, AvgAcc=0.21939]209it [01:30,  3.89it/s, lr=5.00e-03, Loss=nan, AvgLoss=nan, Acc=0.25391, AvgAcc=0.21955]210it [01:30,  4.09it/s, lr=5.00e-03, Loss=nan, AvgLoss=nan, Acc=0.25391, AvgAcc=0.21955]210it [01:39,  4.09it/s, lr=5.00e-03, Loss=nan, AvgLoss=nan, Acc=0.18945, AvgAcc=0.21941]211it [01:39,  2.76s/it, lr=5.00e-03, Loss=nan, AvgLoss=nan, Acc=0.18945, AvgAcc=0.21941]211it [01:39,  2.76s/it, lr=5.00e-03, Loss=nan, AvgLoss=nan, Acc=0.22266, AvgAcc=0.21942]212it [01:39,  2.00s/it, lr=5.00e-03, Loss=nan, AvgLoss=nan, Acc=0.22266, AvgAcc=0.21942]212it [01:39,  2.00s/it, lr=5.00e-03, Loss=nan, AvgLoss=nan, Acc=0.21680, AvgAcc=0.21941]213it [01:39,  1.46s/it, lr=5.00e-03, Loss=nan, AvgLoss=nan, Acc=0.21680, AvgAcc=0.21941]213it [01:39,  1.46s/it, lr=5.00e-03, Loss=nan, AvgLoss=nan, Acc=0.24609, AvgAcc=0.21953]214it [01:39,  1.08s/it, lr=5.00e-03, Loss=nan, AvgLoss=nan, Acc=0.24609, AvgAcc=0.21953]214it [01:40,  1.08s/it, lr=5.00e-03, Loss=nan, AvgLoss=nan, Acc=0.20117, AvgAcc=0.21945]215it [01:40,  1.15it/s, lr=5.00e-03, Loss=nan, AvgLoss=nan, Acc=0.20117, AvgAcc=0.21945]215it [01:40,  1.15it/s, lr=5.00e-03, Loss=nan, AvgLoss=nan, Acc=0.24023, AvgAcc=0.21955]216it [01:40,  1.50it/s, lr=5.00e-03, Loss=nan, AvgLoss=nan, Acc=0.24023, AvgAcc=0.21955]216it [01:40,  1.50it/s, lr=5.00e-03, Loss=nan, AvgLoss=nan, Acc=0.18359, AvgAcc=0.21938]217it [01:40,  1.85it/s, lr=5.00e-03, Loss=nan, AvgLoss=nan, Acc=0.18359, AvgAcc=0.21938]217it [01:40,  1.85it/s, lr=5.00e-03, Loss=nan, AvgLoss=nan, Acc=0.22852, AvgAcc=0.21942]218it [01:40,  2.26it/s, lr=5.00e-03, Loss=nan, AvgLoss=nan, Acc=0.22852, AvgAcc=0.21942]218it [01:41,  2.26it/s, lr=5.00e-03, Loss=nan, AvgLoss=nan, Acc=0.20898, AvgAcc=0.21937]219it [01:41,  2.62it/s, lr=5.00e-03, Loss=nan, AvgLoss=nan, Acc=0.20898, AvgAcc=0.21937]219it [01:41,  2.62it/s, lr=5.00e-03, Loss=nan, AvgLoss=nan, Acc=0.21875, AvgAcc=0.21937]220it [01:41,  2.67it/s, lr=5.00e-03, Loss=nan, AvgLoss=nan, Acc=0.21875, AvgAcc=0.21937]220it [01:41,  2.67it/s, lr=5.00e-03, Loss=nan, AvgLoss=nan, Acc=0.24609, AvgAcc=0.21949]221it [01:41,  3.07it/s, lr=5.00e-03, Loss=nan, AvgLoss=nan, Acc=0.24609, AvgAcc=0.21949]221it [01:41,  3.07it/s, lr=5.00e-03, Loss=nan, AvgLoss=nan, Acc=0.20703, AvgAcc=0.21944]222it [01:41,  3.42it/s, lr=5.00e-03, Loss=nan, AvgLoss=nan, Acc=0.20703, AvgAcc=0.21944]222it [01:42,  3.42it/s, lr=5.00e-03, Loss=nan, AvgLoss=nan, Acc=0.22266, AvgAcc=0.21945]223it [01:42,  3.81it/s, lr=5.00e-03, Loss=nan, AvgLoss=nan, Acc=0.22266, AvgAcc=0.21945]223it [01:42,  3.81it/s, lr=5.00e-03, Loss=nan, AvgLoss=nan, Acc=0.24414, AvgAcc=0.21956]224it [01:42,  4.01it/s, lr=5.00e-03, Loss=nan, AvgLoss=nan, Acc=0.24414, AvgAcc=0.21956]224it [01:42,  4.01it/s, lr=5.00e-03, Loss=nan, AvgLoss=nan, Acc=0.21875, AvgAcc=0.21956]225it [01:42,  4.14it/s, lr=5.00e-03, Loss=nan, AvgLoss=nan, Acc=0.21875, AvgAcc=0.21956]225it [01:42,  4.14it/s, lr=5.00e-03, Loss=nan, AvgLoss=nan, Acc=0.21289, AvgAcc=0.21953]226it [01:42,  3.74it/s, lr=5.00e-03, Loss=nan, AvgLoss=nan, Acc=0.21289, AvgAcc=0.21953]226it [01:43,  3.74it/s, lr=5.00e-03, Loss=nan, AvgLoss=nan, Acc=0.21680, AvgAcc=0.21952]227it [01:43,  4.06it/s, lr=5.00e-03, Loss=nan, AvgLoss=nan, Acc=0.21680, AvgAcc=0.21952]227it [01:43,  4.06it/s, lr=5.00e-03, Loss=nan, AvgLoss=nan, Acc=0.22461, AvgAcc=0.21954]228it [01:43,  4.35it/s, lr=5.00e-03, Loss=nan, AvgLoss=nan, Acc=0.22461, AvgAcc=0.21954]228it [01:43,  4.35it/s, lr=5.00e-03, Loss=nan, AvgLoss=nan, Acc=0.21094, AvgAcc=0.21950]229it [01:43,  4.35it/s, lr=5.00e-03, Loss=nan, AvgLoss=nan, Acc=0.21094, AvgAcc=0.21950]229it [01:43,  4.35it/s, lr=5.00e-03, Loss=nan, AvgLoss=nan, Acc=0.20312, AvgAcc=0.21943]230it [01:43,  4.56it/s, lr=5.00e-03, Loss=nan, AvgLoss=nan, Acc=0.20312, AvgAcc=0.21943]230it [01:43,  4.56it/s, lr=5.00e-03, Loss=nan, AvgLoss=nan, Acc=0.21875, AvgAcc=0.21943]231it [01:43,  4.72it/s, lr=5.00e-03, Loss=nan, AvgLoss=nan, Acc=0.21875, AvgAcc=0.21943]231it [01:44,  4.72it/s, lr=5.00e-03, Loss=nan, AvgLoss=nan, Acc=0.20117, AvgAcc=0.21935]232it [01:44,  4.19it/s, lr=5.00e-03, Loss=nan, AvgLoss=nan, Acc=0.20117, AvgAcc=0.21935]232it [01:44,  4.19it/s, lr=5.00e-03, Loss=nan, AvgLoss=nan, Acc=0.18555, AvgAcc=0.21920]233it [01:44,  4.36it/s, lr=5.00e-03, Loss=nan, AvgLoss=nan, Acc=0.18555, AvgAcc=0.21920]233it [01:44,  4.36it/s, lr=5.00e-03, Loss=nan, AvgLoss=nan, Acc=0.21680, AvgAcc=0.21919]234it [01:44,  4.51it/s, lr=5.00e-03, Loss=nan, AvgLoss=nan, Acc=0.21680, AvgAcc=0.21919]234it [01:44,  4.51it/s, lr=5.00e-03, Loss=nan, AvgLoss=nan, Acc=0.24414, AvgAcc=0.21930]235it [01:44,  4.57it/s, lr=5.00e-03, Loss=nan, AvgLoss=nan, Acc=0.24414, AvgAcc=0.21930]235it [01:45,  4.57it/s, lr=5.00e-03, Loss=nan, AvgLoss=nan, Acc=0.19531, AvgAcc=0.21920]236it [01:45,  4.63it/s, lr=5.00e-03, Loss=nan, AvgLoss=nan, Acc=0.19531, AvgAcc=0.21920]236it [01:45,  4.63it/s, lr=5.00e-03, Loss=nan, AvgLoss=nan, Acc=0.18945, AvgAcc=0.21907]237it [01:45,  4.52it/s, lr=5.00e-03, Loss=nan, AvgLoss=nan, Acc=0.18945, AvgAcc=0.21907]237it [01:45,  4.52it/s, lr=5.00e-03, Loss=nan, AvgLoss=nan, Acc=0.22266, AvgAcc=0.21909]238it [01:45,  3.85it/s, lr=5.00e-03, Loss=nan, AvgLoss=nan, Acc=0.22266, AvgAcc=0.21909]238it [01:45,  3.85it/s, lr=5.00e-03, Loss=nan, AvgLoss=nan, Acc=0.21680, AvgAcc=0.21908]239it [01:45,  3.94it/s, lr=5.00e-03, Loss=nan, AvgLoss=nan, Acc=0.21680, AvgAcc=0.21908]239it [01:46,  3.94it/s, lr=5.00e-03, Loss=nan, AvgLoss=nan, Acc=0.20703, AvgAcc=0.21903]240it [01:46,  4.21it/s, lr=5.00e-03, Loss=nan, AvgLoss=nan, Acc=0.20703, AvgAcc=0.21903]240it [01:46,  4.21it/s, lr=5.00e-03, Loss=nan, AvgLoss=nan, Acc=0.24023, AvgAcc=0.21911]241it [01:46,  4.39it/s, lr=5.00e-03, Loss=nan, AvgLoss=nan, Acc=0.24023, AvgAcc=0.21911]241it [01:46,  4.39it/s, lr=5.00e-03, Loss=nan, AvgLoss=nan, Acc=0.20898, AvgAcc=0.21907]242it [01:46,  4.52it/s, lr=5.00e-03, Loss=nan, AvgLoss=nan, Acc=0.20898, AvgAcc=0.21907]242it [01:46,  4.52it/s, lr=5.00e-03, Loss=nan, AvgLoss=nan, Acc=0.17969, AvgAcc=0.21891]243it [01:46,  4.48it/s, lr=5.00e-03, Loss=nan, AvgLoss=nan, Acc=0.17969, AvgAcc=0.21891]243it [01:47,  4.48it/s, lr=5.00e-03, Loss=nan, AvgLoss=nan, Acc=0.18555, AvgAcc=0.21877]244it [01:47,  3.91it/s, lr=5.00e-03, Loss=nan, AvgLoss=nan, Acc=0.18555, AvgAcc=0.21877]244it [01:47,  3.91it/s, lr=5.00e-03, Loss=nan, AvgLoss=nan, Acc=0.20703, AvgAcc=0.21873]245it [01:47,  4.14it/s, lr=5.00e-03, Loss=nan, AvgLoss=nan, Acc=0.20703, AvgAcc=0.21873]245it [01:47,  4.14it/s, lr=5.00e-03, Loss=nan, AvgLoss=nan, Acc=0.20703, AvgAcc=0.21868]246it [01:47,  4.24it/s, lr=5.00e-03, Loss=nan, AvgLoss=nan, Acc=0.20703, AvgAcc=0.21868]246it [01:47,  4.24it/s, lr=5.00e-03, Loss=nan, AvgLoss=nan, Acc=0.22852, AvgAcc=0.21872]247it [01:47,  4.45it/s, lr=5.00e-03, Loss=nan, AvgLoss=nan, Acc=0.22852, AvgAcc=0.21872]247it [01:47,  4.45it/s, lr=5.00e-03, Loss=nan, AvgLoss=nan, Acc=0.22070, AvgAcc=0.21873]248it [01:47,  4.57it/s, lr=5.00e-03, Loss=nan, AvgLoss=nan, Acc=0.22070, AvgAcc=0.21873]248it [01:56,  4.57it/s, lr=5.00e-03, Loss=nan, AvgLoss=nan, Acc=0.19336, AvgAcc=0.21862]249it [01:56,  2.75s/it, lr=5.00e-03, Loss=nan, AvgLoss=nan, Acc=0.19336, AvgAcc=0.21862]249it [01:56,  2.75s/it, lr=5.00e-03, Loss=nan, AvgLoss=nan, Acc=0.23242, AvgAcc=0.21868]250it [01:56,  1.99s/it, lr=5.00e-03, Loss=nan, AvgLoss=nan, Acc=0.23242, AvgAcc=0.21868]250it [01:57,  1.99s/it, lr=5.00e-03, Loss=nan, AvgLoss=nan, Acc=0.22461, AvgAcc=0.21870]251it [01:57,  1.46s/it, lr=5.00e-03, Loss=nan, AvgLoss=nan, Acc=0.22461, AvgAcc=0.21870]251it [01:57,  1.46s/it, lr=5.00e-03, Loss=nan, AvgLoss=nan, Acc=0.24414, AvgAcc=0.21880]252it [01:57,  1.14s/it, lr=5.00e-03, Loss=nan, AvgLoss=nan, Acc=0.24414, AvgAcc=0.21880]252it [01:57,  1.14s/it, lr=5.00e-03, Loss=nan, AvgLoss=nan, Acc=0.20117, AvgAcc=0.21873]253it [01:57,  1.16it/s, lr=5.00e-03, Loss=nan, AvgLoss=nan, Acc=0.20117, AvgAcc=0.21873]253it [01:57,  1.16it/s, lr=5.00e-03, Loss=nan, AvgLoss=nan, Acc=0.23047, AvgAcc=0.21878]254it [01:57,  1.51it/s, lr=5.00e-03, Loss=nan, AvgLoss=nan, Acc=0.23047, AvgAcc=0.21878]254it [01:57,  1.51it/s, lr=5.00e-03, Loss=nan, AvgLoss=nan, Acc=0.23047, AvgAcc=0.21883]255it [01:57,  1.92it/s, lr=5.00e-03, Loss=nan, AvgLoss=nan, Acc=0.23047, AvgAcc=0.21883]255it [01:58,  1.92it/s, lr=5.00e-03, Loss=nan, AvgLoss=nan, Acc=0.21875, AvgAcc=0.21883]256it [01:58,  2.32it/s, lr=5.00e-03, Loss=nan, AvgLoss=nan, Acc=0.21875, AvgAcc=0.21883]256it [01:58,  2.32it/s, lr=5.00e-03, Loss=nan, AvgLoss=nan, Acc=0.20508, AvgAcc=0.21877]257it [01:58,  2.77it/s, lr=5.00e-03, Loss=nan, AvgLoss=nan, Acc=0.20508, AvgAcc=0.21877]257it [01:58,  2.77it/s, lr=5.00e-03, Loss=nan, AvgLoss=nan, Acc=0.20898, AvgAcc=0.21873]258it [01:58,  2.79it/s, lr=5.00e-03, Loss=nan, AvgLoss=nan, Acc=0.20898, AvgAcc=0.21873]258it [01:58,  2.79it/s, lr=5.00e-03, Loss=nan, AvgLoss=nan, Acc=0.19922, AvgAcc=0.21866]259it [01:58,  3.15it/s, lr=5.00e-03, Loss=nan, AvgLoss=nan, Acc=0.19922, AvgAcc=0.21866]259it [01:59,  3.15it/s, lr=5.00e-03, Loss=nan, AvgLoss=nan, Acc=0.21094, AvgAcc=0.21863]260it [01:59,  3.44it/s, lr=5.00e-03, Loss=nan, AvgLoss=nan, Acc=0.21094, AvgAcc=0.21863]260it [01:59,  3.44it/s, lr=5.00e-03, Loss=nan, AvgLoss=nan, Acc=0.22656, AvgAcc=0.21866]261it [01:59,  3.87it/s, lr=5.00e-03, Loss=nan, AvgLoss=nan, Acc=0.22656, AvgAcc=0.21866]261it [01:59,  3.87it/s, lr=5.00e-03, Loss=nan, AvgLoss=nan, Acc=0.20898, AvgAcc=0.21862]262it [01:59,  4.12it/s, lr=5.00e-03, Loss=nan, AvgLoss=nan, Acc=0.20898, AvgAcc=0.21862]262it [01:59,  4.12it/s, lr=5.00e-03, Loss=nan, AvgLoss=nan, Acc=0.19336, AvgAcc=0.21853]263it [01:59,  4.31it/s, lr=5.00e-03, Loss=nan, AvgLoss=nan, Acc=0.19336, AvgAcc=0.21853]263it [02:00,  4.31it/s, lr=5.00e-03, Loss=nan, AvgLoss=nan, Acc=0.21680, AvgAcc=0.21852]264it [02:00,  4.42it/s, lr=5.00e-03, Loss=nan, AvgLoss=nan, Acc=0.21680, AvgAcc=0.21852]264it [02:00,  4.42it/s, lr=5.00e-03, Loss=nan, AvgLoss=nan, Acc=0.22070, AvgAcc=0.21853]265it [02:00,  3.80it/s, lr=5.00e-03, Loss=nan, AvgLoss=nan, Acc=0.22070, AvgAcc=0.21853]265it [02:00,  3.80it/s, lr=5.00e-03, Loss=nan, AvgLoss=nan, Acc=0.22461, AvgAcc=0.21855]266it [02:00,  3.99it/s, lr=5.00e-03, Loss=nan, AvgLoss=nan, Acc=0.22461, AvgAcc=0.21855]266it [02:00,  3.99it/s, lr=5.00e-03, Loss=nan, AvgLoss=nan, Acc=0.23828, AvgAcc=0.21863]267it [02:00,  4.18it/s, lr=5.00e-03, Loss=nan, AvgLoss=nan, Acc=0.23828, AvgAcc=0.21863]267it [02:01,  4.18it/s, lr=5.00e-03, Loss=nan, AvgLoss=nan, Acc=0.21680, AvgAcc=0.21862]268it [02:01,  4.42it/s, lr=5.00e-03, Loss=nan, AvgLoss=nan, Acc=0.21680, AvgAcc=0.21862]268it [02:01,  4.42it/s, lr=5.00e-03, Loss=nan, AvgLoss=nan, Acc=0.19141, AvgAcc=0.21852]269it [02:01,  4.43it/s, lr=5.00e-03, Loss=nan, AvgLoss=nan, Acc=0.19141, AvgAcc=0.21852]269it [02:01,  4.43it/s, lr=5.00e-03, Loss=nan, AvgLoss=nan, Acc=0.20312, AvgAcc=0.21846]270it [02:01,  4.50it/s, lr=5.00e-03, Loss=nan, AvgLoss=nan, Acc=0.20312, AvgAcc=0.21846]270it [02:01,  4.50it/s, lr=5.00e-03, Loss=nan, AvgLoss=nan, Acc=0.19727, AvgAcc=0.21838]271it [02:01,  3.97it/s, lr=5.00e-03, Loss=nan, AvgLoss=nan, Acc=0.19727, AvgAcc=0.21838]271it [02:01,  3.97it/s, lr=5.00e-03, Loss=nan, AvgLoss=nan, Acc=0.18945, AvgAcc=0.21828]272it [02:01,  4.29it/s, lr=5.00e-03, Loss=nan, AvgLoss=nan, Acc=0.18945, AvgAcc=0.21828]272it [02:02,  4.29it/s, lr=5.00e-03, Loss=nan, AvgLoss=nan, Acc=0.20898, AvgAcc=0.21824]273it [02:02,  4.40it/s, lr=5.00e-03, Loss=nan, AvgLoss=nan, Acc=0.20898, AvgAcc=0.21824]273it [02:02,  4.40it/s, lr=5.00e-03, Loss=nan, AvgLoss=nan, Acc=0.20312, AvgAcc=0.21819]274it [02:02,  4.47it/s, lr=5.00e-03, Loss=nan, AvgLoss=nan, Acc=0.20312, AvgAcc=0.21819]274it [02:02,  4.47it/s, lr=5.00e-03, Loss=nan, AvgLoss=nan, Acc=0.21875, AvgAcc=0.21819]275it [02:02,  4.55it/s, lr=5.00e-03, Loss=nan, AvgLoss=nan, Acc=0.21875, AvgAcc=0.21819]275it [02:02,  4.55it/s, lr=5.00e-03, Loss=nan, AvgLoss=nan, Acc=0.18750, AvgAcc=0.21808]276it [02:02,  4.65it/s, lr=5.00e-03, Loss=nan, AvgLoss=nan, Acc=0.18750, AvgAcc=0.21808]276it [02:03,  4.65it/s, lr=5.00e-03, Loss=nan, AvgLoss=nan, Acc=0.21484, AvgAcc=0.21807]277it [02:03,  4.05it/s, lr=5.00e-03, Loss=nan, AvgLoss=nan, Acc=0.21484, AvgAcc=0.21807]277it [02:03,  4.05it/s, lr=5.00e-03, Loss=nan, AvgLoss=nan, Acc=0.20312, AvgAcc=0.21801]278it [02:03,  4.05it/s, lr=5.00e-03, Loss=nan, AvgLoss=nan, Acc=0.20312, AvgAcc=0.21801]278it [02:03,  4.05it/s, lr=5.00e-03, Loss=nan, AvgLoss=nan, Acc=0.21289, AvgAcc=0.21799]279it [02:03,  4.34it/s, lr=5.00e-03, Loss=nan, AvgLoss=nan, Acc=0.21289, AvgAcc=0.21799]279it [02:03,  4.34it/s, lr=5.00e-03, Loss=nan, AvgLoss=nan, Acc=0.19336, AvgAcc=0.21791]280it [02:03,  4.49it/s, lr=5.00e-03, Loss=nan, AvgLoss=nan, Acc=0.19336, AvgAcc=0.21791]280it [02:03,  4.49it/s, lr=5.00e-03, Loss=nan, AvgLoss=nan, Acc=0.23047, AvgAcc=0.21795]281it [02:03,  4.58it/s, lr=5.00e-03, Loss=nan, AvgLoss=nan, Acc=0.23047, AvgAcc=0.21795]281it [02:04,  4.58it/s, lr=5.00e-03, Loss=nan, AvgLoss=nan, Acc=0.21094, AvgAcc=0.21793]282it [02:04,  4.67it/s, lr=5.00e-03, Loss=nan, AvgLoss=nan, Acc=0.21094, AvgAcc=0.21793]282it [02:04,  4.67it/s, lr=5.00e-03, Loss=nan, AvgLoss=nan, Acc=0.23242, AvgAcc=0.21798]283it [02:04,  3.82it/s, lr=5.00e-03, Loss=nan, AvgLoss=nan, Acc=0.23242, AvgAcc=0.21798]283it [02:04,  3.82it/s, lr=5.00e-03, Loss=nan, AvgLoss=nan, Acc=0.22070, AvgAcc=0.21799]284it [02:04,  4.10it/s, lr=5.00e-03, Loss=nan, AvgLoss=nan, Acc=0.22070, AvgAcc=0.21799]284it [02:04,  4.10it/s, lr=5.00e-03, Loss=nan, AvgLoss=nan, Acc=0.21680, AvgAcc=0.21798]285it [02:04,  4.27it/s, lr=5.00e-03, Loss=nan, AvgLoss=nan, Acc=0.21680, AvgAcc=0.21798]285it [02:05,  4.27it/s, lr=5.00e-03, Loss=nan, AvgLoss=nan, Acc=0.24414, AvgAcc=0.21807]286it [02:05,  4.43it/s, lr=5.00e-03, Loss=nan, AvgLoss=nan, Acc=0.24414, AvgAcc=0.21807]286it [02:14,  4.43it/s, lr=5.00e-03, Loss=nan, AvgLoss=nan, Acc=0.25195, AvgAcc=0.21819]287it [02:14,  2.85s/it, lr=5.00e-03, Loss=nan, AvgLoss=nan, Acc=0.25195, AvgAcc=0.21819]287it [02:14,  2.85s/it, lr=5.00e-03, Loss=nan, AvgLoss=nan, Acc=0.21289, AvgAcc=0.21817]288it [02:14,  2.07s/it, lr=5.00e-03, Loss=nan, AvgLoss=nan, Acc=0.21289, AvgAcc=0.21817]288it [02:14,  2.07s/it, lr=5.00e-03, Loss=nan, AvgLoss=nan, Acc=0.22656, AvgAcc=0.21820]289it [02:14,  1.55s/it, lr=5.00e-03, Loss=nan, AvgLoss=nan, Acc=0.22656, AvgAcc=0.21820]289it [02:14,  1.55s/it, lr=5.00e-03, Loss=nan, AvgLoss=nan, Acc=0.19727, AvgAcc=0.21813]290it [02:14,  1.15s/it, lr=5.00e-03, Loss=nan, AvgLoss=nan, Acc=0.19727, AvgAcc=0.21813]290it [02:15,  1.15s/it, lr=5.00e-03, Loss=nan, AvgLoss=nan, Acc=0.21094, AvgAcc=0.21811]291it [02:15,  1.16it/s, lr=5.00e-03, Loss=nan, AvgLoss=nan, Acc=0.21094, AvgAcc=0.21811]291it [02:15,  1.16it/s, lr=5.00e-03, Loss=nan, AvgLoss=nan, Acc=0.23828, AvgAcc=0.21817]292it [02:15,  1.49it/s, lr=5.00e-03, Loss=nan, AvgLoss=nan, Acc=0.23828, AvgAcc=0.21817]292it [02:15,  1.49it/s, lr=5.00e-03, Loss=nan, AvgLoss=nan, Acc=0.21875, AvgAcc=0.21818]293it [02:15,  1.85it/s, lr=5.00e-03, Loss=nan, AvgLoss=nan, Acc=0.21875, AvgAcc=0.21818]293it [02:15,  1.85it/s, lr=5.00e-03, Loss=nan, AvgLoss=nan, Acc=0.25977, AvgAcc=0.21832]294it [02:15,  2.26it/s, lr=5.00e-03, Loss=nan, AvgLoss=nan, Acc=0.25977, AvgAcc=0.21832]294it [02:16,  2.26it/s, lr=5.00e-03, Loss=nan, AvgLoss=nan, Acc=0.20898, AvgAcc=0.21829]295it [02:16,  2.47it/s, lr=5.00e-03, Loss=nan, AvgLoss=nan, Acc=0.20898, AvgAcc=0.21829]295it [02:16,  2.47it/s, lr=5.00e-03, Loss=nan, AvgLoss=nan, Acc=0.24023, AvgAcc=0.21836]296it [02:16,  2.89it/s, lr=5.00e-03, Loss=nan, AvgLoss=nan, Acc=0.24023, AvgAcc=0.21836]296it [02:16,  2.89it/s, lr=5.00e-03, Loss=nan, AvgLoss=nan, Acc=0.22656, AvgAcc=0.21839]297it [02:16,  3.25it/s, lr=5.00e-03, Loss=nan, AvgLoss=nan, Acc=0.22656, AvgAcc=0.21839]297it [02:16,  3.25it/s, lr=5.00e-03, Loss=nan, AvgLoss=nan, Acc=0.20312, AvgAcc=0.21834]298it [02:16,  3.57it/s, lr=5.00e-03, Loss=nan, AvgLoss=nan, Acc=0.20312, AvgAcc=0.21834]298it [02:16,  3.57it/s, lr=5.00e-03, Loss=nan, AvgLoss=nan, Acc=0.18555, AvgAcc=0.21823]299it [02:16,  3.83it/s, lr=5.00e-03, Loss=nan, AvgLoss=nan, Acc=0.18555, AvgAcc=0.21823]299it [02:17,  3.83it/s, lr=5.00e-03, Loss=nan, AvgLoss=nan, Acc=0.22656, AvgAcc=0.21826]299it [02:17,  2.18it/s, lr=5.00e-03, Loss=nan, AvgLoss=nan, Acc=0.22656, AvgAcc=0.21826]
[2025-12-08 09:48:32,138] INFO: Processed 153600 entries in total (avg. speed 1119.5 entries/s)
[2025-12-08 09:48:32,138] INFO: Train AvgLoss: nan, AvgAcc: 0.21826
[2025-12-08 09:48:32,138] INFO: Train class distribution: 
    [(0, 33524), (1, 26096), (2, 93980)]
[2025-12-08 09:48:32,491] INFO: Epoch #5 validating
0it [00:00, ?it/s]0it [00:00, ?it/s, Loss=nan, AvgLoss=nan, Acc=0.22656, AvgAcc=0.22656]0it [00:00, ?it/s, Loss=nan, AvgLoss=nan, Acc=0.23242, AvgAcc=0.22949]2it [00:00, 13.21it/s, Loss=nan, AvgLoss=nan, Acc=0.23242, AvgAcc=0.22949]2it [00:00, 13.21it/s, Loss=nan, AvgLoss=nan, Acc=0.19531, AvgAcc=0.21810]2it [00:00, 13.21it/s, Loss=nan, AvgLoss=nan, Acc=0.24023, AvgAcc=0.22363]4it [00:00, 12.54it/s, Loss=nan, AvgLoss=nan, Acc=0.24023, AvgAcc=0.22363]4it [00:00, 12.54it/s, Loss=nan, AvgLoss=nan, Acc=0.24609, AvgAcc=0.22812]4it [00:00, 12.54it/s, Loss=nan, AvgLoss=nan, Acc=0.20703, AvgAcc=0.22461]6it [00:00,  9.91it/s, Loss=nan, AvgLoss=nan, Acc=0.20703, AvgAcc=0.22461]6it [00:00,  9.91it/s, Loss=nan, AvgLoss=nan, Acc=0.21875, AvgAcc=0.22377]6it [00:00,  9.91it/s, Loss=nan, AvgLoss=nan, Acc=0.21094, AvgAcc=0.22217]8it [00:00,  8.99it/s, Loss=nan, AvgLoss=nan, Acc=0.21094, AvgAcc=0.22217]8it [00:00,  8.99it/s, Loss=nan, AvgLoss=nan, Acc=0.22266, AvgAcc=0.22222]9it [00:00,  8.84it/s, Loss=nan, AvgLoss=nan, Acc=0.22266, AvgAcc=0.22222]9it [00:01,  8.84it/s, Loss=nan, AvgLoss=nan, Acc=0.21680, AvgAcc=0.22168]10it [00:01,  8.59it/s, Loss=nan, AvgLoss=nan, Acc=0.21680, AvgAcc=0.22168]10it [00:01,  8.59it/s, Loss=nan, AvgLoss=nan, Acc=0.21875, AvgAcc=0.22141]10it [00:01,  8.59it/s, Loss=nan, AvgLoss=nan, Acc=0.20117, AvgAcc=0.21973]12it [00:01,  8.81it/s, Loss=nan, AvgLoss=nan, Acc=0.20117, AvgAcc=0.21973]12it [00:01,  8.81it/s, Loss=nan, AvgLoss=nan, Acc=0.23633, AvgAcc=0.22100]12it [00:01,  8.81it/s, Loss=nan, AvgLoss=nan, Acc=0.21094, AvgAcc=0.22028]14it [00:01,  9.17it/s, Loss=nan, AvgLoss=nan, Acc=0.21094, AvgAcc=0.22028]14it [00:01,  9.17it/s, Loss=nan, AvgLoss=nan, Acc=0.23438, AvgAcc=0.22122]15it [00:01,  7.56it/s, Loss=nan, AvgLoss=nan, Acc=0.23438, AvgAcc=0.22122]15it [00:01,  7.56it/s, Loss=nan, AvgLoss=nan, Acc=0.20117, AvgAcc=0.21997]15it [00:01,  7.56it/s, Loss=nan, AvgLoss=nan, Acc=0.20703, AvgAcc=0.21921]17it [00:01,  8.29it/s, Loss=nan, AvgLoss=nan, Acc=0.20703, AvgAcc=0.21921]17it [00:02,  8.29it/s, Loss=nan, AvgLoss=nan, Acc=0.20703, AvgAcc=0.21853]18it [00:02,  8.51it/s, Loss=nan, AvgLoss=nan, Acc=0.20703, AvgAcc=0.21853]18it [00:02,  8.51it/s, Loss=nan, AvgLoss=nan, Acc=0.20703, AvgAcc=0.21793]19it [00:02,  8.23it/s, Loss=nan, AvgLoss=nan, Acc=0.20703, AvgAcc=0.21793]19it [00:02,  8.23it/s, Loss=nan, AvgLoss=nan, Acc=0.23047, AvgAcc=0.21855]20it [00:02,  8.09it/s, Loss=nan, AvgLoss=nan, Acc=0.23047, AvgAcc=0.21855]20it [00:02,  8.09it/s, Loss=nan, AvgLoss=nan, Acc=0.21875, AvgAcc=0.21856]20it [00:02,  8.09it/s, Loss=nan, AvgLoss=nan, Acc=0.23047, AvgAcc=0.21911]22it [00:02,  8.50it/s, Loss=nan, AvgLoss=nan, Acc=0.23047, AvgAcc=0.21911]22it [00:02,  8.50it/s, Loss=nan, AvgLoss=nan, Acc=0.23633, AvgAcc=0.21985]22it [00:02,  8.50it/s, Loss=nan, AvgLoss=nan, Acc=0.21094, AvgAcc=0.21948]24it [00:02,  9.43it/s, Loss=nan, AvgLoss=nan, Acc=0.21094, AvgAcc=0.21948]24it [00:02,  9.43it/s, Loss=nan, AvgLoss=nan, Acc=0.22070, AvgAcc=0.21953]25it [00:02,  8.95it/s, Loss=nan, AvgLoss=nan, Acc=0.22070, AvgAcc=0.21953]25it [00:02,  8.95it/s, Loss=nan, AvgLoss=nan, Acc=0.20898, AvgAcc=0.21913]26it [00:02,  9.04it/s, Loss=nan, AvgLoss=nan, Acc=0.20898, AvgAcc=0.21913]26it [00:03,  9.04it/s, Loss=nan, AvgLoss=nan, Acc=0.21484, AvgAcc=0.21897]27it [00:03,  6.87it/s, Loss=nan, AvgLoss=nan, Acc=0.21484, AvgAcc=0.21897]27it [00:03,  6.87it/s, Loss=nan, AvgLoss=nan, Acc=0.21680, AvgAcc=0.21889]28it [00:03,  7.21it/s, Loss=nan, AvgLoss=nan, Acc=0.21680, AvgAcc=0.21889]28it [00:03,  7.21it/s, Loss=nan, AvgLoss=nan, Acc=0.24023, AvgAcc=0.21963]28it [00:03,  7.21it/s, Loss=nan, AvgLoss=nan, Acc=0.21289, AvgAcc=0.21940]30it [00:03,  7.96it/s, Loss=nan, AvgLoss=nan, Acc=0.21289, AvgAcc=0.21940]30it [00:03,  7.96it/s, Loss=nan, AvgLoss=nan, Acc=0.19141, AvgAcc=0.21850]31it [00:03,  7.97it/s, Loss=nan, AvgLoss=nan, Acc=0.19141, AvgAcc=0.21850]31it [00:03,  7.97it/s, Loss=nan, AvgLoss=nan, Acc=0.24219, AvgAcc=0.21924]32it [00:03,  7.95it/s, Loss=nan, AvgLoss=nan, Acc=0.24219, AvgAcc=0.21924]32it [00:03,  7.95it/s, Loss=nan, AvgLoss=nan, Acc=0.22070, AvgAcc=0.21928]33it [00:03,  7.92it/s, Loss=nan, AvgLoss=nan, Acc=0.22070, AvgAcc=0.21928]33it [00:03,  7.92it/s, Loss=nan, AvgLoss=nan, Acc=0.19531, AvgAcc=0.21858]33it [00:04,  7.92it/s, Loss=nan, AvgLoss=nan, Acc=0.19922, AvgAcc=0.21802]35it [00:04,  8.75it/s, Loss=nan, AvgLoss=nan, Acc=0.19922, AvgAcc=0.21802]35it [00:04,  8.75it/s, Loss=nan, AvgLoss=nan, Acc=0.24219, AvgAcc=0.21870]36it [00:04,  8.53it/s, Loss=nan, AvgLoss=nan, Acc=0.24219, AvgAcc=0.21870]36it [00:04,  8.53it/s, Loss=nan, AvgLoss=nan, Acc=0.24219, AvgAcc=0.21933]37it [00:04,  8.54it/s, Loss=nan, AvgLoss=nan, Acc=0.24219, AvgAcc=0.21933]37it [00:04,  8.54it/s, Loss=nan, AvgLoss=nan, Acc=0.20703, AvgAcc=0.21901]38it [00:04,  8.60it/s, Loss=nan, AvgLoss=nan, Acc=0.20703, AvgAcc=0.21901]38it [00:04,  8.60it/s, Loss=nan, AvgLoss=nan, Acc=0.25000, AvgAcc=0.21980]39it [00:04,  8.33it/s, Loss=nan, AvgLoss=nan, Acc=0.25000, AvgAcc=0.21980]39it [00:04,  8.33it/s, Loss=nan, AvgLoss=nan, Acc=0.21484, AvgAcc=0.21968]40it [00:04,  6.69it/s, Loss=nan, AvgLoss=nan, Acc=0.21484, AvgAcc=0.21968]40it [00:04,  6.69it/s, Loss=nan, AvgLoss=nan, Acc=0.23828, AvgAcc=0.22013]41it [00:04,  7.12it/s, Loss=nan, AvgLoss=nan, Acc=0.23828, AvgAcc=0.22013]41it [00:04,  7.12it/s, Loss=nan, AvgLoss=nan, Acc=0.20703, AvgAcc=0.21982]41it [00:05,  7.12it/s, Loss=nan, AvgLoss=nan, Acc=0.20312, AvgAcc=0.21943]43it [00:05,  7.84it/s, Loss=nan, AvgLoss=nan, Acc=0.20312, AvgAcc=0.21943]43it [00:25,  7.84it/s, Loss=nan, AvgLoss=nan, Acc=0.20508, AvgAcc=0.21911]44it [00:25,  5.13s/it, Loss=nan, AvgLoss=nan, Acc=0.20508, AvgAcc=0.21911]44it [00:25,  5.13s/it, Loss=nan, AvgLoss=nan, Acc=0.22070, AvgAcc=0.21914]44it [00:26,  5.13s/it, Loss=nan, AvgLoss=nan, Acc=0.21289, AvgAcc=0.21900]46it [00:26,  3.06s/it, Loss=nan, AvgLoss=nan, Acc=0.21289, AvgAcc=0.21900]46it [00:26,  3.06s/it, Loss=nan, AvgLoss=nan, Acc=0.21289, AvgAcc=0.21887]46it [00:26,  3.06s/it, Loss=nan, AvgLoss=nan, Acc=0.22461, AvgAcc=0.21899]48it [00:26,  1.96s/it, Loss=nan, AvgLoss=nan, Acc=0.22461, AvgAcc=0.21899]48it [00:26,  1.96s/it, Loss=nan, AvgLoss=nan, Acc=0.19531, AvgAcc=0.21851]48it [00:26,  1.96s/it, Loss=nan, AvgLoss=nan, Acc=0.22070, AvgAcc=0.21855]50it [00:26,  1.31s/it, Loss=nan, AvgLoss=nan, Acc=0.22070, AvgAcc=0.21855]50it [00:26,  1.31s/it, Loss=nan, AvgLoss=nan, Acc=0.25000, AvgAcc=0.21917]50it [00:26,  1.31s/it, Loss=nan, AvgLoss=nan, Acc=0.22656, AvgAcc=0.21931]52it [00:26,  1.11it/s, Loss=nan, AvgLoss=nan, Acc=0.22656, AvgAcc=0.21931]52it [00:26,  1.11it/s, Loss=nan, AvgLoss=nan, Acc=0.25195, AvgAcc=0.21993]52it [00:26,  1.11it/s, Loss=nan, AvgLoss=nan, Acc=0.19727, AvgAcc=0.21951]54it [00:26,  1.57it/s, Loss=nan, AvgLoss=nan, Acc=0.19727, AvgAcc=0.21951]54it [00:26,  1.57it/s, Loss=nan, AvgLoss=nan, Acc=0.22656, AvgAcc=0.21964]54it [00:26,  1.57it/s, Loss=nan, AvgLoss=nan, Acc=0.22070, AvgAcc=0.21966]56it [00:26,  2.17it/s, Loss=nan, AvgLoss=nan, Acc=0.22070, AvgAcc=0.21966]56it [00:26,  2.17it/s, Loss=nan, AvgLoss=nan, Acc=0.20898, AvgAcc=0.21947]56it [00:26,  2.17it/s, Loss=nan, AvgLoss=nan, Acc=0.21680, AvgAcc=0.21942]58it [00:26,  2.92it/s, Loss=nan, AvgLoss=nan, Acc=0.21680, AvgAcc=0.21942]58it [00:27,  2.92it/s, Loss=nan, AvgLoss=nan, Acc=0.20312, AvgAcc=0.21915]58it [00:27,  2.92it/s, Loss=nan, AvgLoss=nan, Acc=0.19727, AvgAcc=0.21878]60it [00:27,  3.86it/s, Loss=nan, AvgLoss=nan, Acc=0.19727, AvgAcc=0.21878]60it [00:27,  3.86it/s, Loss=nan, AvgLoss=nan, Acc=0.20117, AvgAcc=0.21849]60it [00:27,  3.86it/s, Loss=nan, AvgLoss=nan, Acc=0.24805, AvgAcc=0.21897]62it [00:27,  4.91it/s, Loss=nan, AvgLoss=nan, Acc=0.24805, AvgAcc=0.21897]62it [00:27,  4.91it/s, Loss=nan, AvgLoss=nan, Acc=0.19727, AvgAcc=0.21863]62it [00:27,  4.91it/s, Loss=nan, AvgLoss=nan, Acc=0.20117, AvgAcc=0.21835]64it [00:27,  6.04it/s, Loss=nan, AvgLoss=nan, Acc=0.20117, AvgAcc=0.21835]64it [00:27,  6.04it/s, Loss=nan, AvgLoss=nan, Acc=0.21289, AvgAcc=0.21827]64it [00:27,  6.04it/s, Loss=nan, AvgLoss=nan, Acc=0.20312, AvgAcc=0.21804]66it [00:27,  6.20it/s, Loss=nan, AvgLoss=nan, Acc=0.20312, AvgAcc=0.21804]66it [00:27,  6.20it/s, Loss=nan, AvgLoss=nan, Acc=0.20117, AvgAcc=0.21779]66it [00:27,  6.20it/s, Loss=nan, AvgLoss=nan, Acc=0.22461, AvgAcc=0.21789]68it [00:27,  7.43it/s, Loss=nan, AvgLoss=nan, Acc=0.22461, AvgAcc=0.21789]68it [00:27,  7.43it/s, Loss=nan, AvgLoss=nan, Acc=0.21484, AvgAcc=0.21784]68it [00:27,  7.43it/s, Loss=nan, AvgLoss=nan, Acc=0.24609, AvgAcc=0.21825]70it [00:27,  8.47it/s, Loss=nan, AvgLoss=nan, Acc=0.24609, AvgAcc=0.21825]70it [00:28,  8.47it/s, Loss=nan, AvgLoss=nan, Acc=0.24414, AvgAcc=0.21861]70it [00:28,  8.47it/s, Loss=nan, AvgLoss=nan, Acc=0.26172, AvgAcc=0.21921]72it [00:28,  9.62it/s, Loss=nan, AvgLoss=nan, Acc=0.26172, AvgAcc=0.21921]72it [00:28,  9.62it/s, Loss=nan, AvgLoss=nan, Acc=0.22266, AvgAcc=0.21926]72it [00:28,  9.62it/s, Loss=nan, AvgLoss=nan, Acc=0.24609, AvgAcc=0.21962]74it [00:28, 10.19it/s, Loss=nan, AvgLoss=nan, Acc=0.24609, AvgAcc=0.21962]74it [00:28, 10.19it/s, Loss=nan, AvgLoss=nan, Acc=0.21680, AvgAcc=0.21958]74it [00:28,  2.61it/s, Loss=nan, AvgLoss=nan, Acc=0.21680, AvgAcc=0.21958]
[2025-12-08 09:49:00,842] INFO: Processed 38400 entries in total (avg. speed 1354.5 entries/s)
[2025-12-08 09:49:00,842] INFO: Evaluation class distribution: 
    [(0, 8432), (1, 6700), (2, 23268)]
[2025-12-08 09:49:00,843] ERROR: Input contains NaN.
[2025-12-08 09:49:00,910] ERROR: Input contains NaN.
[2025-12-08 09:49:00,912] INFO: Evaluation metrics: 
    - roc_auc_score: 
None
    - roc_auc_score_matrix: 
None
    - confusion_matrix: 
[[1. 0. 0.]
 [1. 0. 0.]
 [1. 0. 0.]]
[2025-12-08 09:49:00,918] INFO: Pairwise ROC AUC:
[2025-12-08 09:49:00,918] INFO: [1mEpoch #5: Current validation metric: 0.21958 (best: 0.22268)[0m
[2025-12-08 09:49:00,918] INFO: --------------------------------------------------
[2025-12-08 09:49:00,918] INFO: Epoch #6 training
0it [00:00, ?it/s]/oscar/home/tgillin/files/weaver-core/weaver/utils/nn/tools.py:125: FutureWarning: `torch.cuda.amp.autocast(args...)` is deprecated. Please use `torch.amp.autocast('cuda', args...)` instead.
  with torch.cuda.amp.autocast(enabled=grad_scaler is not None):
/oscar/home/tgillin/files/weaver-core/weaver/nn/model/ParticleTransformer.py:549: FutureWarning: `torch.cuda.amp.autocast(args...)` is deprecated. Please use `torch.amp.autocast('cuda', args...)` instead.
  with torch.cuda.amp.autocast(enabled=self.use_amp):
/users/tgillin/miniconda3/envs/weaver/lib/python3.10/site-packages/torch/nn/functional.py:6041: UserWarning: Support for mismatched key_padding_mask and attn_mask is deprecated. Use same type for both instead.
  warnings.warn(
0it [00:00, ?it/s, lr=5.00e-03, Loss=nan, AvgLoss=nan, Acc=0.18555, AvgAcc=0.18555]1it [00:00,  4.78it/s, lr=5.00e-03, Loss=nan, AvgLoss=nan, Acc=0.18555, AvgAcc=0.18555]1it [00:00,  4.78it/s, lr=5.00e-03, Loss=nan, AvgLoss=nan, Acc=0.22266, AvgAcc=0.20410]2it [00:00,  5.00it/s, lr=5.00e-03, Loss=nan, AvgLoss=nan, Acc=0.22266, AvgAcc=0.20410]2it [00:00,  5.00it/s, lr=5.00e-03, Loss=nan, AvgLoss=nan, Acc=0.19531, AvgAcc=0.20117]3it [00:00,  4.83it/s, lr=5.00e-03, Loss=nan, AvgLoss=nan, Acc=0.19531, AvgAcc=0.20117]3it [00:00,  4.83it/s, lr=5.00e-03, Loss=nan, AvgLoss=nan, Acc=0.23047, AvgAcc=0.20850]4it [00:00,  3.77it/s, lr=5.00e-03, Loss=nan, AvgLoss=nan, Acc=0.23047, AvgAcc=0.20850]4it [00:01,  3.77it/s, lr=5.00e-03, Loss=nan, AvgLoss=nan, Acc=0.23242, AvgAcc=0.21328]5it [00:01,  3.96it/s, lr=5.00e-03, Loss=nan, AvgLoss=nan, Acc=0.23242, AvgAcc=0.21328]5it [00:01,  3.96it/s, lr=5.00e-03, Loss=nan, AvgLoss=nan, Acc=0.23633, AvgAcc=0.21712]6it [00:01,  4.17it/s, lr=5.00e-03, Loss=nan, AvgLoss=nan, Acc=0.23633, AvgAcc=0.21712]6it [00:01,  4.17it/s, lr=5.00e-03, Loss=nan, AvgLoss=nan, Acc=0.22656, AvgAcc=0.21847]7it [00:01,  4.46it/s, lr=5.00e-03, Loss=nan, AvgLoss=nan, Acc=0.22656, AvgAcc=0.21847]7it [00:01,  4.46it/s, lr=5.00e-03, Loss=nan, AvgLoss=nan, Acc=0.19336, AvgAcc=0.21533]8it [00:01,  4.59it/s, lr=5.00e-03, Loss=nan, AvgLoss=nan, Acc=0.19336, AvgAcc=0.21533]8it [00:02,  4.59it/s, lr=5.00e-03, Loss=nan, AvgLoss=nan, Acc=0.20898, AvgAcc=0.21463]9it [00:02,  3.74it/s, lr=5.00e-03, Loss=nan, AvgLoss=nan, Acc=0.20898, AvgAcc=0.21463]9it [00:02,  3.74it/s, lr=5.00e-03, Loss=nan, AvgLoss=nan, Acc=0.19922, AvgAcc=0.21309]10it [00:02,  4.03it/s, lr=5.00e-03, Loss=nan, AvgLoss=nan, Acc=0.19922, AvgAcc=0.21309]10it [00:02,  4.03it/s, lr=5.00e-03, Loss=nan, AvgLoss=nan, Acc=0.22461, AvgAcc=0.21413]11it [00:02,  4.30it/s, lr=5.00e-03, Loss=nan, AvgLoss=nan, Acc=0.22461, AvgAcc=0.21413]11it [00:02,  4.30it/s, lr=5.00e-03, Loss=nan, AvgLoss=nan, Acc=0.23242, AvgAcc=0.21566]12it [00:02,  4.45it/s, lr=5.00e-03, Loss=nan, AvgLoss=nan, Acc=0.23242, AvgAcc=0.21566]12it [00:03,  4.45it/s, lr=5.00e-03, Loss=nan, AvgLoss=nan, Acc=0.23242, AvgAcc=0.21695]13it [00:03,  4.47it/s, lr=5.00e-03, Loss=nan, AvgLoss=nan, Acc=0.23242, AvgAcc=0.21695]13it [00:03,  4.47it/s, lr=5.00e-03, Loss=nan, AvgLoss=nan, Acc=0.25781, AvgAcc=0.21987]14it [00:03,  4.50it/s, lr=5.00e-03, Loss=nan, AvgLoss=nan, Acc=0.25781, AvgAcc=0.21987]14it [00:03,  4.50it/s, lr=5.00e-03, Loss=nan, AvgLoss=nan, Acc=0.19922, AvgAcc=0.21849]15it [00:03,  3.85it/s, lr=5.00e-03, Loss=nan, AvgLoss=nan, Acc=0.19922, AvgAcc=0.21849]15it [00:03,  3.85it/s, lr=5.00e-03, Loss=nan, AvgLoss=nan, Acc=0.18945, AvgAcc=0.21667]16it [00:03,  4.01it/s, lr=5.00e-03, Loss=nan, AvgLoss=nan, Acc=0.18945, AvgAcc=0.21667]16it [00:04,  4.01it/s, lr=5.00e-03, Loss=nan, AvgLoss=nan, Acc=0.24414, AvgAcc=0.21829]17it [00:04,  4.18it/s, lr=5.00e-03, Loss=nan, AvgLoss=nan, Acc=0.24414, AvgAcc=0.21829]17it [00:04,  4.18it/s, lr=5.00e-03, Loss=nan, AvgLoss=nan, Acc=0.23438, AvgAcc=0.21918]18it [00:04,  4.28it/s, lr=5.00e-03, Loss=nan, AvgLoss=nan, Acc=0.23438, AvgAcc=0.21918]18it [00:04,  4.28it/s, lr=5.00e-03, Loss=nan, AvgLoss=nan, Acc=0.23047, AvgAcc=0.21978]19it [00:04,  4.37it/s, lr=5.00e-03, Loss=nan, AvgLoss=nan, Acc=0.23047, AvgAcc=0.21978]19it [00:04,  4.37it/s, lr=5.00e-03, Loss=nan, AvgLoss=nan, Acc=0.21094, AvgAcc=0.21934]20it [00:04,  3.96it/s, lr=5.00e-03, Loss=nan, AvgLoss=nan, Acc=0.21094, AvgAcc=0.21934]20it [00:04,  3.96it/s, lr=5.00e-03, Loss=nan, AvgLoss=nan, Acc=0.22656, AvgAcc=0.21968]21it [00:04,  4.16it/s, lr=5.00e-03, Loss=nan, AvgLoss=nan, Acc=0.22656, AvgAcc=0.21968]21it [00:05,  4.16it/s, lr=5.00e-03, Loss=nan, AvgLoss=nan, Acc=0.19141, AvgAcc=0.21839]22it [00:05,  4.38it/s, lr=5.00e-03, Loss=nan, AvgLoss=nan, Acc=0.19141, AvgAcc=0.21839]22it [00:05,  4.38it/s, lr=5.00e-03, Loss=nan, AvgLoss=nan, Acc=0.20898, AvgAcc=0.21799]23it [00:05,  4.36it/s, lr=5.00e-03, Loss=nan, AvgLoss=nan, Acc=0.20898, AvgAcc=0.21799]23it [00:05,  4.36it/s, lr=5.00e-03, Loss=nan, AvgLoss=nan, Acc=0.21094, AvgAcc=0.21769]24it [00:05,  4.46it/s, lr=5.00e-03, Loss=nan, AvgLoss=nan, Acc=0.21094, AvgAcc=0.21769]24it [00:06,  4.46it/s, lr=5.00e-03, Loss=nan, AvgLoss=nan, Acc=0.21875, AvgAcc=0.21773]25it [00:06,  3.50it/s, lr=5.00e-03, Loss=nan, AvgLoss=nan, Acc=0.21875, AvgAcc=0.21773]25it [00:06,  3.50it/s, lr=5.00e-03, Loss=nan, AvgLoss=nan, Acc=0.28125, AvgAcc=0.22018]26it [00:06,  3.44it/s, lr=5.00e-03, Loss=nan, AvgLoss=nan, Acc=0.28125, AvgAcc=0.22018]26it [00:06,  3.44it/s, lr=5.00e-03, Loss=nan, AvgLoss=nan, Acc=0.19922, AvgAcc=0.21940]27it [00:06,  3.43it/s, lr=5.00e-03, Loss=nan, AvgLoss=nan, Acc=0.19922, AvgAcc=0.21940]27it [00:06,  3.43it/s, lr=5.00e-03, Loss=nan, AvgLoss=nan, Acc=0.23047, AvgAcc=0.21980]28it [00:06,  3.43it/s, lr=5.00e-03, Loss=nan, AvgLoss=nan, Acc=0.23047, AvgAcc=0.21980]28it [00:07,  3.43it/s, lr=5.00e-03, Loss=nan, AvgLoss=nan, Acc=0.23242, AvgAcc=0.22023]29it [00:07,  3.05it/s, lr=5.00e-03, Loss=nan, AvgLoss=nan, Acc=0.23242, AvgAcc=0.22023]29it [00:07,  3.05it/s, lr=5.00e-03, Loss=nan, AvgLoss=nan, Acc=0.20508, AvgAcc=0.21973]30it [00:07,  3.15it/s, lr=5.00e-03, Loss=nan, AvgLoss=nan, Acc=0.20508, AvgAcc=0.21973]30it [00:07,  3.15it/s, lr=5.00e-03, Loss=nan, AvgLoss=nan, Acc=0.23633, AvgAcc=0.22026]31it [00:07,  3.19it/s, lr=5.00e-03, Loss=nan, AvgLoss=nan, Acc=0.23633, AvgAcc=0.22026]31it [00:08,  3.19it/s, lr=5.00e-03, Loss=nan, AvgLoss=nan, Acc=0.22461, AvgAcc=0.22040]32it [00:08,  3.29it/s, lr=5.00e-03, Loss=nan, AvgLoss=nan, Acc=0.22461, AvgAcc=0.22040]32it [00:08,  3.29it/s, lr=5.00e-03, Loss=nan, AvgLoss=nan, Acc=0.22852, AvgAcc=0.22064]33it [00:08,  2.95it/s, lr=5.00e-03, Loss=nan, AvgLoss=nan, Acc=0.22852, AvgAcc=0.22064]33it [00:08,  2.95it/s, lr=5.00e-03, Loss=nan, AvgLoss=nan, Acc=0.25391, AvgAcc=0.22162]34it [00:08,  3.10it/s, lr=5.00e-03, Loss=nan, AvgLoss=nan, Acc=0.25391, AvgAcc=0.22162]34it [00:09,  3.10it/s, lr=5.00e-03, Loss=nan, AvgLoss=nan, Acc=0.25391, AvgAcc=0.22254]35it [00:09,  3.16it/s, lr=5.00e-03, Loss=nan, AvgLoss=nan, Acc=0.25391, AvgAcc=0.22254]35it [00:09,  3.16it/s, lr=5.00e-03, Loss=nan, AvgLoss=nan, Acc=0.21875, AvgAcc=0.22244]36it [00:09,  3.16it/s, lr=5.00e-03, Loss=nan, AvgLoss=nan, Acc=0.21875, AvgAcc=0.22244]36it [00:09,  3.16it/s, lr=5.00e-03, Loss=nan, AvgLoss=nan, Acc=0.22852, AvgAcc=0.22260]37it [00:09,  2.89it/s, lr=5.00e-03, Loss=nan, AvgLoss=nan, Acc=0.22852, AvgAcc=0.22260]37it [00:10,  2.89it/s, lr=5.00e-03, Loss=nan, AvgLoss=nan, Acc=0.25391, AvgAcc=0.22343]38it [00:10,  3.03it/s, lr=5.00e-03, Loss=nan, AvgLoss=nan, Acc=0.25391, AvgAcc=0.22343]38it [00:10,  3.03it/s, lr=5.00e-03, Loss=nan, AvgLoss=nan, Acc=0.22852, AvgAcc=0.22356]39it [00:10,  3.13it/s, lr=5.00e-03, Loss=nan, AvgLoss=nan, Acc=0.22852, AvgAcc=0.22356]39it [00:10,  3.13it/s, lr=5.00e-03, Loss=nan, AvgLoss=nan, Acc=0.22461, AvgAcc=0.22358]40it [00:10,  3.23it/s, lr=5.00e-03, Loss=nan, AvgLoss=nan, Acc=0.22461, AvgAcc=0.22358]40it [00:11,  3.23it/s, lr=5.00e-03, Loss=nan, AvgLoss=nan, Acc=0.22266, AvgAcc=0.22356]41it [00:11,  3.18it/s, lr=5.00e-03, Loss=nan, AvgLoss=nan, Acc=0.22266, AvgAcc=0.22356]41it [00:11,  3.18it/s, lr=5.00e-03, Loss=nan, AvgLoss=nan, Acc=0.25977, AvgAcc=0.22442]42it [00:11,  2.79it/s, lr=5.00e-03, Loss=nan, AvgLoss=nan, Acc=0.25977, AvgAcc=0.22442]42it [00:11,  2.79it/s, lr=5.00e-03, Loss=nan, AvgLoss=nan, Acc=0.21289, AvgAcc=0.22416]43it [00:11,  2.94it/s, lr=5.00e-03, Loss=nan, AvgLoss=nan, Acc=0.21289, AvgAcc=0.22416]43it [00:12,  2.94it/s, lr=5.00e-03, Loss=nan, AvgLoss=nan, Acc=0.24414, AvgAcc=0.22461]44it [00:12,  3.11it/s, lr=5.00e-03, Loss=nan, AvgLoss=nan, Acc=0.24414, AvgAcc=0.22461]44it [00:12,  3.11it/s, lr=5.00e-03, Loss=nan, AvgLoss=nan, Acc=0.19727, AvgAcc=0.22400]45it [00:12,  2.85it/s, lr=5.00e-03, Loss=nan, AvgLoss=nan, Acc=0.19727, AvgAcc=0.22400]45it [00:12,  2.85it/s, lr=5.00e-03, Loss=nan, AvgLoss=nan, Acc=0.21680, AvgAcc=0.22385]46it [00:12,  3.06it/s, lr=5.00e-03, Loss=nan, AvgLoss=nan, Acc=0.21680, AvgAcc=0.22385]46it [00:13,  3.06it/s, lr=5.00e-03, Loss=nan, AvgLoss=nan, Acc=0.23438, AvgAcc=0.22407]47it [00:13,  3.15it/s, lr=5.00e-03, Loss=nan, AvgLoss=nan, Acc=0.23438, AvgAcc=0.22407]47it [00:13,  3.15it/s, lr=5.00e-03, Loss=nan, AvgLoss=nan, Acc=0.22266, AvgAcc=0.22404]48it [00:13,  3.17it/s, lr=5.00e-03, Loss=nan, AvgLoss=nan, Acc=0.22266, AvgAcc=0.22404]48it [00:13,  3.17it/s, lr=5.00e-03, Loss=nan, AvgLoss=nan, Acc=0.22461, AvgAcc=0.22405]49it [00:13,  2.82it/s, lr=5.00e-03, Loss=nan, AvgLoss=nan, Acc=0.22461, AvgAcc=0.22405]49it [00:14,  2.82it/s, lr=5.00e-03, Loss=nan, AvgLoss=nan, Acc=0.22461, AvgAcc=0.22406]50it [00:14,  2.92it/s, lr=5.00e-03, Loss=nan, AvgLoss=nan, Acc=0.22461, AvgAcc=0.22406]50it [00:14,  2.92it/s, lr=5.00e-03, Loss=nan, AvgLoss=nan, Acc=0.23633, AvgAcc=0.22430]51it [00:14,  3.11it/s, lr=5.00e-03, Loss=nan, AvgLoss=nan, Acc=0.23633, AvgAcc=0.22430]51it [00:14,  3.11it/s, lr=5.00e-03, Loss=nan, AvgLoss=nan, Acc=0.23633, AvgAcc=0.22453]52it [00:14,  3.16it/s, lr=5.00e-03, Loss=nan, AvgLoss=nan, Acc=0.23633, AvgAcc=0.22453]52it [00:15,  3.16it/s, lr=5.00e-03, Loss=nan, AvgLoss=nan, Acc=0.26562, AvgAcc=0.22531]53it [00:15,  2.74it/s, lr=5.00e-03, Loss=nan, AvgLoss=nan, Acc=0.26562, AvgAcc=0.22531]53it [00:15,  2.74it/s, lr=5.00e-03, Loss=nan, AvgLoss=nan, Acc=0.24023, AvgAcc=0.22559]54it [00:15,  2.86it/s, lr=5.00e-03, Loss=nan, AvgLoss=nan, Acc=0.24023, AvgAcc=0.22559]54it [00:15,  2.86it/s, lr=5.00e-03, Loss=nan, AvgLoss=nan, Acc=0.20508, AvgAcc=0.22521]55it [00:15,  2.99it/s, lr=5.00e-03, Loss=nan, AvgLoss=nan, Acc=0.20508, AvgAcc=0.22521]55it [00:16,  2.99it/s, lr=5.00e-03, Loss=nan, AvgLoss=nan, Acc=0.25195, AvgAcc=0.22569]56it [00:16,  3.14it/s, lr=5.00e-03, Loss=nan, AvgLoss=nan, Acc=0.25195, AvgAcc=0.22569]56it [00:16,  3.14it/s, lr=5.00e-03, Loss=nan, AvgLoss=nan, Acc=0.21680, AvgAcc=0.22553]57it [00:16,  2.82it/s, lr=5.00e-03, Loss=nan, AvgLoss=nan, Acc=0.21680, AvgAcc=0.22553]57it [00:16,  2.82it/s, lr=5.00e-03, Loss=nan, AvgLoss=nan, Acc=0.23633, AvgAcc=0.22572]58it [00:16,  2.99it/s, lr=5.00e-03, Loss=nan, AvgLoss=nan, Acc=0.23633, AvgAcc=0.22572]58it [00:17,  2.99it/s, lr=5.00e-03, Loss=nan, AvgLoss=nan, Acc=0.23047, AvgAcc=0.22580]59it [00:17,  3.14it/s, lr=5.00e-03, Loss=nan, AvgLoss=nan, Acc=0.23047, AvgAcc=0.22580]59it [00:17,  3.14it/s, lr=5.00e-03, Loss=nan, AvgLoss=nan, Acc=0.22461, AvgAcc=0.22578]60it [00:17,  3.21it/s, lr=5.00e-03, Loss=nan, AvgLoss=nan, Acc=0.22461, AvgAcc=0.22578]60it [00:17,  3.21it/s, lr=5.00e-03, Loss=nan, AvgLoss=nan, Acc=0.24023, AvgAcc=0.22602]61it [00:17,  2.85it/s, lr=5.00e-03, Loss=nan, AvgLoss=nan, Acc=0.24023, AvgAcc=0.22602]61it [00:18,  2.85it/s, lr=5.00e-03, Loss=nan, AvgLoss=nan, Acc=0.18164, AvgAcc=0.22530]62it [00:18,  3.03it/s, lr=5.00e-03, Loss=nan, AvgLoss=nan, Acc=0.18164, AvgAcc=0.22530]62it [00:31,  3.03it/s, lr=5.00e-03, Loss=nan, AvgLoss=nan, Acc=0.19727, AvgAcc=0.22486]63it [00:31,  4.19s/it, lr=5.00e-03, Loss=nan, AvgLoss=nan, Acc=0.19727, AvgAcc=0.22486]63it [00:31,  4.19s/it, lr=5.00e-03, Loss=nan, AvgLoss=nan, Acc=0.22070, AvgAcc=0.22479]64it [00:31,  3.01s/it, lr=5.00e-03, Loss=nan, AvgLoss=nan, Acc=0.22070, AvgAcc=0.22479]64it [00:31,  3.01s/it, lr=5.00e-03, Loss=nan, AvgLoss=nan, Acc=0.23633, AvgAcc=0.22497]65it [00:31,  2.17s/it, lr=5.00e-03, Loss=nan, AvgLoss=nan, Acc=0.23633, AvgAcc=0.22497]65it [00:32,  2.17s/it, lr=5.00e-03, Loss=nan, AvgLoss=nan, Acc=0.19141, AvgAcc=0.22446]66it [00:32,  1.59s/it, lr=5.00e-03, Loss=nan, AvgLoss=nan, Acc=0.19141, AvgAcc=0.22446]66it [00:32,  1.59s/it, lr=5.00e-03, Loss=nan, AvgLoss=nan, Acc=0.23828, AvgAcc=0.22467]67it [00:32,  1.18s/it, lr=5.00e-03, Loss=nan, AvgLoss=nan, Acc=0.23828, AvgAcc=0.22467]67it [00:32,  1.18s/it, lr=5.00e-03, Loss=nan, AvgLoss=nan, Acc=0.22266, AvgAcc=0.22464]68it [00:32,  1.13it/s, lr=5.00e-03, Loss=nan, AvgLoss=nan, Acc=0.22266, AvgAcc=0.22464]68it [00:32,  1.13it/s, lr=5.00e-03, Loss=nan, AvgLoss=nan, Acc=0.21875, AvgAcc=0.22455]69it [00:32,  1.38it/s, lr=5.00e-03, Loss=nan, AvgLoss=nan, Acc=0.21875, AvgAcc=0.22455]69it [00:33,  1.38it/s, lr=5.00e-03, Loss=nan, AvgLoss=nan, Acc=0.20898, AvgAcc=0.22433]70it [00:33,  1.74it/s, lr=5.00e-03, Loss=nan, AvgLoss=nan, Acc=0.20898, AvgAcc=0.22433]70it [00:33,  1.74it/s, lr=5.00e-03, Loss=nan, AvgLoss=nan, Acc=0.23438, AvgAcc=0.22447]71it [00:33,  2.17it/s, lr=5.00e-03, Loss=nan, AvgLoss=nan, Acc=0.23438, AvgAcc=0.22447]71it [00:33,  2.17it/s, lr=5.00e-03, Loss=nan, AvgLoss=nan, Acc=0.20312, AvgAcc=0.22418]72it [00:33,  2.56it/s, lr=5.00e-03, Loss=nan, AvgLoss=nan, Acc=0.20312, AvgAcc=0.22418]72it [00:33,  2.56it/s, lr=5.00e-03, Loss=nan, AvgLoss=nan, Acc=0.24023, AvgAcc=0.22440]73it [00:33,  3.00it/s, lr=5.00e-03, Loss=nan, AvgLoss=nan, Acc=0.24023, AvgAcc=0.22440]73it [00:33,  3.00it/s, lr=5.00e-03, Loss=nan, AvgLoss=nan, Acc=0.21094, AvgAcc=0.22421]74it [00:33,  3.45it/s, lr=5.00e-03, Loss=nan, AvgLoss=nan, Acc=0.21094, AvgAcc=0.22421]74it [00:34,  3.45it/s, lr=5.00e-03, Loss=nan, AvgLoss=nan, Acc=0.19727, AvgAcc=0.22385]75it [00:34,  3.76it/s, lr=5.00e-03, Loss=nan, AvgLoss=nan, Acc=0.19727, AvgAcc=0.22385]75it [00:34,  3.76it/s, lr=5.00e-03, Loss=nan, AvgLoss=nan, Acc=0.25977, AvgAcc=0.22433]76it [00:34,  3.34it/s, lr=5.00e-03, Loss=nan, AvgLoss=nan, Acc=0.25977, AvgAcc=0.22433]76it [00:34,  3.34it/s, lr=5.00e-03, Loss=nan, AvgLoss=nan, Acc=0.20703, AvgAcc=0.22410]77it [00:34,  3.68it/s, lr=5.00e-03, Loss=nan, AvgLoss=nan, Acc=0.20703, AvgAcc=0.22410]77it [00:34,  3.68it/s, lr=5.00e-03, Loss=nan, AvgLoss=nan, Acc=0.21094, AvgAcc=0.22393]78it [00:34,  4.05it/s, lr=5.00e-03, Loss=nan, AvgLoss=nan, Acc=0.21094, AvgAcc=0.22393]78it [00:35,  4.05it/s, lr=5.00e-03, Loss=nan, AvgLoss=nan, Acc=0.22461, AvgAcc=0.22394]79it [00:35,  4.20it/s, lr=5.00e-03, Loss=nan, AvgLoss=nan, Acc=0.22461, AvgAcc=0.22394]79it [00:35,  4.20it/s, lr=5.00e-03, Loss=nan, AvgLoss=nan, Acc=0.24414, AvgAcc=0.22419]80it [00:35,  4.37it/s, lr=5.00e-03, Loss=nan, AvgLoss=nan, Acc=0.24414, AvgAcc=0.22419]80it [00:35,  4.37it/s, lr=5.00e-03, Loss=nan, AvgLoss=nan, Acc=0.20508, AvgAcc=0.22396]81it [00:35,  4.29it/s, lr=5.00e-03, Loss=nan, AvgLoss=nan, Acc=0.20508, AvgAcc=0.22396]81it [00:35,  4.29it/s, lr=5.00e-03, Loss=nan, AvgLoss=nan, Acc=0.19922, AvgAcc=0.22366]82it [00:35,  3.64it/s, lr=5.00e-03, Loss=nan, AvgLoss=nan, Acc=0.19922, AvgAcc=0.22366]82it [00:36,  3.64it/s, lr=5.00e-03, Loss=nan, AvgLoss=nan, Acc=0.24023, AvgAcc=0.22386]83it [00:36,  3.92it/s, lr=5.00e-03, Loss=nan, AvgLoss=nan, Acc=0.24023, AvgAcc=0.22386]83it [00:36,  3.92it/s, lr=5.00e-03, Loss=nan, AvgLoss=nan, Acc=0.21680, AvgAcc=0.22377]84it [00:36,  4.04it/s, lr=5.00e-03, Loss=nan, AvgLoss=nan, Acc=0.21680, AvgAcc=0.22377]84it [00:36,  4.04it/s, lr=5.00e-03, Loss=nan, AvgLoss=nan, Acc=0.23242, AvgAcc=0.22387]85it [00:36,  4.21it/s, lr=5.00e-03, Loss=nan, AvgLoss=nan, Acc=0.23242, AvgAcc=0.22387]85it [00:36,  4.21it/s, lr=5.00e-03, Loss=nan, AvgLoss=nan, Acc=0.19141, AvgAcc=0.22350]86it [00:36,  4.30it/s, lr=5.00e-03, Loss=nan, AvgLoss=nan, Acc=0.19141, AvgAcc=0.22350]86it [00:37,  4.30it/s, lr=5.00e-03, Loss=nan, AvgLoss=nan, Acc=0.22852, AvgAcc=0.22355]87it [00:37,  3.81it/s, lr=5.00e-03, Loss=nan, AvgLoss=nan, Acc=0.22852, AvgAcc=0.22355]87it [00:37,  3.81it/s, lr=5.00e-03, Loss=nan, AvgLoss=nan, Acc=0.25000, AvgAcc=0.22385]88it [00:37,  4.10it/s, lr=5.00e-03, Loss=nan, AvgLoss=nan, Acc=0.25000, AvgAcc=0.22385]88it [00:37,  4.10it/s, lr=5.00e-03, Loss=nan, AvgLoss=nan, Acc=0.20898, AvgAcc=0.22369]89it [00:37,  4.31it/s, lr=5.00e-03, Loss=nan, AvgLoss=nan, Acc=0.20898, AvgAcc=0.22369]89it [00:37,  4.31it/s, lr=5.00e-03, Loss=nan, AvgLoss=nan, Acc=0.21094, AvgAcc=0.22355]90it [00:37,  4.26it/s, lr=5.00e-03, Loss=nan, AvgLoss=nan, Acc=0.21094, AvgAcc=0.22355]90it [00:38,  4.26it/s, lr=5.00e-03, Loss=nan, AvgLoss=nan, Acc=0.20508, AvgAcc=0.22334]91it [00:38,  4.29it/s, lr=5.00e-03, Loss=nan, AvgLoss=nan, Acc=0.20508, AvgAcc=0.22334]91it [00:38,  4.29it/s, lr=5.00e-03, Loss=nan, AvgLoss=nan, Acc=0.22656, AvgAcc=0.22338]92it [00:38,  4.43it/s, lr=5.00e-03, Loss=nan, AvgLoss=nan, Acc=0.22656, AvgAcc=0.22338]92it [00:38,  4.43it/s, lr=5.00e-03, Loss=nan, AvgLoss=nan, Acc=0.21289, AvgAcc=0.22327]93it [00:38,  3.74it/s, lr=5.00e-03, Loss=nan, AvgLoss=nan, Acc=0.21289, AvgAcc=0.22327]93it [00:38,  3.74it/s, lr=5.00e-03, Loss=nan, AvgLoss=nan, Acc=0.22656, AvgAcc=0.22330]94it [00:38,  4.03it/s, lr=5.00e-03, Loss=nan, AvgLoss=nan, Acc=0.22656, AvgAcc=0.22330]94it [00:39,  4.03it/s, lr=5.00e-03, Loss=nan, AvgLoss=nan, Acc=0.21680, AvgAcc=0.22323]95it [00:39,  4.32it/s, lr=5.00e-03, Loss=nan, AvgLoss=nan, Acc=0.21680, AvgAcc=0.22323]95it [00:39,  4.32it/s, lr=5.00e-03, Loss=nan, AvgLoss=nan, Acc=0.21094, AvgAcc=0.22310]96it [00:39,  4.35it/s, lr=5.00e-03, Loss=nan, AvgLoss=nan, Acc=0.21094, AvgAcc=0.22310]96it [00:39,  4.35it/s, lr=5.00e-03, Loss=nan, AvgLoss=nan, Acc=0.23438, AvgAcc=0.22322]97it [00:39,  4.43it/s, lr=5.00e-03, Loss=nan, AvgLoss=nan, Acc=0.23438, AvgAcc=0.22322]97it [00:39,  4.43it/s, lr=5.00e-03, Loss=nan, AvgLoss=nan, Acc=0.22461, AvgAcc=0.22323]98it [00:39,  4.53it/s, lr=5.00e-03, Loss=nan, AvgLoss=nan, Acc=0.22461, AvgAcc=0.22323]98it [00:40,  4.53it/s, lr=5.00e-03, Loss=nan, AvgLoss=nan, Acc=0.20703, AvgAcc=0.22307]99it [00:40,  3.85it/s, lr=5.00e-03, Loss=nan, AvgLoss=nan, Acc=0.20703, AvgAcc=0.22307]99it [00:40,  3.85it/s, lr=5.00e-03, Loss=nan, AvgLoss=nan, Acc=0.24414, AvgAcc=0.22328]100it [00:40,  4.06it/s, lr=5.00e-03, Loss=nan, AvgLoss=nan, Acc=0.24414, AvgAcc=0.22328]100it [00:48,  4.06it/s, lr=5.00e-03, Loss=nan, AvgLoss=nan, Acc=0.22070, AvgAcc=0.22326]101it [00:48,  2.79s/it, lr=5.00e-03, Loss=nan, AvgLoss=nan, Acc=0.22070, AvgAcc=0.22326]101it [00:49,  2.79s/it, lr=5.00e-03, Loss=nan, AvgLoss=nan, Acc=0.19727, AvgAcc=0.22300]102it [00:49,  2.03s/it, lr=5.00e-03, Loss=nan, AvgLoss=nan, Acc=0.19727, AvgAcc=0.22300]102it [00:49,  2.03s/it, lr=5.00e-03, Loss=nan, AvgLoss=nan, Acc=0.22656, AvgAcc=0.22304]103it [00:49,  1.48s/it, lr=5.00e-03, Loss=nan, AvgLoss=nan, Acc=0.22656, AvgAcc=0.22304]103it [00:49,  1.48s/it, lr=5.00e-03, Loss=nan, AvgLoss=nan, Acc=0.26758, AvgAcc=0.22346]104it [00:49,  1.10s/it, lr=5.00e-03, Loss=nan, AvgLoss=nan, Acc=0.26758, AvgAcc=0.22346]104it [00:49,  1.10s/it, lr=5.00e-03, Loss=nan, AvgLoss=nan, Acc=0.22656, AvgAcc=0.22349]105it [00:49,  1.20it/s, lr=5.00e-03, Loss=nan, AvgLoss=nan, Acc=0.22656, AvgAcc=0.22349]105it [00:50,  1.20it/s, lr=5.00e-03, Loss=nan, AvgLoss=nan, Acc=0.20898, AvgAcc=0.22336]106it [00:50,  1.46it/s, lr=5.00e-03, Loss=nan, AvgLoss=nan, Acc=0.20898, AvgAcc=0.22336]106it [00:50,  1.46it/s, lr=5.00e-03, Loss=nan, AvgLoss=nan, Acc=0.19922, AvgAcc=0.22313]107it [00:50,  1.85it/s, lr=5.00e-03, Loss=nan, AvgLoss=nan, Acc=0.19922, AvgAcc=0.22313]107it [00:50,  1.85it/s, lr=5.00e-03, Loss=nan, AvgLoss=nan, Acc=0.24219, AvgAcc=0.22331]108it [00:50,  2.27it/s, lr=5.00e-03, Loss=nan, AvgLoss=nan, Acc=0.24219, AvgAcc=0.22331]108it [00:50,  2.27it/s, lr=5.00e-03, Loss=nan, AvgLoss=nan, Acc=0.22070, AvgAcc=0.22328]109it [00:50,  2.73it/s, lr=5.00e-03, Loss=nan, AvgLoss=nan, Acc=0.22070, AvgAcc=0.22328]109it [00:51,  2.73it/s, lr=5.00e-03, Loss=nan, AvgLoss=nan, Acc=0.22461, AvgAcc=0.22330]110it [00:51,  2.98it/s, lr=5.00e-03, Loss=nan, AvgLoss=nan, Acc=0.22461, AvgAcc=0.22330]110it [00:51,  2.98it/s, lr=5.00e-03, Loss=nan, AvgLoss=nan, Acc=0.18164, AvgAcc=0.22292]111it [00:51,  3.39it/s, lr=5.00e-03, Loss=nan, AvgLoss=nan, Acc=0.18164, AvgAcc=0.22292]111it [00:51,  3.39it/s, lr=5.00e-03, Loss=nan, AvgLoss=nan, Acc=0.19922, AvgAcc=0.22271]112it [00:51,  3.31it/s, lr=5.00e-03, Loss=nan, AvgLoss=nan, Acc=0.19922, AvgAcc=0.22271]112it [00:51,  3.31it/s, lr=5.00e-03, Loss=nan, AvgLoss=nan, Acc=0.21289, AvgAcc=0.22262]113it [00:51,  3.67it/s, lr=5.00e-03, Loss=nan, AvgLoss=nan, Acc=0.21289, AvgAcc=0.22262]113it [00:52,  3.67it/s, lr=5.00e-03, Loss=nan, AvgLoss=nan, Acc=0.20898, AvgAcc=0.22250]114it [00:52,  3.85it/s, lr=5.00e-03, Loss=nan, AvgLoss=nan, Acc=0.20898, AvgAcc=0.22250]114it [00:52,  3.85it/s, lr=5.00e-03, Loss=nan, AvgLoss=nan, Acc=0.20508, AvgAcc=0.22235]115it [00:52,  4.06it/s, lr=5.00e-03, Loss=nan, AvgLoss=nan, Acc=0.20508, AvgAcc=0.22235]115it [00:52,  4.06it/s, lr=5.00e-03, Loss=nan, AvgLoss=nan, Acc=0.20703, AvgAcc=0.22222]116it [00:52,  4.12it/s, lr=5.00e-03, Loss=nan, AvgLoss=nan, Acc=0.20703, AvgAcc=0.22222]116it [00:52,  4.12it/s, lr=5.00e-03, Loss=nan, AvgLoss=nan, Acc=0.22266, AvgAcc=0.22222]117it [00:52,  4.25it/s, lr=5.00e-03, Loss=nan, AvgLoss=nan, Acc=0.22266, AvgAcc=0.22222]117it [00:52,  4.25it/s, lr=5.00e-03, Loss=nan, AvgLoss=nan, Acc=0.20703, AvgAcc=0.22209]118it [00:52,  4.48it/s, lr=5.00e-03, Loss=nan, AvgLoss=nan, Acc=0.20703, AvgAcc=0.22209]118it [00:53,  4.48it/s, lr=5.00e-03, Loss=nan, AvgLoss=nan, Acc=0.23438, AvgAcc=0.22220]119it [00:53,  3.93it/s, lr=5.00e-03, Loss=nan, AvgLoss=nan, Acc=0.23438, AvgAcc=0.22220]119it [00:53,  3.93it/s, lr=5.00e-03, Loss=nan, AvgLoss=nan, Acc=0.21289, AvgAcc=0.22212]120it [00:53,  4.15it/s, lr=5.00e-03, Loss=nan, AvgLoss=nan, Acc=0.21289, AvgAcc=0.22212]120it [00:53,  4.15it/s, lr=5.00e-03, Loss=nan, AvgLoss=nan, Acc=0.19336, AvgAcc=0.22188]121it [00:53,  4.22it/s, lr=5.00e-03, Loss=nan, AvgLoss=nan, Acc=0.19336, AvgAcc=0.22188]121it [00:53,  4.22it/s, lr=5.00e-03, Loss=nan, AvgLoss=nan, Acc=0.19336, AvgAcc=0.22165]122it [00:53,  4.54it/s, lr=5.00e-03, Loss=nan, AvgLoss=nan, Acc=0.19336, AvgAcc=0.22165]122it [00:54,  4.54it/s, lr=5.00e-03, Loss=nan, AvgLoss=nan, Acc=0.20117, AvgAcc=0.22148]123it [00:54,  4.54it/s, lr=5.00e-03, Loss=nan, AvgLoss=nan, Acc=0.20117, AvgAcc=0.22148]123it [00:54,  4.54it/s, lr=5.00e-03, Loss=nan, AvgLoss=nan, Acc=0.21875, AvgAcc=0.22146]124it [00:54,  3.84it/s, lr=5.00e-03, Loss=nan, AvgLoss=nan, Acc=0.21875, AvgAcc=0.22146]124it [00:54,  3.84it/s, lr=5.00e-03, Loss=nan, AvgLoss=nan, Acc=0.20898, AvgAcc=0.22136]125it [00:54,  4.04it/s, lr=5.00e-03, Loss=nan, AvgLoss=nan, Acc=0.20898, AvgAcc=0.22136]125it [00:54,  4.04it/s, lr=5.00e-03, Loss=nan, AvgLoss=nan, Acc=0.22266, AvgAcc=0.22137]126it [00:54,  4.31it/s, lr=5.00e-03, Loss=nan, AvgLoss=nan, Acc=0.22266, AvgAcc=0.22137]126it [00:55,  4.31it/s, lr=5.00e-03, Loss=nan, AvgLoss=nan, Acc=0.20508, AvgAcc=0.22124]127it [00:55,  4.37it/s, lr=5.00e-03, Loss=nan, AvgLoss=nan, Acc=0.20508, AvgAcc=0.22124]127it [00:55,  4.37it/s, lr=5.00e-03, Loss=nan, AvgLoss=nan, Acc=0.20508, AvgAcc=0.22112]128it [00:55,  4.64it/s, lr=5.00e-03, Loss=nan, AvgLoss=nan, Acc=0.20508, AvgAcc=0.22112]128it [00:55,  4.64it/s, lr=5.00e-03, Loss=nan, AvgLoss=nan, Acc=0.20898, AvgAcc=0.22102]129it [00:55,  4.64it/s, lr=5.00e-03, Loss=nan, AvgLoss=nan, Acc=0.20898, AvgAcc=0.22102]129it [00:55,  4.64it/s, lr=5.00e-03, Loss=nan, AvgLoss=nan, Acc=0.20898, AvgAcc=0.22093]130it [00:55,  3.87it/s, lr=5.00e-03, Loss=nan, AvgLoss=nan, Acc=0.20898, AvgAcc=0.22093]130it [00:55,  3.87it/s, lr=5.00e-03, Loss=nan, AvgLoss=nan, Acc=0.19531, AvgAcc=0.22073]131it [00:55,  4.13it/s, lr=5.00e-03, Loss=nan, AvgLoss=nan, Acc=0.19531, AvgAcc=0.22073]131it [00:56,  4.13it/s, lr=5.00e-03, Loss=nan, AvgLoss=nan, Acc=0.23438, AvgAcc=0.22084]132it [00:56,  4.31it/s, lr=5.00e-03, Loss=nan, AvgLoss=nan, Acc=0.23438, AvgAcc=0.22084]132it [00:56,  4.31it/s, lr=5.00e-03, Loss=nan, AvgLoss=nan, Acc=0.24023, AvgAcc=0.22098]133it [00:56,  4.37it/s, lr=5.00e-03, Loss=nan, AvgLoss=nan, Acc=0.24023, AvgAcc=0.22098]133it [00:56,  4.37it/s, lr=5.00e-03, Loss=nan, AvgLoss=nan, Acc=0.24805, AvgAcc=0.22118]134it [00:56,  4.42it/s, lr=5.00e-03, Loss=nan, AvgLoss=nan, Acc=0.24805, AvgAcc=0.22118]134it [00:56,  4.42it/s, lr=5.00e-03, Loss=nan, AvgLoss=nan, Acc=0.20117, AvgAcc=0.22104]135it [00:56,  4.60it/s, lr=5.00e-03, Loss=nan, AvgLoss=nan, Acc=0.20117, AvgAcc=0.22104]135it [00:57,  4.60it/s, lr=5.00e-03, Loss=nan, AvgLoss=nan, Acc=0.21484, AvgAcc=0.22099]136it [00:57,  3.81it/s, lr=5.00e-03, Loss=nan, AvgLoss=nan, Acc=0.21484, AvgAcc=0.22099]136it [00:57,  3.81it/s, lr=5.00e-03, Loss=nan, AvgLoss=nan, Acc=0.21484, AvgAcc=0.22095]137it [00:57,  4.07it/s, lr=5.00e-03, Loss=nan, AvgLoss=nan, Acc=0.21484, AvgAcc=0.22095]137it [00:57,  4.07it/s, lr=5.00e-03, Loss=nan, AvgLoss=nan, Acc=0.19922, AvgAcc=0.22079]138it [00:57,  4.12it/s, lr=5.00e-03, Loss=nan, AvgLoss=nan, Acc=0.19922, AvgAcc=0.22079]138it [01:06,  4.12it/s, lr=5.00e-03, Loss=nan, AvgLoss=nan, Acc=0.24805, AvgAcc=0.22098]139it [01:06,  2.82s/it, lr=5.00e-03, Loss=nan, AvgLoss=nan, Acc=0.24805, AvgAcc=0.22098]139it [01:06,  2.82s/it, lr=5.00e-03, Loss=nan, AvgLoss=nan, Acc=0.22461, AvgAcc=0.22101]140it [01:06,  2.04s/it, lr=5.00e-03, Loss=nan, AvgLoss=nan, Acc=0.22461, AvgAcc=0.22101]140it [01:06,  2.04s/it, lr=5.00e-03, Loss=nan, AvgLoss=nan, Acc=0.26953, AvgAcc=0.22135]141it [01:06,  1.49s/it, lr=5.00e-03, Loss=nan, AvgLoss=nan, Acc=0.26953, AvgAcc=0.22135]141it [01:07,  1.49s/it, lr=5.00e-03, Loss=nan, AvgLoss=nan, Acc=0.22852, AvgAcc=0.22140]142it [01:07,  1.10s/it, lr=5.00e-03, Loss=nan, AvgLoss=nan, Acc=0.22852, AvgAcc=0.22140]142it [01:07,  1.10s/it, lr=5.00e-03, Loss=nan, AvgLoss=nan, Acc=0.22461, AvgAcc=0.22143]143it [01:07,  1.15it/s, lr=5.00e-03, Loss=nan, AvgLoss=nan, Acc=0.22461, AvgAcc=0.22143]143it [01:07,  1.15it/s, lr=5.00e-03, Loss=nan, AvgLoss=nan, Acc=0.25195, AvgAcc=0.22164]144it [01:07,  1.49it/s, lr=5.00e-03, Loss=nan, AvgLoss=nan, Acc=0.25195, AvgAcc=0.22164]144it [01:07,  1.49it/s, lr=5.00e-03, Loss=nan, AvgLoss=nan, Acc=0.21875, AvgAcc=0.22162]145it [01:07,  1.88it/s, lr=5.00e-03, Loss=nan, AvgLoss=nan, Acc=0.21875, AvgAcc=0.22162]145it [01:08,  1.88it/s, lr=5.00e-03, Loss=nan, AvgLoss=nan, Acc=0.23828, AvgAcc=0.22173]146it [01:08,  2.29it/s, lr=5.00e-03, Loss=nan, AvgLoss=nan, Acc=0.23828, AvgAcc=0.22173]146it [01:08,  2.29it/s, lr=5.00e-03, Loss=nan, AvgLoss=nan, Acc=0.20117, AvgAcc=0.22159]147it [01:08,  2.71it/s, lr=5.00e-03, Loss=nan, AvgLoss=nan, Acc=0.20117, AvgAcc=0.22159]147it [01:08,  2.71it/s, lr=5.00e-03, Loss=nan, AvgLoss=nan, Acc=0.24414, AvgAcc=0.22175]148it [01:08,  3.05it/s, lr=5.00e-03, Loss=nan, AvgLoss=nan, Acc=0.24414, AvgAcc=0.22175]148it [01:08,  3.05it/s, lr=5.00e-03, Loss=nan, AvgLoss=nan, Acc=0.23438, AvgAcc=0.22183]149it [01:08,  3.42it/s, lr=5.00e-03, Loss=nan, AvgLoss=nan, Acc=0.23438, AvgAcc=0.22183]149it [01:09,  3.42it/s, lr=5.00e-03, Loss=nan, AvgLoss=nan, Acc=0.23438, AvgAcc=0.22191]150it [01:09,  3.34it/s, lr=5.00e-03, Loss=nan, AvgLoss=nan, Acc=0.23438, AvgAcc=0.22191]150it [01:09,  3.34it/s, lr=5.00e-03, Loss=nan, AvgLoss=nan, Acc=0.21680, AvgAcc=0.22188]151it [01:09,  3.63it/s, lr=5.00e-03, Loss=nan, AvgLoss=nan, Acc=0.21680, AvgAcc=0.22188]151it [01:09,  3.63it/s, lr=5.00e-03, Loss=nan, AvgLoss=nan, Acc=0.20898, AvgAcc=0.22180]152it [01:09,  3.90it/s, lr=5.00e-03, Loss=nan, AvgLoss=nan, Acc=0.20898, AvgAcc=0.22180]152it [01:09,  3.90it/s, lr=5.00e-03, Loss=nan, AvgLoss=nan, Acc=0.24219, AvgAcc=0.22193]153it [01:09,  4.17it/s, lr=5.00e-03, Loss=nan, AvgLoss=nan, Acc=0.24219, AvgAcc=0.22193]153it [01:09,  4.17it/s, lr=5.00e-03, Loss=nan, AvgLoss=nan, Acc=0.25977, AvgAcc=0.22217]154it [01:09,  4.44it/s, lr=5.00e-03, Loss=nan, AvgLoss=nan, Acc=0.25977, AvgAcc=0.22217]154it [01:10,  4.44it/s, lr=5.00e-03, Loss=nan, AvgLoss=nan, Acc=0.21875, AvgAcc=0.22215]155it [01:10,  4.45it/s, lr=5.00e-03, Loss=nan, AvgLoss=nan, Acc=0.21875, AvgAcc=0.22215]155it [01:10,  4.45it/s, lr=5.00e-03, Loss=nan, AvgLoss=nan, Acc=0.24414, AvgAcc=0.22229]156it [01:10,  3.82it/s, lr=5.00e-03, Loss=nan, AvgLoss=nan, Acc=0.24414, AvgAcc=0.22229]156it [01:10,  3.82it/s, lr=5.00e-03, Loss=nan, AvgLoss=nan, Acc=0.23828, AvgAcc=0.22240]157it [01:10,  3.98it/s, lr=5.00e-03, Loss=nan, AvgLoss=nan, Acc=0.23828, AvgAcc=0.22240]157it [01:10,  3.98it/s, lr=5.00e-03, Loss=nan, AvgLoss=nan, Acc=0.19922, AvgAcc=0.22225]158it [01:10,  4.22it/s, lr=5.00e-03, Loss=nan, AvgLoss=nan, Acc=0.19922, AvgAcc=0.22225]158it [01:11,  4.22it/s, lr=5.00e-03, Loss=nan, AvgLoss=nan, Acc=0.21094, AvgAcc=0.22218]159it [01:11,  4.37it/s, lr=5.00e-03, Loss=nan, AvgLoss=nan, Acc=0.21094, AvgAcc=0.22218]159it [01:11,  4.37it/s, lr=5.00e-03, Loss=nan, AvgLoss=nan, Acc=0.22070, AvgAcc=0.22217]160it [01:11,  4.52it/s, lr=5.00e-03, Loss=nan, AvgLoss=nan, Acc=0.22070, AvgAcc=0.22217]160it [01:11,  4.52it/s, lr=5.00e-03, Loss=nan, AvgLoss=nan, Acc=0.23242, AvgAcc=0.22223]161it [01:11,  4.45it/s, lr=5.00e-03, Loss=nan, AvgLoss=nan, Acc=0.23242, AvgAcc=0.22223]161it [01:11,  4.45it/s, lr=5.00e-03, Loss=nan, AvgLoss=nan, Acc=0.21484, AvgAcc=0.22219]162it [01:11,  3.83it/s, lr=5.00e-03, Loss=nan, AvgLoss=nan, Acc=0.21484, AvgAcc=0.22219]162it [01:12,  3.83it/s, lr=5.00e-03, Loss=nan, AvgLoss=nan, Acc=0.23047, AvgAcc=0.22224]163it [01:12,  4.03it/s, lr=5.00e-03, Loss=nan, AvgLoss=nan, Acc=0.23047, AvgAcc=0.22224]163it [01:12,  4.03it/s, lr=5.00e-03, Loss=nan, AvgLoss=nan, Acc=0.21875, AvgAcc=0.22222]164it [01:12,  4.29it/s, lr=5.00e-03, Loss=nan, AvgLoss=nan, Acc=0.21875, AvgAcc=0.22222]164it [01:12,  4.29it/s, lr=5.00e-03, Loss=nan, AvgLoss=nan, Acc=0.20898, AvgAcc=0.22214]165it [01:12,  4.31it/s, lr=5.00e-03, Loss=nan, AvgLoss=nan, Acc=0.20898, AvgAcc=0.22214]165it [01:12,  4.31it/s, lr=5.00e-03, Loss=nan, AvgLoss=nan, Acc=0.22656, AvgAcc=0.22216]166it [01:12,  4.44it/s, lr=5.00e-03, Loss=nan, AvgLoss=nan, Acc=0.22656, AvgAcc=0.22216]166it [01:12,  4.44it/s, lr=5.00e-03, Loss=nan, AvgLoss=nan, Acc=0.20117, AvgAcc=0.22204]167it [01:12,  4.61it/s, lr=5.00e-03, Loss=nan, AvgLoss=nan, Acc=0.20117, AvgAcc=0.22204]167it [01:13,  4.61it/s, lr=5.00e-03, Loss=nan, AvgLoss=nan, Acc=0.24414, AvgAcc=0.22217]168it [01:13,  3.97it/s, lr=5.00e-03, Loss=nan, AvgLoss=nan, Acc=0.24414, AvgAcc=0.22217]168it [01:13,  3.97it/s, lr=5.00e-03, Loss=nan, AvgLoss=nan, Acc=0.19727, AvgAcc=0.22202]169it [01:13,  4.08it/s, lr=5.00e-03, Loss=nan, AvgLoss=nan, Acc=0.19727, AvgAcc=0.22202]169it [01:13,  4.08it/s, lr=5.00e-03, Loss=nan, AvgLoss=nan, Acc=0.18750, AvgAcc=0.22182]170it [01:13,  4.23it/s, lr=5.00e-03, Loss=nan, AvgLoss=nan, Acc=0.18750, AvgAcc=0.22182]170it [01:13,  4.23it/s, lr=5.00e-03, Loss=nan, AvgLoss=nan, Acc=0.21484, AvgAcc=0.22178]171it [01:13,  4.39it/s, lr=5.00e-03, Loss=nan, AvgLoss=nan, Acc=0.21484, AvgAcc=0.22178]171it [01:14,  4.39it/s, lr=5.00e-03, Loss=nan, AvgLoss=nan, Acc=0.20312, AvgAcc=0.22167]172it [01:14,  4.54it/s, lr=5.00e-03, Loss=nan, AvgLoss=nan, Acc=0.20312, AvgAcc=0.22167]172it [01:14,  4.54it/s, lr=5.00e-03, Loss=nan, AvgLoss=nan, Acc=0.22852, AvgAcc=0.22171]173it [01:14,  4.65it/s, lr=5.00e-03, Loss=nan, AvgLoss=nan, Acc=0.22852, AvgAcc=0.22171]173it [01:14,  4.65it/s, lr=5.00e-03, Loss=nan, AvgLoss=nan, Acc=0.21094, AvgAcc=0.22165]174it [01:14,  3.89it/s, lr=5.00e-03, Loss=nan, AvgLoss=nan, Acc=0.21094, AvgAcc=0.22165]174it [01:14,  3.89it/s, lr=5.00e-03, Loss=nan, AvgLoss=nan, Acc=0.23047, AvgAcc=0.22170]175it [01:14,  4.18it/s, lr=5.00e-03, Loss=nan, AvgLoss=nan, Acc=0.23047, AvgAcc=0.22170]175it [01:15,  4.18it/s, lr=5.00e-03, Loss=nan, AvgLoss=nan, Acc=0.22656, AvgAcc=0.22172]176it [01:15,  4.33it/s, lr=5.00e-03, Loss=nan, AvgLoss=nan, Acc=0.22656, AvgAcc=0.22172]176it [01:24,  4.33it/s, lr=5.00e-03, Loss=nan, AvgLoss=nan, Acc=0.20312, AvgAcc=0.22162]177it [01:24,  2.98s/it, lr=5.00e-03, Loss=nan, AvgLoss=nan, Acc=0.20312, AvgAcc=0.22162]177it [01:24,  2.98s/it, lr=5.00e-03, Loss=nan, AvgLoss=nan, Acc=0.23047, AvgAcc=0.22167]178it [01:24,  2.16s/it, lr=5.00e-03, Loss=nan, AvgLoss=nan, Acc=0.23047, AvgAcc=0.22167]178it [01:25,  2.16s/it, lr=5.00e-03, Loss=nan, AvgLoss=nan, Acc=0.22070, AvgAcc=0.22166]179it [01:25,  1.62s/it, lr=5.00e-03, Loss=nan, AvgLoss=nan, Acc=0.22070, AvgAcc=0.22166]179it [01:25,  1.62s/it, lr=5.00e-03, Loss=nan, AvgLoss=nan, Acc=0.20703, AvgAcc=0.22158]180it [01:25,  1.19s/it, lr=5.00e-03, Loss=nan, AvgLoss=nan, Acc=0.20703, AvgAcc=0.22158]180it [01:25,  1.19s/it, lr=5.00e-03, Loss=nan, AvgLoss=nan, Acc=0.21289, AvgAcc=0.22153]181it [01:25,  1.11it/s, lr=5.00e-03, Loss=nan, AvgLoss=nan, Acc=0.21289, AvgAcc=0.22153]181it [01:25,  1.11it/s, lr=5.00e-03, Loss=nan, AvgLoss=nan, Acc=0.18750, AvgAcc=0.22135]182it [01:25,  1.45it/s, lr=5.00e-03, Loss=nan, AvgLoss=nan, Acc=0.18750, AvgAcc=0.22135]182it [01:25,  1.45it/s, lr=5.00e-03, Loss=nan, AvgLoss=nan, Acc=0.22461, AvgAcc=0.22136]183it [01:25,  1.84it/s, lr=5.00e-03, Loss=nan, AvgLoss=nan, Acc=0.22461, AvgAcc=0.22136]183it [01:26,  1.84it/s, lr=5.00e-03, Loss=nan, AvgLoss=nan, Acc=0.20898, AvgAcc=0.22130]184it [01:26,  2.25it/s, lr=5.00e-03, Loss=nan, AvgLoss=nan, Acc=0.20898, AvgAcc=0.22130]184it [01:26,  2.25it/s, lr=5.00e-03, Loss=nan, AvgLoss=nan, Acc=0.23828, AvgAcc=0.22139]185it [01:26,  2.44it/s, lr=5.00e-03, Loss=nan, AvgLoss=nan, Acc=0.23828, AvgAcc=0.22139]185it [01:26,  2.44it/s, lr=5.00e-03, Loss=nan, AvgLoss=nan, Acc=0.17969, AvgAcc=0.22117]186it [01:26,  2.84it/s, lr=5.00e-03, Loss=nan, AvgLoss=nan, Acc=0.17969, AvgAcc=0.22117]186it [01:26,  2.84it/s, lr=5.00e-03, Loss=nan, AvgLoss=nan, Acc=0.20312, AvgAcc=0.22107]187it [01:26,  3.26it/s, lr=5.00e-03, Loss=nan, AvgLoss=nan, Acc=0.20312, AvgAcc=0.22107]187it [01:27,  3.26it/s, lr=5.00e-03, Loss=nan, AvgLoss=nan, Acc=0.23633, AvgAcc=0.22115]188it [01:27,  3.58it/s, lr=5.00e-03, Loss=nan, AvgLoss=nan, Acc=0.23633, AvgAcc=0.22115]188it [01:27,  3.58it/s, lr=5.00e-03, Loss=nan, AvgLoss=nan, Acc=0.24219, AvgAcc=0.22126]189it [01:27,  3.84it/s, lr=5.00e-03, Loss=nan, AvgLoss=nan, Acc=0.24219, AvgAcc=0.22126]189it [01:27,  3.84it/s, lr=5.00e-03, Loss=nan, AvgLoss=nan, Acc=0.21094, AvgAcc=0.22121]190it [01:27,  4.15it/s, lr=5.00e-03, Loss=nan, AvgLoss=nan, Acc=0.21094, AvgAcc=0.22121]190it [01:27,  4.15it/s, lr=5.00e-03, Loss=nan, AvgLoss=nan, Acc=0.25586, AvgAcc=0.22139]191it [01:27,  3.64it/s, lr=5.00e-03, Loss=nan, AvgLoss=nan, Acc=0.25586, AvgAcc=0.22139]191it [01:28,  3.64it/s, lr=5.00e-03, Loss=nan, AvgLoss=nan, Acc=0.22656, AvgAcc=0.22142]192it [01:28,  3.90it/s, lr=5.00e-03, Loss=nan, AvgLoss=nan, Acc=0.22656, AvgAcc=0.22142]192it [01:28,  3.90it/s, lr=5.00e-03, Loss=nan, AvgLoss=nan, Acc=0.24023, AvgAcc=0.22151]193it [01:28,  3.93it/s, lr=5.00e-03, Loss=nan, AvgLoss=nan, Acc=0.24023, AvgAcc=0.22151]193it [01:28,  3.93it/s, lr=5.00e-03, Loss=nan, AvgLoss=nan, Acc=0.20312, AvgAcc=0.22142]194it [01:28,  4.21it/s, lr=5.00e-03, Loss=nan, AvgLoss=nan, Acc=0.20312, AvgAcc=0.22142]194it [01:28,  4.21it/s, lr=5.00e-03, Loss=nan, AvgLoss=nan, Acc=0.22070, AvgAcc=0.22141]195it [01:28,  4.32it/s, lr=5.00e-03, Loss=nan, AvgLoss=nan, Acc=0.22070, AvgAcc=0.22141]195it [01:28,  4.32it/s, lr=5.00e-03, Loss=nan, AvgLoss=nan, Acc=0.20703, AvgAcc=0.22134]196it [01:28,  4.41it/s, lr=5.00e-03, Loss=nan, AvgLoss=nan, Acc=0.20703, AvgAcc=0.22134]196it [01:29,  4.41it/s, lr=5.00e-03, Loss=nan, AvgLoss=nan, Acc=0.22656, AvgAcc=0.22137]197it [01:29,  3.73it/s, lr=5.00e-03, Loss=nan, AvgLoss=nan, Acc=0.22656, AvgAcc=0.22137]197it [01:29,  3.73it/s, lr=5.00e-03, Loss=nan, AvgLoss=nan, Acc=0.19727, AvgAcc=0.22125]198it [01:29,  4.01it/s, lr=5.00e-03, Loss=nan, AvgLoss=nan, Acc=0.19727, AvgAcc=0.22125]198it [01:29,  4.01it/s, lr=5.00e-03, Loss=nan, AvgLoss=nan, Acc=0.20508, AvgAcc=0.22116]199it [01:29,  4.15it/s, lr=5.00e-03, Loss=nan, AvgLoss=nan, Acc=0.20508, AvgAcc=0.22116]199it [01:29,  4.15it/s, lr=5.00e-03, Loss=nan, AvgLoss=nan, Acc=0.22070, AvgAcc=0.22116]200it [01:29,  4.35it/s, lr=5.00e-03, Loss=nan, AvgLoss=nan, Acc=0.22070, AvgAcc=0.22116]200it [01:30,  4.35it/s, lr=5.00e-03, Loss=nan, AvgLoss=nan, Acc=0.21680, AvgAcc=0.22114]201it [01:30,  4.39it/s, lr=5.00e-03, Loss=nan, AvgLoss=nan, Acc=0.21680, AvgAcc=0.22114]201it [01:30,  4.39it/s, lr=5.00e-03, Loss=nan, AvgLoss=nan, Acc=0.22266, AvgAcc=0.22115]202it [01:30,  3.87it/s, lr=5.00e-03, Loss=nan, AvgLoss=nan, Acc=0.22266, AvgAcc=0.22115]202it [01:30,  3.87it/s, lr=5.00e-03, Loss=nan, AvgLoss=nan, Acc=0.22070, AvgAcc=0.22115]203it [01:30,  4.11it/s, lr=5.00e-03, Loss=nan, AvgLoss=nan, Acc=0.22070, AvgAcc=0.22115]203it [01:30,  4.11it/s, lr=5.00e-03, Loss=nan, AvgLoss=nan, Acc=0.23047, AvgAcc=0.22119]204it [01:30,  4.15it/s, lr=5.00e-03, Loss=nan, AvgLoss=nan, Acc=0.23047, AvgAcc=0.22119]204it [01:31,  4.15it/s, lr=5.00e-03, Loss=nan, AvgLoss=nan, Acc=0.22852, AvgAcc=0.22123]205it [01:31,  4.32it/s, lr=5.00e-03, Loss=nan, AvgLoss=nan, Acc=0.22852, AvgAcc=0.22123]205it [01:31,  4.32it/s, lr=5.00e-03, Loss=nan, AvgLoss=nan, Acc=0.21484, AvgAcc=0.22120]206it [01:31,  4.40it/s, lr=5.00e-03, Loss=nan, AvgLoss=nan, Acc=0.21484, AvgAcc=0.22120]206it [01:31,  4.40it/s, lr=5.00e-03, Loss=nan, AvgLoss=nan, Acc=0.23438, AvgAcc=0.22126]207it [01:31,  4.51it/s, lr=5.00e-03, Loss=nan, AvgLoss=nan, Acc=0.23438, AvgAcc=0.22126]207it [01:31,  4.51it/s, lr=5.00e-03, Loss=nan, AvgLoss=nan, Acc=0.21484, AvgAcc=0.22123]208it [01:31,  4.62it/s, lr=5.00e-03, Loss=nan, AvgLoss=nan, Acc=0.21484, AvgAcc=0.22123]208it [01:32,  4.62it/s, lr=5.00e-03, Loss=nan, AvgLoss=nan, Acc=0.21484, AvgAcc=0.22120]209it [01:32,  3.90it/s, lr=5.00e-03, Loss=nan, AvgLoss=nan, Acc=0.21484, AvgAcc=0.22120]209it [01:32,  3.90it/s, lr=5.00e-03, Loss=nan, AvgLoss=nan, Acc=0.25195, AvgAcc=0.22134]210it [01:32,  4.15it/s, lr=5.00e-03, Loss=nan, AvgLoss=nan, Acc=0.25195, AvgAcc=0.22134]210it [01:32,  4.15it/s, lr=5.00e-03, Loss=nan, AvgLoss=nan, Acc=0.17188, AvgAcc=0.22111]211it [01:32,  4.28it/s, lr=5.00e-03, Loss=nan, AvgLoss=nan, Acc=0.17188, AvgAcc=0.22111]211it [01:32,  4.28it/s, lr=5.00e-03, Loss=nan, AvgLoss=nan, Acc=0.18945, AvgAcc=0.22096]212it [01:32,  4.24it/s, lr=5.00e-03, Loss=nan, AvgLoss=nan, Acc=0.18945, AvgAcc=0.22096]212it [01:32,  4.24it/s, lr=5.00e-03, Loss=nan, AvgLoss=nan, Acc=0.21680, AvgAcc=0.22094]213it [01:32,  4.46it/s, lr=5.00e-03, Loss=nan, AvgLoss=nan, Acc=0.21680, AvgAcc=0.22094]213it [01:33,  4.46it/s, lr=5.00e-03, Loss=nan, AvgLoss=nan, Acc=0.19531, AvgAcc=0.22082]214it [01:33,  4.52it/s, lr=5.00e-03, Loss=nan, AvgLoss=nan, Acc=0.19531, AvgAcc=0.22082]214it [01:42,  4.52it/s, lr=5.00e-03, Loss=nan, AvgLoss=nan, Acc=0.24609, AvgAcc=0.22094]215it [01:42,  2.90s/it, lr=5.00e-03, Loss=nan, AvgLoss=nan, Acc=0.24609, AvgAcc=0.22094]215it [01:42,  2.90s/it, lr=5.00e-03, Loss=nan, AvgLoss=nan, Acc=0.25000, AvgAcc=0.22107]216it [01:42,  2.10s/it, lr=5.00e-03, Loss=nan, AvgLoss=nan, Acc=0.25000, AvgAcc=0.22107]216it [01:42,  2.10s/it, lr=5.00e-03, Loss=nan, AvgLoss=nan, Acc=0.22656, AvgAcc=0.22110]217it [01:42,  1.54s/it, lr=5.00e-03, Loss=nan, AvgLoss=nan, Acc=0.22656, AvgAcc=0.22110]217it [01:42,  1.54s/it, lr=5.00e-03, Loss=nan, AvgLoss=nan, Acc=0.21094, AvgAcc=0.22105]218it [01:42,  1.14s/it, lr=5.00e-03, Loss=nan, AvgLoss=nan, Acc=0.21094, AvgAcc=0.22105]218it [01:43,  1.14s/it, lr=5.00e-03, Loss=nan, AvgLoss=nan, Acc=0.22266, AvgAcc=0.22106]219it [01:43,  1.17it/s, lr=5.00e-03, Loss=nan, AvgLoss=nan, Acc=0.22266, AvgAcc=0.22106]219it [01:43,  1.17it/s, lr=5.00e-03, Loss=nan, AvgLoss=nan, Acc=0.19336, AvgAcc=0.22093]220it [01:43,  1.49it/s, lr=5.00e-03, Loss=nan, AvgLoss=nan, Acc=0.19336, AvgAcc=0.22093]220it [01:43,  1.49it/s, lr=5.00e-03, Loss=nan, AvgLoss=nan, Acc=0.22266, AvgAcc=0.22094]221it [01:43,  1.72it/s, lr=5.00e-03, Loss=nan, AvgLoss=nan, Acc=0.22266, AvgAcc=0.22094]221it [01:44,  1.72it/s, lr=5.00e-03, Loss=nan, AvgLoss=nan, Acc=0.22461, AvgAcc=0.22096]222it [01:44,  2.09it/s, lr=5.00e-03, Loss=nan, AvgLoss=nan, Acc=0.22461, AvgAcc=0.22096]222it [01:44,  2.09it/s, lr=5.00e-03, Loss=nan, AvgLoss=nan, Acc=0.21680, AvgAcc=0.22094]223it [01:44,  2.51it/s, lr=5.00e-03, Loss=nan, AvgLoss=nan, Acc=0.21680, AvgAcc=0.22094]223it [01:44,  2.51it/s, lr=5.00e-03, Loss=nan, AvgLoss=nan, Acc=0.20898, AvgAcc=0.22089]224it [01:44,  2.94it/s, lr=5.00e-03, Loss=nan, AvgLoss=nan, Acc=0.20898, AvgAcc=0.22089]224it [01:44,  2.94it/s, lr=5.00e-03, Loss=nan, AvgLoss=nan, Acc=0.23438, AvgAcc=0.22095]225it [01:44,  3.37it/s, lr=5.00e-03, Loss=nan, AvgLoss=nan, Acc=0.23438, AvgAcc=0.22095]225it [01:44,  3.37it/s, lr=5.00e-03, Loss=nan, AvgLoss=nan, Acc=0.19336, AvgAcc=0.22082]226it [01:44,  3.26it/s, lr=5.00e-03, Loss=nan, AvgLoss=nan, Acc=0.19336, AvgAcc=0.22082]226it [01:45,  3.26it/s, lr=5.00e-03, Loss=nan, AvgLoss=nan, Acc=0.24023, AvgAcc=0.22091]227it [01:45,  3.58it/s, lr=5.00e-03, Loss=nan, AvgLoss=nan, Acc=0.24023, AvgAcc=0.22091]227it [01:45,  3.58it/s, lr=5.00e-03, Loss=nan, AvgLoss=nan, Acc=0.22266, AvgAcc=0.22092]228it [01:45,  3.87it/s, lr=5.00e-03, Loss=nan, AvgLoss=nan, Acc=0.22266, AvgAcc=0.22092]228it [01:45,  3.87it/s, lr=5.00e-03, Loss=nan, AvgLoss=nan, Acc=0.18945, AvgAcc=0.22078]229it [01:45,  4.15it/s, lr=5.00e-03, Loss=nan, AvgLoss=nan, Acc=0.18945, AvgAcc=0.22078]229it [01:45,  4.15it/s, lr=5.00e-03, Loss=nan, AvgLoss=nan, Acc=0.21680, AvgAcc=0.22076]230it [01:45,  4.18it/s, lr=5.00e-03, Loss=nan, AvgLoss=nan, Acc=0.21680, AvgAcc=0.22076]230it [01:46,  4.18it/s, lr=5.00e-03, Loss=nan, AvgLoss=nan, Acc=0.22656, AvgAcc=0.22079]231it [01:46,  4.34it/s, lr=5.00e-03, Loss=nan, AvgLoss=nan, Acc=0.22656, AvgAcc=0.22079]231it [01:46,  4.34it/s, lr=5.00e-03, Loss=nan, AvgLoss=nan, Acc=0.25391, AvgAcc=0.22093]232it [01:46,  4.58it/s, lr=5.00e-03, Loss=nan, AvgLoss=nan, Acc=0.25391, AvgAcc=0.22093]232it [01:46,  4.58it/s, lr=5.00e-03, Loss=nan, AvgLoss=nan, Acc=0.22656, AvgAcc=0.22095]233it [01:46,  3.79it/s, lr=5.00e-03, Loss=nan, AvgLoss=nan, Acc=0.22656, AvgAcc=0.22095]233it [01:46,  3.79it/s, lr=5.00e-03, Loss=nan, AvgLoss=nan, Acc=0.22070, AvgAcc=0.22095]234it [01:46,  4.00it/s, lr=5.00e-03, Loss=nan, AvgLoss=nan, Acc=0.22070, AvgAcc=0.22095]234it [01:47,  4.00it/s, lr=5.00e-03, Loss=nan, AvgLoss=nan, Acc=0.20312, AvgAcc=0.22088]235it [01:47,  4.22it/s, lr=5.00e-03, Loss=nan, AvgLoss=nan, Acc=0.20312, AvgAcc=0.22088]235it [01:47,  4.22it/s, lr=5.00e-03, Loss=nan, AvgLoss=nan, Acc=0.22656, AvgAcc=0.22090]236it [01:47,  4.53it/s, lr=5.00e-03, Loss=nan, AvgLoss=nan, Acc=0.22656, AvgAcc=0.22090]236it [01:47,  4.53it/s, lr=5.00e-03, Loss=nan, AvgLoss=nan, Acc=0.21875, AvgAcc=0.22089]237it [01:47,  4.51it/s, lr=5.00e-03, Loss=nan, AvgLoss=nan, Acc=0.21875, AvgAcc=0.22089]237it [01:47,  4.51it/s, lr=5.00e-03, Loss=nan, AvgLoss=nan, Acc=0.23633, AvgAcc=0.22096]238it [01:47,  4.64it/s, lr=5.00e-03, Loss=nan, AvgLoss=nan, Acc=0.23633, AvgAcc=0.22096]238it [01:47,  4.64it/s, lr=5.00e-03, Loss=nan, AvgLoss=nan, Acc=0.20898, AvgAcc=0.22091]239it [01:47,  3.96it/s, lr=5.00e-03, Loss=nan, AvgLoss=nan, Acc=0.20898, AvgAcc=0.22091]239it [01:48,  3.96it/s, lr=5.00e-03, Loss=nan, AvgLoss=nan, Acc=0.21875, AvgAcc=0.22090]240it [01:48,  4.18it/s, lr=5.00e-03, Loss=nan, AvgLoss=nan, Acc=0.21875, AvgAcc=0.22090]240it [01:48,  4.18it/s, lr=5.00e-03, Loss=nan, AvgLoss=nan, Acc=0.20117, AvgAcc=0.22082]241it [01:48,  4.30it/s, lr=5.00e-03, Loss=nan, AvgLoss=nan, Acc=0.20117, AvgAcc=0.22082]241it [01:48,  4.30it/s, lr=5.00e-03, Loss=nan, AvgLoss=nan, Acc=0.21875, AvgAcc=0.22081]242it [01:48,  4.40it/s, lr=5.00e-03, Loss=nan, AvgLoss=nan, Acc=0.21875, AvgAcc=0.22081]242it [01:48,  4.40it/s, lr=5.00e-03, Loss=nan, AvgLoss=nan, Acc=0.20312, AvgAcc=0.22074]243it [01:48,  4.50it/s, lr=5.00e-03, Loss=nan, AvgLoss=nan, Acc=0.20312, AvgAcc=0.22074]243it [01:49,  4.50it/s, lr=5.00e-03, Loss=nan, AvgLoss=nan, Acc=0.23828, AvgAcc=0.22081]244it [01:49,  4.68it/s, lr=5.00e-03, Loss=nan, AvgLoss=nan, Acc=0.23828, AvgAcc=0.22081]244it [01:49,  4.68it/s, lr=5.00e-03, Loss=nan, AvgLoss=nan, Acc=0.21484, AvgAcc=0.22078]245it [01:49,  4.09it/s, lr=5.00e-03, Loss=nan, AvgLoss=nan, Acc=0.21484, AvgAcc=0.22078]245it [01:49,  4.09it/s, lr=5.00e-03, Loss=nan, AvgLoss=nan, Acc=0.20312, AvgAcc=0.22071]246it [01:49,  4.20it/s, lr=5.00e-03, Loss=nan, AvgLoss=nan, Acc=0.20312, AvgAcc=0.22071]246it [01:49,  4.20it/s, lr=5.00e-03, Loss=nan, AvgLoss=nan, Acc=0.22266, AvgAcc=0.22072]247it [01:49,  4.45it/s, lr=5.00e-03, Loss=nan, AvgLoss=nan, Acc=0.22266, AvgAcc=0.22072]247it [01:49,  4.45it/s, lr=5.00e-03, Loss=nan, AvgLoss=nan, Acc=0.21875, AvgAcc=0.22071]248it [01:49,  4.49it/s, lr=5.00e-03, Loss=nan, AvgLoss=nan, Acc=0.21875, AvgAcc=0.22071]248it [01:50,  4.49it/s, lr=5.00e-03, Loss=nan, AvgLoss=nan, Acc=0.20898, AvgAcc=0.22066]249it [01:50,  4.55it/s, lr=5.00e-03, Loss=nan, AvgLoss=nan, Acc=0.20898, AvgAcc=0.22066]249it [01:50,  4.55it/s, lr=5.00e-03, Loss=nan, AvgLoss=nan, Acc=0.21094, AvgAcc=0.22062]250it [01:50,  4.48it/s, lr=5.00e-03, Loss=nan, AvgLoss=nan, Acc=0.21094, AvgAcc=0.22062]250it [01:50,  4.48it/s, lr=5.00e-03, Loss=nan, AvgLoss=nan, Acc=0.23438, AvgAcc=0.22068]251it [01:50,  3.80it/s, lr=5.00e-03, Loss=nan, AvgLoss=nan, Acc=0.23438, AvgAcc=0.22068]251it [01:50,  3.80it/s, lr=5.00e-03, Loss=nan, AvgLoss=nan, Acc=0.22266, AvgAcc=0.22069]252it [01:50,  3.98it/s, lr=5.00e-03, Loss=nan, AvgLoss=nan, Acc=0.22266, AvgAcc=0.22069]252it [02:00,  3.98it/s, lr=5.00e-03, Loss=nan, AvgLoss=nan, Acc=0.21875, AvgAcc=0.22068]253it [02:00,  2.93s/it, lr=5.00e-03, Loss=nan, AvgLoss=nan, Acc=0.21875, AvgAcc=0.22068]253it [02:00,  2.93s/it, lr=5.00e-03, Loss=nan, AvgLoss=nan, Acc=0.22461, AvgAcc=0.22070]254it [02:00,  2.12s/it, lr=5.00e-03, Loss=nan, AvgLoss=nan, Acc=0.22461, AvgAcc=0.22070]254it [02:00,  2.12s/it, lr=5.00e-03, Loss=nan, AvgLoss=nan, Acc=0.17383, AvgAcc=0.22051]255it [02:00,  1.54s/it, lr=5.00e-03, Loss=nan, AvgLoss=nan, Acc=0.17383, AvgAcc=0.22051]255it [02:00,  1.54s/it, lr=5.00e-03, Loss=nan, AvgLoss=nan, Acc=0.22266, AvgAcc=0.22052]256it [02:00,  1.15s/it, lr=5.00e-03, Loss=nan, AvgLoss=nan, Acc=0.22266, AvgAcc=0.22052]256it [02:01,  1.15s/it, lr=5.00e-03, Loss=nan, AvgLoss=nan, Acc=0.18359, AvgAcc=0.22038]257it [02:01,  1.09it/s, lr=5.00e-03, Loss=nan, AvgLoss=nan, Acc=0.18359, AvgAcc=0.22038]257it [02:01,  1.09it/s, lr=5.00e-03, Loss=nan, AvgLoss=nan, Acc=0.19336, AvgAcc=0.22027]258it [02:01,  1.41it/s, lr=5.00e-03, Loss=nan, AvgLoss=nan, Acc=0.19336, AvgAcc=0.22027]258it [02:01,  1.41it/s, lr=5.00e-03, Loss=nan, AvgLoss=nan, Acc=0.19531, AvgAcc=0.22018]259it [02:01,  1.78it/s, lr=5.00e-03, Loss=nan, AvgLoss=nan, Acc=0.19531, AvgAcc=0.22018]259it [02:01,  1.78it/s, lr=5.00e-03, Loss=nan, AvgLoss=nan, Acc=0.23047, AvgAcc=0.22021]260it [02:01,  2.21it/s, lr=5.00e-03, Loss=nan, AvgLoss=nan, Acc=0.23047, AvgAcc=0.22021]260it [02:02,  2.21it/s, lr=5.00e-03, Loss=nan, AvgLoss=nan, Acc=0.21680, AvgAcc=0.22020]261it [02:02,  2.62it/s, lr=5.00e-03, Loss=nan, AvgLoss=nan, Acc=0.21680, AvgAcc=0.22020]261it [02:02,  2.62it/s, lr=5.00e-03, Loss=nan, AvgLoss=nan, Acc=0.21094, AvgAcc=0.22017]262it [02:02,  2.80it/s, lr=5.00e-03, Loss=nan, AvgLoss=nan, Acc=0.21094, AvgAcc=0.22017]262it [02:02,  2.80it/s, lr=5.00e-03, Loss=nan, AvgLoss=nan, Acc=0.20508, AvgAcc=0.22011]263it [02:02,  3.08it/s, lr=5.00e-03, Loss=nan, AvgLoss=nan, Acc=0.20508, AvgAcc=0.22011]263it [02:02,  3.08it/s, lr=5.00e-03, Loss=nan, AvgLoss=nan, Acc=0.21875, AvgAcc=0.22010]264it [02:02,  3.42it/s, lr=5.00e-03, Loss=nan, AvgLoss=nan, Acc=0.21875, AvgAcc=0.22010]264it [02:03,  3.42it/s, lr=5.00e-03, Loss=nan, AvgLoss=nan, Acc=0.21094, AvgAcc=0.22007]265it [02:03,  3.66it/s, lr=5.00e-03, Loss=nan, AvgLoss=nan, Acc=0.21094, AvgAcc=0.22007]265it [02:03,  3.66it/s, lr=5.00e-03, Loss=nan, AvgLoss=nan, Acc=0.21289, AvgAcc=0.22004]266it [02:03,  4.00it/s, lr=5.00e-03, Loss=nan, AvgLoss=nan, Acc=0.21289, AvgAcc=0.22004]266it [02:03,  4.00it/s, lr=5.00e-03, Loss=nan, AvgLoss=nan, Acc=0.21680, AvgAcc=0.22003]267it [02:03,  4.24it/s, lr=5.00e-03, Loss=nan, AvgLoss=nan, Acc=0.21680, AvgAcc=0.22003]267it [02:03,  4.24it/s, lr=5.00e-03, Loss=nan, AvgLoss=nan, Acc=0.19727, AvgAcc=0.21995]268it [02:03,  4.44it/s, lr=5.00e-03, Loss=nan, AvgLoss=nan, Acc=0.19727, AvgAcc=0.21995]268it [02:03,  4.44it/s, lr=5.00e-03, Loss=nan, AvgLoss=nan, Acc=0.22266, AvgAcc=0.21996]269it [02:03,  3.85it/s, lr=5.00e-03, Loss=nan, AvgLoss=nan, Acc=0.22266, AvgAcc=0.21996]269it [02:04,  3.85it/s, lr=5.00e-03, Loss=nan, AvgLoss=nan, Acc=0.23242, AvgAcc=0.22000]270it [02:04,  4.06it/s, lr=5.00e-03, Loss=nan, AvgLoss=nan, Acc=0.23242, AvgAcc=0.22000]270it [02:04,  4.06it/s, lr=5.00e-03, Loss=nan, AvgLoss=nan, Acc=0.25391, AvgAcc=0.22013]271it [02:04,  4.33it/s, lr=5.00e-03, Loss=nan, AvgLoss=nan, Acc=0.25391, AvgAcc=0.22013]271it [02:04,  4.33it/s, lr=5.00e-03, Loss=nan, AvgLoss=nan, Acc=0.24219, AvgAcc=0.22021]272it [02:04,  4.54it/s, lr=5.00e-03, Loss=nan, AvgLoss=nan, Acc=0.24219, AvgAcc=0.22021]272it [02:04,  4.54it/s, lr=5.00e-03, Loss=nan, AvgLoss=nan, Acc=0.19922, AvgAcc=0.22013]273it [02:04,  4.54it/s, lr=5.00e-03, Loss=nan, AvgLoss=nan, Acc=0.19922, AvgAcc=0.22013]273it [02:05,  4.54it/s, lr=5.00e-03, Loss=nan, AvgLoss=nan, Acc=0.19727, AvgAcc=0.22005]274it [02:05,  4.49it/s, lr=5.00e-03, Loss=nan, AvgLoss=nan, Acc=0.19727, AvgAcc=0.22005]274it [02:05,  4.49it/s, lr=5.00e-03, Loss=nan, AvgLoss=nan, Acc=0.19336, AvgAcc=0.21995]275it [02:05,  3.74it/s, lr=5.00e-03, Loss=nan, AvgLoss=nan, Acc=0.19336, AvgAcc=0.21995]275it [02:05,  3.74it/s, lr=5.00e-03, Loss=nan, AvgLoss=nan, Acc=0.19727, AvgAcc=0.21987]276it [02:05,  4.05it/s, lr=5.00e-03, Loss=nan, AvgLoss=nan, Acc=0.19727, AvgAcc=0.21987]276it [02:05,  4.05it/s, lr=5.00e-03, Loss=nan, AvgLoss=nan, Acc=0.21875, AvgAcc=0.21986]277it [02:05,  4.20it/s, lr=5.00e-03, Loss=nan, AvgLoss=nan, Acc=0.21875, AvgAcc=0.21986]277it [02:06,  4.20it/s, lr=5.00e-03, Loss=nan, AvgLoss=nan, Acc=0.22266, AvgAcc=0.21987]278it [02:06,  4.28it/s, lr=5.00e-03, Loss=nan, AvgLoss=nan, Acc=0.22266, AvgAcc=0.21987]278it [02:06,  4.28it/s, lr=5.00e-03, Loss=nan, AvgLoss=nan, Acc=0.23633, AvgAcc=0.21993]279it [02:06,  4.38it/s, lr=5.00e-03, Loss=nan, AvgLoss=nan, Acc=0.23633, AvgAcc=0.21993]279it [02:06,  4.38it/s, lr=5.00e-03, Loss=nan, AvgLoss=nan, Acc=0.20898, AvgAcc=0.21989]280it [02:06,  3.76it/s, lr=5.00e-03, Loss=nan, AvgLoss=nan, Acc=0.20898, AvgAcc=0.21989]280it [02:06,  3.76it/s, lr=5.00e-03, Loss=nan, AvgLoss=nan, Acc=0.17383, AvgAcc=0.21973]281it [02:06,  4.04it/s, lr=5.00e-03, Loss=nan, AvgLoss=nan, Acc=0.17383, AvgAcc=0.21973]281it [02:07,  4.04it/s, lr=5.00e-03, Loss=nan, AvgLoss=nan, Acc=0.22070, AvgAcc=0.21973]282it [02:07,  4.18it/s, lr=5.00e-03, Loss=nan, AvgLoss=nan, Acc=0.22070, AvgAcc=0.21973]282it [02:07,  4.18it/s, lr=5.00e-03, Loss=nan, AvgLoss=nan, Acc=0.22656, AvgAcc=0.21976]283it [02:07,  4.36it/s, lr=5.00e-03, Loss=nan, AvgLoss=nan, Acc=0.22656, AvgAcc=0.21976]283it [02:07,  4.36it/s, lr=5.00e-03, Loss=nan, AvgLoss=nan, Acc=0.22656, AvgAcc=0.21978]284it [02:07,  4.49it/s, lr=5.00e-03, Loss=nan, AvgLoss=nan, Acc=0.22656, AvgAcc=0.21978]284it [02:07,  4.49it/s, lr=5.00e-03, Loss=nan, AvgLoss=nan, Acc=0.20508, AvgAcc=0.21973]285it [02:07,  4.65it/s, lr=5.00e-03, Loss=nan, AvgLoss=nan, Acc=0.20508, AvgAcc=0.21973]285it [02:07,  4.65it/s, lr=5.00e-03, Loss=nan, AvgLoss=nan, Acc=0.21094, AvgAcc=0.21970]286it [02:07,  4.61it/s, lr=5.00e-03, Loss=nan, AvgLoss=nan, Acc=0.21094, AvgAcc=0.21970]286it [02:08,  4.61it/s, lr=5.00e-03, Loss=nan, AvgLoss=nan, Acc=0.20117, AvgAcc=0.21963]287it [02:08,  3.70it/s, lr=5.00e-03, Loss=nan, AvgLoss=nan, Acc=0.20117, AvgAcc=0.21963]287it [02:08,  3.70it/s, lr=5.00e-03, Loss=nan, AvgLoss=nan, Acc=0.20312, AvgAcc=0.21958]288it [02:08,  3.74it/s, lr=5.00e-03, Loss=nan, AvgLoss=nan, Acc=0.20312, AvgAcc=0.21958]288it [02:08,  3.74it/s, lr=5.00e-03, Loss=nan, AvgLoss=nan, Acc=0.21484, AvgAcc=0.21956]289it [02:08,  4.06it/s, lr=5.00e-03, Loss=nan, AvgLoss=nan, Acc=0.21484, AvgAcc=0.21956]289it [02:08,  4.06it/s, lr=5.00e-03, Loss=nan, AvgLoss=nan, Acc=0.22656, AvgAcc=0.21959]290it [02:08,  4.17it/s, lr=5.00e-03, Loss=nan, AvgLoss=nan, Acc=0.22656, AvgAcc=0.21959]290it [02:18,  4.17it/s, lr=5.00e-03, Loss=nan, AvgLoss=nan, Acc=0.22852, AvgAcc=0.21962]291it [02:18,  2.92s/it, lr=5.00e-03, Loss=nan, AvgLoss=nan, Acc=0.22852, AvgAcc=0.21962]291it [02:18,  2.92s/it, lr=5.00e-03, Loss=nan, AvgLoss=nan, Acc=0.23633, AvgAcc=0.21967]292it [02:18,  2.17s/it, lr=5.00e-03, Loss=nan, AvgLoss=nan, Acc=0.23633, AvgAcc=0.21967]292it [02:18,  2.17s/it, lr=5.00e-03, Loss=nan, AvgLoss=nan, Acc=0.18555, AvgAcc=0.21956]293it [02:18,  1.58s/it, lr=5.00e-03, Loss=nan, AvgLoss=nan, Acc=0.18555, AvgAcc=0.21956]293it [02:18,  1.58s/it, lr=5.00e-03, Loss=nan, AvgLoss=nan, Acc=0.23242, AvgAcc=0.21960]294it [02:18,  1.17s/it, lr=5.00e-03, Loss=nan, AvgLoss=nan, Acc=0.23242, AvgAcc=0.21960]294it [02:19,  1.17s/it, lr=5.00e-03, Loss=nan, AvgLoss=nan, Acc=0.24023, AvgAcc=0.21967]295it [02:19,  1.13it/s, lr=5.00e-03, Loss=nan, AvgLoss=nan, Acc=0.24023, AvgAcc=0.21967]295it [02:19,  1.13it/s, lr=5.00e-03, Loss=nan, AvgLoss=nan, Acc=0.22070, AvgAcc=0.21967]296it [02:19,  1.47it/s, lr=5.00e-03, Loss=nan, AvgLoss=nan, Acc=0.22070, AvgAcc=0.21967]296it [02:19,  1.47it/s, lr=5.00e-03, Loss=nan, AvgLoss=nan, Acc=0.21094, AvgAcc=0.21964]297it [02:19,  1.71it/s, lr=5.00e-03, Loss=nan, AvgLoss=nan, Acc=0.21094, AvgAcc=0.21964]297it [02:19,  1.71it/s, lr=5.00e-03, Loss=nan, AvgLoss=nan, Acc=0.23242, AvgAcc=0.21969]298it [02:19,  2.11it/s, lr=5.00e-03, Loss=nan, AvgLoss=nan, Acc=0.23242, AvgAcc=0.21969]298it [02:20,  2.11it/s, lr=5.00e-03, Loss=nan, AvgLoss=nan, Acc=0.18750, AvgAcc=0.21958]299it [02:20,  2.54it/s, lr=5.00e-03, Loss=nan, AvgLoss=nan, Acc=0.18750, AvgAcc=0.21958]299it [02:20,  2.54it/s, lr=5.00e-03, Loss=nan, AvgLoss=nan, Acc=0.22852, AvgAcc=0.21961]299it [02:20,  2.13it/s, lr=5.00e-03, Loss=nan, AvgLoss=nan, Acc=0.22852, AvgAcc=0.21961]
[2025-12-08 09:51:21,326] INFO: Processed 153600 entries in total (avg. speed 1094.0 entries/s)
[2025-12-08 09:51:21,326] INFO: Train AvgLoss: nan, AvgAcc: 0.21961
[2025-12-08 09:51:21,326] INFO: Train class distribution: 
    [(0, 33732), (1, 26507), (2, 93361)]
[2025-12-08 09:51:21,563] INFO: Epoch #6 validating
0it [00:00, ?it/s]0it [00:00, ?it/s, Loss=nan, AvgLoss=nan, Acc=0.18945, AvgAcc=0.18945]0it [00:00, ?it/s, Loss=nan, AvgLoss=nan, Acc=0.25781, AvgAcc=0.22363]2it [00:00, 13.21it/s, Loss=nan, AvgLoss=nan, Acc=0.25781, AvgAcc=0.22363]2it [00:00, 13.21it/s, Loss=nan, AvgLoss=nan, Acc=0.19141, AvgAcc=0.21289]2it [00:00, 13.21it/s, Loss=nan, AvgLoss=nan, Acc=0.21680, AvgAcc=0.21387]4it [00:00, 13.46it/s, Loss=nan, AvgLoss=nan, Acc=0.21680, AvgAcc=0.21387]4it [00:00, 13.46it/s, Loss=nan, AvgLoss=nan, Acc=0.19922, AvgAcc=0.21094]4it [00:00, 13.46it/s, Loss=nan, AvgLoss=nan, Acc=0.25195, AvgAcc=0.21777]6it [00:00, 13.97it/s, Loss=nan, AvgLoss=nan, Acc=0.25195, AvgAcc=0.21777]6it [00:00, 13.97it/s, Loss=nan, AvgLoss=nan, Acc=0.22266, AvgAcc=0.21847]6it [00:00, 13.97it/s, Loss=nan, AvgLoss=nan, Acc=0.21289, AvgAcc=0.21777]8it [00:00,  7.54it/s, Loss=nan, AvgLoss=nan, Acc=0.21289, AvgAcc=0.21777]8it [00:00,  7.54it/s, Loss=nan, AvgLoss=nan, Acc=0.22461, AvgAcc=0.21853]8it [00:01,  7.54it/s, Loss=nan, AvgLoss=nan, Acc=0.19922, AvgAcc=0.21660]10it [00:01,  8.15it/s, Loss=nan, AvgLoss=nan, Acc=0.19922, AvgAcc=0.21660]10it [00:01,  8.15it/s, Loss=nan, AvgLoss=nan, Acc=0.20898, AvgAcc=0.21591]10it [00:01,  8.15it/s, Loss=nan, AvgLoss=nan, Acc=0.18750, AvgAcc=0.21354]12it [00:01,  8.19it/s, Loss=nan, AvgLoss=nan, Acc=0.18750, AvgAcc=0.21354]12it [00:01,  8.19it/s, Loss=nan, AvgLoss=nan, Acc=0.21094, AvgAcc=0.21334]13it [00:01,  8.04it/s, Loss=nan, AvgLoss=nan, Acc=0.21094, AvgAcc=0.21334]13it [00:01,  8.04it/s, Loss=nan, AvgLoss=nan, Acc=0.21289, AvgAcc=0.21331]14it [00:01,  8.03it/s, Loss=nan, AvgLoss=nan, Acc=0.21289, AvgAcc=0.21331]14it [00:01,  8.03it/s, Loss=nan, AvgLoss=nan, Acc=0.17578, AvgAcc=0.21081]14it [00:01,  8.03it/s, Loss=nan, AvgLoss=nan, Acc=0.21875, AvgAcc=0.21130]16it [00:01,  8.49it/s, Loss=nan, AvgLoss=nan, Acc=0.21875, AvgAcc=0.21130]16it [00:01,  8.49it/s, Loss=nan, AvgLoss=nan, Acc=0.23047, AvgAcc=0.21243]17it [00:01,  8.51it/s, Loss=nan, AvgLoss=nan, Acc=0.23047, AvgAcc=0.21243]17it [00:02,  8.51it/s, Loss=nan, AvgLoss=nan, Acc=0.21289, AvgAcc=0.21246]18it [00:02,  8.44it/s, Loss=nan, AvgLoss=nan, Acc=0.21289, AvgAcc=0.21246]18it [00:02,  8.44it/s, Loss=nan, AvgLoss=nan, Acc=0.19727, AvgAcc=0.21166]18it [00:02,  8.44it/s, Loss=nan, AvgLoss=nan, Acc=0.23828, AvgAcc=0.21299]20it [00:02,  7.13it/s, Loss=nan, AvgLoss=nan, Acc=0.23828, AvgAcc=0.21299]20it [00:02,  7.13it/s, Loss=nan, AvgLoss=nan, Acc=0.23438, AvgAcc=0.21401]21it [00:02,  7.33it/s, Loss=nan, AvgLoss=nan, Acc=0.23438, AvgAcc=0.21401]21it [00:02,  7.33it/s, Loss=nan, AvgLoss=nan, Acc=0.21289, AvgAcc=0.21396]22it [00:02,  7.44it/s, Loss=nan, AvgLoss=nan, Acc=0.21289, AvgAcc=0.21396]22it [00:02,  7.44it/s, Loss=nan, AvgLoss=nan, Acc=0.22070, AvgAcc=0.21425]22it [00:02,  7.44it/s, Loss=nan, AvgLoss=nan, Acc=0.20312, AvgAcc=0.21379]24it [00:02,  8.59it/s, Loss=nan, AvgLoss=nan, Acc=0.20312, AvgAcc=0.21379]24it [00:02,  8.59it/s, Loss=nan, AvgLoss=nan, Acc=0.22461, AvgAcc=0.21422]25it [00:02,  8.12it/s, Loss=nan, AvgLoss=nan, Acc=0.22461, AvgAcc=0.21422]25it [00:03,  8.12it/s, Loss=nan, AvgLoss=nan, Acc=0.25977, AvgAcc=0.21597]26it [00:03,  8.00it/s, Loss=nan, AvgLoss=nan, Acc=0.25977, AvgAcc=0.21597]26it [00:03,  8.00it/s, Loss=nan, AvgLoss=nan, Acc=0.22266, AvgAcc=0.21622]27it [00:03,  7.90it/s, Loss=nan, AvgLoss=nan, Acc=0.22266, AvgAcc=0.21622]27it [00:03,  7.90it/s, Loss=nan, AvgLoss=nan, Acc=0.19141, AvgAcc=0.21533]28it [00:03,  7.81it/s, Loss=nan, AvgLoss=nan, Acc=0.19141, AvgAcc=0.21533]28it [00:03,  7.81it/s, Loss=nan, AvgLoss=nan, Acc=0.23438, AvgAcc=0.21599]29it [00:03,  7.95it/s, Loss=nan, AvgLoss=nan, Acc=0.23438, AvgAcc=0.21599]29it [00:03,  7.95it/s, Loss=nan, AvgLoss=nan, Acc=0.23438, AvgAcc=0.21660]30it [00:03,  8.36it/s, Loss=nan, AvgLoss=nan, Acc=0.23438, AvgAcc=0.21660]30it [00:03,  8.36it/s, Loss=nan, AvgLoss=nan, Acc=0.23633, AvgAcc=0.21724]30it [00:03,  8.36it/s, Loss=nan, AvgLoss=nan, Acc=0.22266, AvgAcc=0.21741]32it [00:03,  8.89it/s, Loss=nan, AvgLoss=nan, Acc=0.22266, AvgAcc=0.21741]32it [00:04,  8.89it/s, Loss=nan, AvgLoss=nan, Acc=0.20117, AvgAcc=0.21692]33it [00:04,  6.88it/s, Loss=nan, AvgLoss=nan, Acc=0.20117, AvgAcc=0.21692]33it [00:04,  6.88it/s, Loss=nan, AvgLoss=nan, Acc=0.23438, AvgAcc=0.21743]34it [00:04,  7.06it/s, Loss=nan, AvgLoss=nan, Acc=0.23438, AvgAcc=0.21743]34it [00:04,  7.06it/s, Loss=nan, AvgLoss=nan, Acc=0.19531, AvgAcc=0.21680]35it [00:04,  7.41it/s, Loss=nan, AvgLoss=nan, Acc=0.19531, AvgAcc=0.21680]35it [00:04,  7.41it/s, Loss=nan, AvgLoss=nan, Acc=0.22656, AvgAcc=0.21707]35it [00:04,  7.41it/s, Loss=nan, AvgLoss=nan, Acc=0.21094, AvgAcc=0.21690]37it [00:04,  8.17it/s, Loss=nan, AvgLoss=nan, Acc=0.21094, AvgAcc=0.21690]37it [00:04,  8.17it/s, Loss=nan, AvgLoss=nan, Acc=0.23828, AvgAcc=0.21747]38it [00:04,  8.34it/s, Loss=nan, AvgLoss=nan, Acc=0.23828, AvgAcc=0.21747]38it [00:04,  8.34it/s, Loss=nan, AvgLoss=nan, Acc=0.21680, AvgAcc=0.21745]39it [00:04,  7.97it/s, Loss=nan, AvgLoss=nan, Acc=0.21680, AvgAcc=0.21745]39it [00:04,  7.97it/s, Loss=nan, AvgLoss=nan, Acc=0.22070, AvgAcc=0.21753]39it [00:04,  7.97it/s, Loss=nan, AvgLoss=nan, Acc=0.20312, AvgAcc=0.21718]41it [00:04,  8.54it/s, Loss=nan, AvgLoss=nan, Acc=0.20312, AvgAcc=0.21718]41it [00:05,  8.54it/s, Loss=nan, AvgLoss=nan, Acc=0.23242, AvgAcc=0.21754]42it [00:05,  8.33it/s, Loss=nan, AvgLoss=nan, Acc=0.23242, AvgAcc=0.21754]42it [00:05,  8.33it/s, Loss=nan, AvgLoss=nan, Acc=0.21289, AvgAcc=0.21743]43it [00:05,  8.33it/s, Loss=nan, AvgLoss=nan, Acc=0.21289, AvgAcc=0.21743]43it [00:05,  8.33it/s, Loss=nan, AvgLoss=nan, Acc=0.20508, AvgAcc=0.21715]43it [00:26,  8.33it/s, Loss=nan, AvgLoss=nan, Acc=0.20508, AvgAcc=0.21688]45it [00:26,  4.47s/it, Loss=nan, AvgLoss=nan, Acc=0.20508, AvgAcc=0.21688]45it [00:26,  4.47s/it, Loss=nan, AvgLoss=nan, Acc=0.20898, AvgAcc=0.21671]45it [00:26,  4.47s/it, Loss=nan, AvgLoss=nan, Acc=0.25000, AvgAcc=0.21742]47it [00:26,  2.84s/it, Loss=nan, AvgLoss=nan, Acc=0.25000, AvgAcc=0.21742]47it [00:26,  2.84s/it, Loss=nan, AvgLoss=nan, Acc=0.22656, AvgAcc=0.21761]47it [00:26,  2.84s/it, Loss=nan, AvgLoss=nan, Acc=0.18945, AvgAcc=0.21704]49it [00:26,  1.88s/it, Loss=nan, AvgLoss=nan, Acc=0.18945, AvgAcc=0.21704]49it [00:26,  1.88s/it, Loss=nan, AvgLoss=nan, Acc=0.21094, AvgAcc=0.21691]49it [00:26,  1.88s/it, Loss=nan, AvgLoss=nan, Acc=0.21289, AvgAcc=0.21684]51it [00:26,  1.28s/it, Loss=nan, AvgLoss=nan, Acc=0.21289, AvgAcc=0.21684]51it [00:27,  1.28s/it, Loss=nan, AvgLoss=nan, Acc=0.25195, AvgAcc=0.21751]51it [00:27,  1.28s/it, Loss=nan, AvgLoss=nan, Acc=0.22266, AvgAcc=0.21761]53it [00:27,  1.11it/s, Loss=nan, AvgLoss=nan, Acc=0.22266, AvgAcc=0.21761]53it [00:27,  1.11it/s, Loss=nan, AvgLoss=nan, Acc=0.23047, AvgAcc=0.21785]53it [00:27,  1.11it/s, Loss=nan, AvgLoss=nan, Acc=0.22656, AvgAcc=0.21800]55it [00:27,  1.56it/s, Loss=nan, AvgLoss=nan, Acc=0.22656, AvgAcc=0.21800]55it [00:27,  1.56it/s, Loss=nan, AvgLoss=nan, Acc=0.23047, AvgAcc=0.21823]55it [00:27,  1.56it/s, Loss=nan, AvgLoss=nan, Acc=0.22070, AvgAcc=0.21827]57it [00:27,  2.15it/s, Loss=nan, AvgLoss=nan, Acc=0.22070, AvgAcc=0.21827]57it [00:27,  2.15it/s, Loss=nan, AvgLoss=nan, Acc=0.23047, AvgAcc=0.21848]57it [00:27,  2.15it/s, Loss=nan, AvgLoss=nan, Acc=0.22852, AvgAcc=0.21865]59it [00:27,  2.91it/s, Loss=nan, AvgLoss=nan, Acc=0.22852, AvgAcc=0.21865]59it [00:27,  2.91it/s, Loss=nan, AvgLoss=nan, Acc=0.24219, AvgAcc=0.21904]59it [00:27,  2.91it/s, Loss=nan, AvgLoss=nan, Acc=0.20117, AvgAcc=0.21875]61it [00:27,  3.82it/s, Loss=nan, AvgLoss=nan, Acc=0.20117, AvgAcc=0.21875]61it [00:27,  3.82it/s, Loss=nan, AvgLoss=nan, Acc=0.20312, AvgAcc=0.21850]61it [00:27,  3.82it/s, Loss=nan, AvgLoss=nan, Acc=0.20117, AvgAcc=0.21822]63it [00:27,  4.90it/s, Loss=nan, AvgLoss=nan, Acc=0.20117, AvgAcc=0.21822]63it [00:27,  4.90it/s, Loss=nan, AvgLoss=nan, Acc=0.18164, AvgAcc=0.21765]63it [00:28,  4.90it/s, Loss=nan, AvgLoss=nan, Acc=0.21875, AvgAcc=0.21767]65it [00:28,  5.90it/s, Loss=nan, AvgLoss=nan, Acc=0.21875, AvgAcc=0.21767]65it [00:28,  5.90it/s, Loss=nan, AvgLoss=nan, Acc=0.23438, AvgAcc=0.21792]65it [00:28,  5.90it/s, Loss=nan, AvgLoss=nan, Acc=0.23633, AvgAcc=0.21820]67it [00:28,  5.91it/s, Loss=nan, AvgLoss=nan, Acc=0.23633, AvgAcc=0.21820]67it [00:28,  5.91it/s, Loss=nan, AvgLoss=nan, Acc=0.20508, AvgAcc=0.21800]67it [00:28,  5.91it/s, Loss=nan, AvgLoss=nan, Acc=0.21094, AvgAcc=0.21790]69it [00:28,  7.17it/s, Loss=nan, AvgLoss=nan, Acc=0.21094, AvgAcc=0.21790]69it [00:28,  7.17it/s, Loss=nan, AvgLoss=nan, Acc=0.24805, AvgAcc=0.21833]69it [00:28,  7.17it/s, Loss=nan, AvgLoss=nan, Acc=0.24023, AvgAcc=0.21864]71it [00:28,  7.95it/s, Loss=nan, AvgLoss=nan, Acc=0.24023, AvgAcc=0.21864]71it [00:28,  7.95it/s, Loss=nan, AvgLoss=nan, Acc=0.22461, AvgAcc=0.21872]71it [00:28,  7.95it/s, Loss=nan, AvgLoss=nan, Acc=0.22852, AvgAcc=0.21886]73it [00:28,  9.10it/s, Loss=nan, AvgLoss=nan, Acc=0.22852, AvgAcc=0.21886]73it [00:28,  9.10it/s, Loss=nan, AvgLoss=nan, Acc=0.21094, AvgAcc=0.21875]73it [00:29,  9.10it/s, Loss=nan, AvgLoss=nan, Acc=0.25391, AvgAcc=0.21922]74it [00:29,  2.55it/s, Loss=nan, AvgLoss=nan, Acc=0.25391, AvgAcc=0.21922]
[2025-12-08 09:51:50,565] INFO: Processed 38400 entries in total (avg. speed 1324.1 entries/s)
[2025-12-08 09:51:50,565] INFO: Evaluation class distribution: 
    [(0, 8418), (1, 6606), (2, 23376)]
[2025-12-08 09:51:50,567] ERROR: Input contains NaN.
[2025-12-08 09:51:50,626] ERROR: Input contains NaN.
[2025-12-08 09:51:50,627] INFO: Evaluation metrics: 
    - roc_auc_score: 
None
    - roc_auc_score_matrix: 
None
    - confusion_matrix: 
[[1. 0. 0.]
 [1. 0. 0.]
 [1. 0. 0.]]
[2025-12-08 09:51:50,632] INFO: Pairwise ROC AUC:
[2025-12-08 09:51:50,632] INFO: [1mEpoch #6: Current validation metric: 0.21922 (best: 0.22268)[0m
[2025-12-08 09:51:50,632] INFO: --------------------------------------------------
[2025-12-08 09:51:50,632] INFO: Epoch #7 training
0it [00:00, ?it/s]/oscar/home/tgillin/files/weaver-core/weaver/utils/nn/tools.py:125: FutureWarning: `torch.cuda.amp.autocast(args...)` is deprecated. Please use `torch.amp.autocast('cuda', args...)` instead.
  with torch.cuda.amp.autocast(enabled=grad_scaler is not None):
/oscar/home/tgillin/files/weaver-core/weaver/nn/model/ParticleTransformer.py:549: FutureWarning: `torch.cuda.amp.autocast(args...)` is deprecated. Please use `torch.amp.autocast('cuda', args...)` instead.
  with torch.cuda.amp.autocast(enabled=self.use_amp):
/users/tgillin/miniconda3/envs/weaver/lib/python3.10/site-packages/torch/nn/functional.py:6041: UserWarning: Support for mismatched key_padding_mask and attn_mask is deprecated. Use same type for both instead.
  warnings.warn(
0it [00:00, ?it/s, lr=5.00e-03, Loss=nan, AvgLoss=nan, Acc=0.21094, AvgAcc=0.21094]1it [00:00,  4.37it/s, lr=5.00e-03, Loss=nan, AvgLoss=nan, Acc=0.21094, AvgAcc=0.21094]1it [00:00,  4.37it/s, lr=5.00e-03, Loss=nan, AvgLoss=nan, Acc=0.22461, AvgAcc=0.21777]2it [00:00,  4.66it/s, lr=5.00e-03, Loss=nan, AvgLoss=nan, Acc=0.22461, AvgAcc=0.21777]2it [00:00,  4.66it/s, lr=5.00e-03, Loss=nan, AvgLoss=nan, Acc=0.20703, AvgAcc=0.21419]3it [00:00,  4.84it/s, lr=5.00e-03, Loss=nan, AvgLoss=nan, Acc=0.20703, AvgAcc=0.21419]3it [00:00,  4.84it/s, lr=5.00e-03, Loss=nan, AvgLoss=nan, Acc=0.23828, AvgAcc=0.22021]4it [00:00,  3.78it/s, lr=5.00e-03, Loss=nan, AvgLoss=nan, Acc=0.23828, AvgAcc=0.22021]4it [00:01,  3.78it/s, lr=5.00e-03, Loss=nan, AvgLoss=nan, Acc=0.22266, AvgAcc=0.22070]5it [00:01,  4.04it/s, lr=5.00e-03, Loss=nan, AvgLoss=nan, Acc=0.22266, AvgAcc=0.22070]5it [00:01,  4.04it/s, lr=5.00e-03, Loss=nan, AvgLoss=nan, Acc=0.20703, AvgAcc=0.21842]6it [00:01,  4.33it/s, lr=5.00e-03, Loss=nan, AvgLoss=nan, Acc=0.20703, AvgAcc=0.21842]6it [00:01,  4.33it/s, lr=5.00e-03, Loss=nan, AvgLoss=nan, Acc=0.20898, AvgAcc=0.21708]7it [00:01,  4.28it/s, lr=5.00e-03, Loss=nan, AvgLoss=nan, Acc=0.20898, AvgAcc=0.21708]7it [00:01,  4.28it/s, lr=5.00e-03, Loss=nan, AvgLoss=nan, Acc=0.19727, AvgAcc=0.21460]8it [00:01,  4.42it/s, lr=5.00e-03, Loss=nan, AvgLoss=nan, Acc=0.19727, AvgAcc=0.21460]8it [00:02,  4.42it/s, lr=5.00e-03, Loss=nan, AvgLoss=nan, Acc=0.19727, AvgAcc=0.21267]9it [00:02,  3.78it/s, lr=5.00e-03, Loss=nan, AvgLoss=nan, Acc=0.19727, AvgAcc=0.21267]9it [00:02,  3.78it/s, lr=5.00e-03, Loss=nan, AvgLoss=nan, Acc=0.19531, AvgAcc=0.21094]10it [00:02,  4.07it/s, lr=5.00e-03, Loss=nan, AvgLoss=nan, Acc=0.19531, AvgAcc=0.21094]10it [00:02,  4.07it/s, lr=5.00e-03, Loss=nan, AvgLoss=nan, Acc=0.20312, AvgAcc=0.21023]11it [00:02,  4.27it/s, lr=5.00e-03, Loss=nan, AvgLoss=nan, Acc=0.20312, AvgAcc=0.21023]11it [00:02,  4.27it/s, lr=5.00e-03, Loss=nan, AvgLoss=nan, Acc=0.21484, AvgAcc=0.21061]12it [00:02,  4.38it/s, lr=5.00e-03, Loss=nan, AvgLoss=nan, Acc=0.21484, AvgAcc=0.21061]12it [00:03,  4.38it/s, lr=5.00e-03, Loss=nan, AvgLoss=nan, Acc=0.23242, AvgAcc=0.21229]13it [00:03,  4.44it/s, lr=5.00e-03, Loss=nan, AvgLoss=nan, Acc=0.23242, AvgAcc=0.21229]13it [00:03,  4.44it/s, lr=5.00e-03, Loss=nan, AvgLoss=nan, Acc=0.19141, AvgAcc=0.21080]14it [00:03,  4.49it/s, lr=5.00e-03, Loss=nan, AvgLoss=nan, Acc=0.19141, AvgAcc=0.21080]14it [00:03,  4.49it/s, lr=5.00e-03, Loss=nan, AvgLoss=nan, Acc=0.20703, AvgAcc=0.21055]15it [00:03,  3.61it/s, lr=5.00e-03, Loss=nan, AvgLoss=nan, Acc=0.20703, AvgAcc=0.21055]15it [00:03,  3.61it/s, lr=5.00e-03, Loss=nan, AvgLoss=nan, Acc=0.21484, AvgAcc=0.21082]16it [00:03,  3.94it/s, lr=5.00e-03, Loss=nan, AvgLoss=nan, Acc=0.21484, AvgAcc=0.21082]16it [00:04,  3.94it/s, lr=5.00e-03, Loss=nan, AvgLoss=nan, Acc=0.20117, AvgAcc=0.21025]17it [00:04,  4.08it/s, lr=5.00e-03, Loss=nan, AvgLoss=nan, Acc=0.20117, AvgAcc=0.21025]17it [00:04,  4.08it/s, lr=5.00e-03, Loss=nan, AvgLoss=nan, Acc=0.22656, AvgAcc=0.21115]18it [00:04,  4.29it/s, lr=5.00e-03, Loss=nan, AvgLoss=nan, Acc=0.22656, AvgAcc=0.21115]18it [00:04,  4.29it/s, lr=5.00e-03, Loss=nan, AvgLoss=nan, Acc=0.24609, AvgAcc=0.21299]19it [00:04,  4.38it/s, lr=5.00e-03, Loss=nan, AvgLoss=nan, Acc=0.24609, AvgAcc=0.21299]19it [00:04,  4.38it/s, lr=5.00e-03, Loss=nan, AvgLoss=nan, Acc=0.17188, AvgAcc=0.21094]20it [00:04,  3.69it/s, lr=5.00e-03, Loss=nan, AvgLoss=nan, Acc=0.17188, AvgAcc=0.21094]20it [00:05,  3.69it/s, lr=5.00e-03, Loss=nan, AvgLoss=nan, Acc=0.19141, AvgAcc=0.21001]21it [00:05,  3.92it/s, lr=5.00e-03, Loss=nan, AvgLoss=nan, Acc=0.19141, AvgAcc=0.21001]21it [00:05,  3.92it/s, lr=5.00e-03, Loss=nan, AvgLoss=nan, Acc=0.23047, AvgAcc=0.21094]22it [00:05,  4.12it/s, lr=5.00e-03, Loss=nan, AvgLoss=nan, Acc=0.23047, AvgAcc=0.21094]22it [00:05,  4.12it/s, lr=5.00e-03, Loss=nan, AvgLoss=nan, Acc=0.21680, AvgAcc=0.21119]23it [00:05,  4.35it/s, lr=5.00e-03, Loss=nan, AvgLoss=nan, Acc=0.21680, AvgAcc=0.21119]23it [00:05,  4.35it/s, lr=5.00e-03, Loss=nan, AvgLoss=nan, Acc=0.21484, AvgAcc=0.21134]24it [00:05,  4.51it/s, lr=5.00e-03, Loss=nan, AvgLoss=nan, Acc=0.21484, AvgAcc=0.21134]24it [00:05,  4.51it/s, lr=5.00e-03, Loss=nan, AvgLoss=nan, Acc=0.25586, AvgAcc=0.21313]25it [00:05,  4.55it/s, lr=5.00e-03, Loss=nan, AvgLoss=nan, Acc=0.25586, AvgAcc=0.21313]25it [00:06,  4.55it/s, lr=5.00e-03, Loss=nan, AvgLoss=nan, Acc=0.21484, AvgAcc=0.21319]26it [00:06,  3.97it/s, lr=5.00e-03, Loss=nan, AvgLoss=nan, Acc=0.21484, AvgAcc=0.21319]26it [00:06,  3.97it/s, lr=5.00e-03, Loss=nan, AvgLoss=nan, Acc=0.22461, AvgAcc=0.21361]27it [00:06,  4.07it/s, lr=5.00e-03, Loss=nan, AvgLoss=nan, Acc=0.22461, AvgAcc=0.21361]27it [00:06,  4.07it/s, lr=5.00e-03, Loss=nan, AvgLoss=nan, Acc=0.20508, AvgAcc=0.21331]28it [00:06,  4.38it/s, lr=5.00e-03, Loss=nan, AvgLoss=nan, Acc=0.20508, AvgAcc=0.21331]28it [00:06,  4.38it/s, lr=5.00e-03, Loss=nan, AvgLoss=nan, Acc=0.24609, AvgAcc=0.21444]29it [00:06,  3.97it/s, lr=5.00e-03, Loss=nan, AvgLoss=nan, Acc=0.24609, AvgAcc=0.21444]29it [00:07,  3.97it/s, lr=5.00e-03, Loss=nan, AvgLoss=nan, Acc=0.21875, AvgAcc=0.21458]30it [00:07,  3.76it/s, lr=5.00e-03, Loss=nan, AvgLoss=nan, Acc=0.21875, AvgAcc=0.21458]30it [00:07,  3.76it/s, lr=5.00e-03, Loss=nan, AvgLoss=nan, Acc=0.19727, AvgAcc=0.21402]31it [00:07,  3.09it/s, lr=5.00e-03, Loss=nan, AvgLoss=nan, Acc=0.19727, AvgAcc=0.21402]31it [00:08,  3.09it/s, lr=5.00e-03, Loss=nan, AvgLoss=nan, Acc=0.22656, AvgAcc=0.21442]32it [00:08,  3.18it/s, lr=5.00e-03, Loss=nan, AvgLoss=nan, Acc=0.22656, AvgAcc=0.21442]slurmstepd: error: *** JOB 14740572 ON gpu1403 CANCELLED AT 2025-12-08T09:51:58 ***
